Time,X,Y,Vx,Vy,Ax,Ay,Radius,KineticEnergy,XExact,YExact,VxExact,VyExact,AxExact,AyExact,RadiusExact,KineticEnergyExact,XError,YError,VxError,VyError,AxError,AyError,KineticEnergyError,RadiusError
0.000000,2.000000,0.000000,0.000000,3.000000,-4.500000,-0.000000,2.000000,4.500000,2.000000,0.000000,-0.000000,3.000000,-4.500000,-0.000000,2.000000,4.500000,0.000000,0.000000,0.000000,0.000000,0.000000,0.000000,0.000000,0.000000
0.010000,1.999775,0.029999,-0.044998,2.999663,-4.499494,-0.067497,2.000000,4.500000,1.999775,0.029999,-0.044998,2.999663,-4.499494,-0.067497,2.000000,4.500000,0.000000,-0.000000,0.000000,0.000000,-0.000000,0.000000,-0.000000,-0.000000
0.020000,1.999100,0.059991,-0.089987,2.998650,-4.497975,-0.134980,2.000000,4.500000,1.999100,0.059991,-0.089987,2.998650,-4.497975,-0.134980,2.000000,4.500000,0.000000,-0.000000,0.000000,0.000000,-0.000000,0.000000,-0.000000,-0.000000
0.030000,1.997975,0.089970,-0.134954,2.996963,-4.495445,-0.202432,2.000000,4.500000,1.997975,0.089970,-0.134954,2.996963,-4.495445,-0.202432,2.000000,4.500000,0.000000,-0.000000,0.000000,0.000000,-0.000000,0.000000,-0.000000,-0.000000
0.040000,1.996401,0.119928,-0.179892,2.994602,-4.491902,-0.269838,2.000000,4.500000,1.996401,0.119928,-0.179892,2.994602,-4.491902,-0.269838,2.000000,4.500000,0.000000,-0.000000,0.000000,0.000000,-0.000000,0.000000,-0.000000,-0.000000
0.050000,1.994378,0.149859,-0.224789,2.991566,-4.487350,-0.337184,2.000000,4.500000,1.994378,0.149859,-0.224789,2.991566,-4.487350,-0.337184,2.000000,4.500000,0.000000,-0.000000,0.000000,0.000000,-0.000000,0.000000,-0.000000,-0.000000
0.060000,1.991905,0.179757,-0.269636,2.987858,-4.481787,-0.404453,2.000000,4.500000,1.991905,0.179757,-0.269636,2.987858,-4.481787,-0.404453,2.000000,4.500000,0.000000,-0.000000,0.000000,0.000000,-0.000000,0.000000,-0.000000,-0.000000
0.070000,1.988985,0.209614,-0.314422,2.983478,-4.475217,-0.471632,2.000000,4.500000,1.988985,0.209614,-0.314422,2.983478,-4.475217,-0.471632,2.000000,4.500000,0.000000,-0.000000,0.000000,0.000000,-0.000000,0.000000,-0.000000,-0.000000
0.080000,1.985617,0.239424,-0.359137,2.978426,-4.467639,-0.538705,2.000000,4.500000,1.985617,0.239424,-0.359137,2.978426,-4.467639,-0.538705,2.000000,4.500000,0.000000,-0.000000,0.000000,0.000000,-0.000000,0.000000,-0.000000,-0.000000
0.090000,1.981803,0.269181,-0.403771,2.972704,-4.459056,-0.605656,2.000000,4.500000,1.981803,0.269181,-0.403771,2.972704,-4.459056,-0.605656,2.000000,4.500000,0.000000,-0.000000,0.000000,0.000000,-0.000000,0.000000,-0.000000,-0.000000
0.100000,1.977542,0.298876,-0.448314,2.966313,-4.449470,-0.672472,2.000000,4.500000,1.977542,0.298876,-0.448314,2.966313,-4.449470,-0.672472,2.000000,4.500000,0.000000,-0.000000,0.000000,0.000000,-0.000000,0.000000,-0.000000,-0.000000
0.110000,1.972837,0.328505,-0.492757,2.959255,-4.438883,-0.739135,2.000000,4.500000,1.972837,0.328505,-0.492757,2.959255,-4.438883,-0.739135,2.000000,4.500000,0.000000,-0.000000,0.000000,0.000000,-0.000000,0.000000,-0.000000,-0.000000
0.120000,1.967687,0.358059,-0.537089,2.951531,-4.427297,-0.805633,2.000000,4.500000,1.967687,0.358059,-0.537089,2.951531,-4.427297,-0.805633,2.000000,4.500000,0.000000,-0.000000,0.000000,0.000000,-0.000000,0.000000,-0.000000,-0.000000
0.130000,1.962095,0.387533,-0.581300,2.943143,-4.414715,-0.871949,2.000000,4.500000,1.962095,0.387533,-0.581300,2.943143,-4.414715,-0.871949,2.000000,4.500000,0.000000,-0.000000,0.000000,0.000000,-0.000000,0.000000,-0.000000,-0.000000
0.140000,1.956062,0.416920,-0.625380,2.934093,-4.401139,-0.938070,2.000000,4.500000,1.956062,0.416920,-0.625380,2.934093,-4.401139,-0.938070,2.000000,4.500000,0.000000,-0.000000,0.000000,0.000000,-0.000000,0.000000,-0.000000,-0.000000
0.150000,1.949588,0.446213,-0.669319,2.924382,-4.386573,-1.003979,2.000000,4.500000,1.949588,0.446213,-0.669319,2.924382,-4.386573,-1.003979,2.000000,4.500000,0.000000,-0.000000,0.000000,0.000000,-0.000000,0.000000,-0.000000,-0.000000
0.160000,1.942676,0.475405,-0.713108,2.914014,-4.371021,-1.069662,2.000000,4.500000,1.942676,0.475405,-0.713108,2.914014,-4.371021,-1.069662,2.000000,4.500000,0.000000,-0.000000,0.000000,0.000000,-0.000000,0.000000,-0.000000,-0.000000
0.170000,1.935327,0.504491,-0.756736,2.902990,-4.354485,-1.135104,2.000000,4.500000,1.935327,0.504491,-0.756736,2.902990,-4.354485,-1.135104,2.000000,4.500000,0.000000,-0.000000,0.000000,0.000000,-0.000000,0.000000,-0.000000,-0.000000
0.180000,1.927542,0.533463,-0.800194,2.891313,-4.336969,-1.200291,2.000000,4.500000,1.927542,0.533463,-0.800194,2.891313,-4.336969,-1.200291,2.000000,4.500000,0.000000,-0.000000,0.000000,0.000000,-0.000000,0.000000,-0.000000,-0.000000
0.190000,1.919323,0.562315,-0.843472,2.878985,-4.318477,-1.265209,2.000000,4.500000,1.919323,0.562315,-0.843472,2.878985,-4.318477,-1.265209,2.000000,4.500000,0.000000,-0.000000,0.000000,0.000000,-0.000000,0.000000,-0.000000,-0.000000
0.200000,1.910673,0.591040,-0.886561,2.866009,-4.299014,-1.329841,2.000000,4.500000,1.910673,0.591040,-0.886561,2.866009,-4.299014,-1.329841,2.000000,4.500000,0.000000,-0.000000,0.000000,0.000000,-0.000000,0.000000,-0.000000,-0.000000
0.210000,1.901593,0.619633,-0.929449,2.852389,-4.278584,-1.394174,2.000000,4.500000,1.901593,0.619633,-0.929449,2.852389,-4.278584,-1.394174,2.000000,4.500000,0.000000,-0.000000,0.000000,0.000000,-0.000000,0.000000,-0.000000,-0.000000
0.220000,1.892085,0.648086,-0.972129,2.838127,-4.257191,-1.458194,2.000000,4.500000,1.892085,0.648086,-0.972129,2.838127,-4.257191,-1.458194,2.000000,4.500000,0.000000,-0.000000,0.000000,0.000000,-0.000000,0.000000,-0.000000,-0.000000
0.230000,1.882151,0.676393,-1.014590,2.823226,-4.234840,-1.521885,2.000000,4.500000,1.882151,0.676393,-1.014590,2.823226,-4.234840,-1.521885,2.000000,4.500000,0.000000,-0.000000,0.000000,0.000000,-0.000000,0.000000,-0.000000,-0.000000
0.240000,1.871794,0.704548,-1.056823,2.807690,-4.211536,-1.585234,2.000000,4.500000,1.871794,0.704548,-1.056823,2.807690,-4.211536,-1.585234,2.000000,4.500000,0.000000,-0.000000,0.000000,0.000000,-0.000000,0.000000,-0.000000,-0.000000
0.250000,1.861015,0.732545,-1.098818,2.791523,-4.187284,-1.648226,2.000000,4.500000,1.861015,0.732545,-1.098818,2.791523,-4.187284,-1.648226,2.000000,4.500000,0.000000,-0.000000,0.000000,0.000000,-0.000000,0.000000,-0.000000,-0.000000
0.260000,1.849818,0.760377,-1.140565,2.774727,-4.162091,-1.710848,2.000000,4.500000,1.849818,0.760377,-1.140565,2.774727,-4.162091,-1.710848,2.000000,4.500000,0.000000,-0.000000,0.000000,0.000000,-0.000000,0.000000,-0.000000,-0.000000
0.270000,1.838205,0.788038,-1.182056,2.757307,-4.135961,-1.773084,2.000000,4.500000,1.838205,0.788038,-1.182056,2.757307,-4.135961,-1.773084,2.000000,4.500000,0.000000,-0.000000,0.000000,0.000000,-0.000000,0.000000,-0.000000,-0.000000
0.280000,1.826178,0.815521,-1.223281,2.739267,-4.108900,-1.834922,2.000000,4.500000,1.826178,0.815521,-1.223281,2.739267,-4.108900,-1.834922,2.000000,4.500000,0.000000,-0.000000,0.000000,0.000000,-0.000000,0.000000,-0.000000,-0.000000
0.290000,1.813740,0.842821,-1.264231,2.720610,-4.080915,-1.896347,2.000000,4.500000,1.813740,0.842821,-1.264231,2.720610,-4.080915,-1.896347,2.000000,4.500000,0.000000,-0.000000,0.000000,0.000000,-0.000000,0.000000,-0.000000,-0.000000
0.300000,1.800894,0.869931,-1.304897,2.701341,-4.052012,-1.957345,2.000000,4.500000,1.800894,0.869931,-1.304897,2.701341,-4.052012,-1.957345,2.000000,4.500000,0.000000,-0.000000,0.000000,0.000000,-0.000000,0.000000,-0.000000,-0.000000
0.310000,1.787643,0.896846,-1.345268,2.681465,-4.022197,-2.017903,2.000000,4.500000,1.787643,0.896846,-1.345268,2.681465,-4.022197,-2.017903,2.000000,4.500000,0.000000,-0.000000,0.000000,0.000000,-0.000000,0.000000,-0.000000,-0.000000
0.320000,1.773990,0.923558,-1.385338,2.660985,-3.991477,-2.078006,2.000000,4.500000,1.773990,0.923558,-1.385338,2.660985,-3.991477,-2.078006,2.000000,4.500000,0.000000,-0.000000,0.000000,0.000000,-0.000000,0.000000,-0.000000,-0.000000
0.330000,1.759937,0.950063,-1.425095,2.639906,-3.959859,-2.137642,2.000000,4.500000,1.759937,0.950063,-1.425095,2.639906,-3.959859,-2.137642,2.000000,4.500000,0.000000,-0.000000,0.000000,0.000000,-0.000000,0.000000,-0.000000,-0.000000
0.340000,1.745489,0.976354,-1.464532,2.618234,-3.927350,-2.196798,2.000000,4.500000,1.745489,0.976354,-1.464532,2.618234,-3.927350,-2.196798,2.000000,4.500000,0.000000,-0.000000,0.000000,0.000000,-0.000000,0.000000,-0.000000,-0.000000
0.350000,1.730648,1.002426,-1.503639,2.595972,-3.893958,-2.255459,2.000000,4.500000,1.730648,1.002426,-1.503639,2.595972,-3.893958,-2.255459,2.000000,4.500000,0.000000,-0.000000,0.000000,0.000000,-0.000000,0.000000,-0.000000,-0.000000
0.360000,1.715417,1.028272,-1.542408,2.573126,-3.859689,-2.313612,2.000000,4.500000,1.715417,1.028272,-1.542408,2.573126,-3.859689,-2.313612,2.000000,4.500000,0.000000,-0.000000,0.000000,0.000000,-0.000000,0.000000,-0.000000,-0.000000
0.370000,1.699801,1.053887,-1.580830,2.549701,-3.824552,-2.371245,2.000000,4.500000,1.699801,1.053887,-1.580830,2.549701,-3.824552,-2.371245,2.000000,4.500000,0.000000,-0.000000,0.000000,0.000000,-0.000000,0.000000,-0.000000,-0.000000
0.380000,1.683802,1.079264,-1.618896,2.525703,-3.788554,-2.428344,2.000000,4.500000,1.683802,1.079264,-1.618896,2.525703,-3.788554,-2.428344,2.000000,4.500000,0.000000,-0.000000,0.000000,0.000000,-0.000000,0.000000,-0.000000,-0.000000
0.390000,1.667424,1.104399,-1.656598,2.501136,-3.751704,-2.484897,2.000000,4.500000,1.667424,1.104399,-1.656598,2.501136,-3.751704,-2.484897,2.000000,4.500000,0.000000,-0.000000,0.000000,0.000000,-0.000000,0.000000,-0.000000,-0.000000
0.400000,1.650671,1.129285,-1.693927,2.476007,-3.714010,-2.540891,2.000000,4.500000,1.650671,1.129285,-1.693927,2.476007,-3.714010,-2.540891,2.000000,4.500000,0.000000,-0.000000,0.000000,0.000000,-0.000000,0.000000,-0.000000,-0.000000
0.410000,1.633547,1.153917,-1.730876,2.450320,-3.675481,-2.596313,2.000000,4.500000,1.633547,1.153917,-1.730876,2.450320,-3.675481,-2.596313,2.000000,4.500000,0.000000,-0.000000,0.000000,0.000000,-0.000000,0.000000,-0.000000,-0.000000
0.420000,1.616055,1.178290,-1.767434,2.424083,-3.636124,-2.651151,2.000000,4.500000,1.616055,1.178290,-1.767434,2.424083,-3.636124,-2.651151,2.000000,4.500000,0.000000,-0.000000,0.000000,0.000000,-0.000000,0.000000,-0.000000,-0.000000
0.430000,1.598200,1.202397,-1.803595,2.397299,-3.595949,-2.705393,2.000000,4.500000,1.598200,1.202397,-1.803595,2.397299,-3.595949,-2.705393,2.000000,4.500000,0.000000,-0.000000,0.000000,0.000000,-0.000000,0.000000,-0.000000,-0.000000
0.440000,1.579984,1.226234,-1.839351,2.369977,-3.554965,-2.759026,2.000000,4.500000,1.579984,1.226234,-1.839351,2.369977,-3.554965,-2.759026,2.000000,4.500000,0.000000,-0.000000,0.000000,0.000000,-0.000000,0.000000,-0.000000,-0.000000
0.450000,1.561414,1.249795,-1.874692,2.342121,-3.513181,-2.812038,2.000000,4.500000,1.561414,1.249795,-1.874692,2.342121,-3.513181,-2.812038,2.000000,4.500000,0.000000,-0.000000,0.000000,0.000000,-0.000000,0.000000,-0.000000,-0.000000
0.460000,1.542492,1.273074,-1.909612,2.313738,-3.470607,-2.864417,2.000000,4.500000,1.542492,1.273074,-1.909612,2.313738,-3.470607,-2.864417,2.000000,4.500000,0.000000,-0.000000,0.000000,0.000000,-0.000000,0.000000,-0.000000,-0.000000
0.470000,1.523223,1.296068,-1.944101,2.284835,-3.427252,-2.916152,2.000000,4.500000,1.523223,1.296068,-1.944101,2.284835,-3.427252,-2.916152,2.000000,4.500000,0.000000,-0.000000,0.000000,0.000000,-0.000000,0.000000,-0.000000,-0.000000
0.480000,1.503611,1.318769,-1.978154,2.255417,-3.383126,-2.967231,2.000000,4.500000,1.503611,1.318769,-1.978154,2.255417,-3.383126,-2.967231,2.000000,4.500000,0.000000,-0.000000,0.000000,0.000000,-0.000000,0.000000,-0.000000,-0.000000
0.490000,1.483662,1.341174,-2.011761,2.225492,-3.338238,-3.017642,2.000000,4.500000,1.483662,1.341174,-2.011761,2.225492,-3.338238,-3.017642,2.000000,4.500000,0.000000,-0.000000,0.000000,0.000000,-0.000000,0.000000,-0.000000,-0.000000
0.500000,1.463378,1.363278,-2.044916,2.195067,-3.292600,-3.067374,2.000000,4.500000,1.463378,1.363278,-2.044916,2.195067,-3.292600,-3.067374,2.000000,4.500000,0.000000,-0.000000,0.000000,0.000000,-0.000000,0.000000,-0.000000,-0.000000
0.510000,1.442765,1.385074,-2.077611,2.164147,-3.246221,-3.116416,2.000000,4.500000,1.442765,1.385074,-2.077611,2.164147,-3.246221,-3.116416,2.000000,4.500000,0.000000,-0.000000,0.000000,0.000000,-0.000000,0.000000,-0.000000,-0.000000
0.520000,1.421827,1.406559,-2.109838,2.132741,-3.199111,-3.164757,2.000000,4.500000,1.421827,1.406559,-2.109838,2.132741,-3.199111,-3.164757,2.000000,4.500000,0.000000,-0.000000,0.000000,0.000000,-0.000000,0.000000,-0.000000,-0.000000
0.530000,1.400570,1.427727,-2.141591,2.100854,-3.151281,-3.212386,2.000000,4.500000,1.400570,1.427727,-2.141591,2.100854,-3.151281,-3.212386,2.000000,4.500000,0.000000,-0.000000,0.000000,0.000000,-0.000000,0.000000,-0.000000,-0.000000
0.540000,1.378997,1.448574,-2.172862,2.068495,-3.102743,-3.259292,2.000000,4.500000,1.378997,1.448574,-2.172862,2.068495,-3.102743,-3.259292,2.000000,4.500000,0.000000,-0.000000,0.000000,0.000000,-0.000000,0.000000,-0.000000,-0.000000
0.550000,1.357114,1.469096,-2.203643,2.035671,-3.053506,-3.305465,2.000000,4.500000,1.357114,1.469096,-2.203643,2.035671,-3.053506,-3.305465,2.000000,4.500000,0.000000,-0.000000,0.000000,0.000000,-0.000000,0.000000,-0.000000,-0.000000
0.560000,1.334926,1.489286,-2.233929,2.002388,-3.003583,-3.350894,2.000000,4.500000,1.334926,1.489286,-2.233929,2.002388,-3.003583,-3.350894,2.000000,4.500000,0.000000,-0.000000,0.000000,0.000000,-0.000000,0.000000,-0.000000,-0.000000
0.570000,1.312437,1.509142,-2.263713,1.968656,-2.952983,-3.395569,2.000000,4.500000,1.312437,1.509142,-2.263713,1.968656,-2.952983,-3.395569,2.000000,4.500000,0.000000,-0.000000,0.000000,0.000000,-0.000000,0.000000,-0.000000,-0.000000
0.580000,1.289653,1.528658,-2.292987,1.934480,-2.901719,-3.439480,2.000000,4.500000,1.289653,1.528658,-2.292987,1.934480,-2.901719,-3.439480,2.000000,4.500000,0.000000,-0.000000,0.000000,0.000000,-0.000000,0.000000,-0.000000,-0.000000
0.590000,1.266579,1.547830,-2.321745,1.899869,-2.849803,-3.482617,2.000000,4.500000,1.266579,1.547830,-2.321745,1.899869,-2.849803,-3.482617,2.000000,4.500000,0.000000,-0.000000,0.000000,0.000000,-0.000000,0.000000,-0.000000,-0.000000
0.600000,1.243220,1.566654,-2.349981,1.864830,-2.797245,-3.524971,2.000000,4.500000,1.243220,1.566654,-2.349981,1.864830,-2.797245,-3.524971,2.000000,4.500000,0.000000,-0.000000,0.000000,0.000000,-0.000000,0.000000,-0.000000,-0.000000
0.610000,1.219581,1.585125,-2.377688,1.829372,-2.744058,-3.566532,2.000000,4.500000,1.219581,1.585125,-2.377688,1.829372,-2.744058,-3.566532,2.000000,4.500000,0.000000,-0.000000,0.000000,0.000000,-0.000000,0.000000,-0.000000,-0.000000
0.620000,1.195668,1.603240,-2.404860,1.793502,-2.690253,-3.607290,2.000000,4.500000,1.195668,1.603240,-2.404860,1.793502,-2.690253,-3.607290,2.000000,4.500000,0.000000,-0.000000,0.000000,0.000000,-0.000000,0.000000,-0.000000,-0.000000
0.630000,1.171486,1.620994,-2.431491,1.757229,-2.635843,-3.647236,2.000000,4.500000,1.171486,1.620994,-2.431491,1.757229,-2.635843,-3.647236,2.000000,4.500000,0.000000,-0.000000,0.000000,0.000000,-0.000000,0.000000,-0.000000,-0.000000
0.640000,1.147040,1.638383,-2.457575,1.720560,-2.580840,-3.686362,2.000000,4.500000,1.147040,1.638383,-2.457575,1.720560,-2.580840,-3.686362,2.000000,4.500000,0.000000,-0.000000,0.000000,0.000000,-0.000000,0.000000,-0.000000,-0.000000
0.650000,1.122336,1.655404,-2.483106,1.683504,-2.525256,-3.724658,2.000000,4.500000,1.122336,1.655404,-2.483106,1.683504,-2.525256,-3.724658,2.000000,4.500000,0.000000,-0.000000,0.000000,0.000000,-0.000000,0.000000,-0.000000,-0.000000
0.660000,1.097380,1.672052,-2.508078,1.646070,-2.469104,-3.762117,2.000000,4.500000,1.097380,1.672052,-2.508078,1.646070,-2.469104,-3.762117,2.000000,4.500000,0.000000,-0.000000,0.000000,0.000000,-0.000000,0.000000,-0.000000,-0.000000
0.670000,1.072176,1.688324,-2.532486,1.608265,-2.412397,-3.798729,2.000000,4.500000,1.072176,1.688324,-2.532486,1.608265,-2.412397,-3.798729,2.000000,4.500000,0.000000,-0.000000,0.000000,0.000000,-0.000000,0.000000,-0.000000,-0.000000
0.680000,1.046732,1.704216,-2.556324,1.570098,-2.355147,-3.834486,2.000000,4.500000,1.046732,1.704216,-2.556324,1.570098,-2.355147,-3.834486,2.000000,4.500000,0.000000,-0.000000,0.000000,0.000000,-0.000000,0.000000,-0.000000,-0.000000
0.690000,1.021052,1.719725,-2.579587,1.531578,-2.297367,-3.869381,2.000000,4.500000,1.021052,1.719725,-2.579587,1.531578,-2.297367,-3.869381,2.000000,4.500000,0.000000,-0.000000,0.000000,0.000000,-0.000000,0.000000,-0.000000,-0.000000
0.700000,0.995142,1.734846,-2.602270,1.492713,-2.239070,-3.903405,2.000000,4.500000,0.995142,1.734846,-2.602270,1.492713,-2.239070,-3.903405,2.000000,4.500000,0.000000,-0.000000,0.000000,0.000000,-0.000000,0.000000,-0.000000,-0.000000
0.710000,0.969008,1.749578,-2.624367,1.453513,-2.180269,-3.936550,2.000000,4.500000,0.969008,1.749578,-2.624367,1.453513,-2.180269,-3.936550,2.000000,4.500000,0.000000,-0.000000,0.000000,0.000000,-0.000000,0.000000,-0.000000,-0.000000
0.720000,0.942657,1.763916,-2.645873,1.413985,-2.120978,-3.968810,2.000000,4.500000,0.942657,1.763916,-2.645873,1.413985,-2.120978,-3.968810,2.000000,4.500000,0.000000,-0.000000,0.000000,0.000000,-0.000000,0.000000,-0.000000,-0.000000
0.730000,0.916093,1.777856,-2.666785,1.374139,-2.061209,-4.000177,2.000000,4.500000,0.916093,1.777856,-2.666785,1.374139,-2.061209,-4.000177,2.000000,4.500000,0.000000,-0.000000,0.000000,0.000000,-0.000000,0.000000,-0.000000,-0.000000
0.740000,0.889323,1.791397,-2.687096,1.333985,-2.000977,-4.030644,2.000000,4.500000,0.889323,1.791397,-2.687096,1.333985,-2.000977,-4.030644,2.000000,4.500000,0.000000,-0.000000,0.000000,0.000000,-0.000000,0.000000,-0.000000,-0.000000
0.750000,0.862353,1.804535,-2.706803,1.293530,-1.940294,-4.060204,2.000000,4.500000,0.862353,1.804535,-2.706803,1.293530,-1.940294,-4.060204,2.000000,4.500000,0.000000,-0.000000,0.000000,0.000000,-0.000000,0.000000,-0.000000,-0.000000
0.760000,0.835189,1.817267,-2.725900,1.252784,-1.879175,-4.088851,2.000000,4.500000,0.835189,1.817267,-2.725900,1.252784,-1.879175,-4.088851,2.000000,4.500000,0.000000,-0.000000,0.000000,0.000000,-0.000000,0.000000,-0.000000,-0.000000
0.770000,0.807837,1.829590,-2.744385,1.211756,-1.817633,-4.116577,2.000000,4.500000,0.807837,1.829590,-2.744385,1.211756,-1.817633,-4.116577,2.000000,4.500000,0.000000,-0.000000,0.000000,0.000000,-0.000000,0.000000,-0.000000,-0.000000
0.780000,0.780303,1.841501,-2.762252,1.170455,-1.755683,-4.143378,2.000000,4.500000,0.780303,1.841501,-2.762252,1.170455,-1.755683,-4.143378,2.000000,4.500000,0.000000,-0.000000,0.000000,0.000000,-0.000000,0.000000,-0.000000,-0.000000
0.790000,0.752594,1.852998,-2.779497,1.128891,-1.693337,-4.169246,2.000000,4.500000,0.752594,1.852998,-2.779497,1.128891,-1.693337,-4.169246,2.000000,4.500000,0.000000,-0.000000,0.000000,0.000000,-0.000000,0.000000,-0.000000,-0.000000
0.800000,0.724716,1.864078,-2.796117,1.087073,-1.630610,-4.194176,2.000000,4.500000,0.724716,1.864078,-2.796117,1.087073,-1.630610,-4.194176,2.000000,4.500000,0.000000,-0.000000,0.000000,0.000000,-0.000000,0.000000,-0.000000,-0.000000
0.810000,0.696674,1.874739,-2.812108,1.045011,-1.567516,-4.218162,2.000000,4.500000,0.696674,1.874739,-2.812108,1.045011,-1.567516,-4.218162,2.000000,4.500000,0.000000,-0.000000,0.000000,0.000000,-0.000000,0.000000,-0.000000,-0.000000
0.820000,0.668475,1.884978,-2.827466,1.002713,-1.504070,-4.241200,2.000000,4.500000,0.668475,1.884978,-2.827466,1.002713,-1.504070,-4.241200,2.000000,4.500000,0.000000,-0.000000,0.000000,0.000000,-0.000000,0.000000,-0.000000,-0.000000
0.830000,0.640127,1.894792,-2.842188,0.960190,-1.440285,-4.263283,2.000000,4.500000,0.640127,1.894792,-2.842188,0.960190,-1.440285,-4.263283,2.000000,4.500000,0.000000,-0.000000,0.000000,0.000000,-0.000000,0.000000,-0.000000,-0.000000
0.840000,0.611634,1.904181,-2.856271,0.917451,-1.376176,-4.284407,2.000000,4.500000,0.611634,1.904181,-2.856271,0.917451,-1.376176,-4.284407,2.000000,4.500000,0.000000,-0.000000,0.000000,0.000000,-0.000000,0.000000,-0.000000,-0.000000
0.850000,0.583003,1.913141,-2.869711,0.874505,-1.311758,-4.304566,2.000000,4.500000,0.583003,1.913141,-2.869711,0.874505,-1.311758,-4.304566,2.000000,4.500000,0.000000,-0.000000,0.000000,0.000000,-0.000000,0.000000,-0.000000,-0.000000
0.860000,0.554242,1.921670,-2.882505,0.831363,-1.247044,-4.323758,2.000000,4.500000,0.554242,1.921670,-2.882505,0.831363,-1.247044,-4.323758,2.000000,4.500000,0.000000,-0.000000,0.000000,0.000000,-0.000000,0.000000,-0.000000,-0.000000
0.870000,0.525355,1.929767,-2.894651,0.788033,-1.182050,-4.341976,2.000000,4.500000,0.525355,1.929767,-2.894651,0.788033,-1.182050,-4.341976,2.000000,4.500000,0.000000,-0.000000,0.000000,0.000000,-0.000000,0.000000,-0.000000,-0.000000
0.880000,0.496351,1.937430,-2.906145,0.744526,-1.116790,-4.359218,2.000000,4.500000,0.496351,1.937430,-2.906145,0.744526,-1.116790,-4.359218,2.000000,4.500000,0.000000,-0.000000,0.000000,0.000000,-0.000000,0.000000,-0.000000,-0.000000
0.890000,0.467235,1.944657,-2.916986,0.700852,-1.051278,-4.375479,2.000000,4.500000,0.467235,1.944657,-2.916986,0.700852,-1.051278,-4.375479,2.000000,4.500000,0.000000,-0.000000,0.000000,0.000000,-0.000000,0.000000,-0.000000,-0.000000
0.900000,0.438013,1.951447,-2.927170,0.657020,-0.985530,-4.390755,2.000000,4.500000,0.438013,1.951447,-2.927170,0.657020,-0.985530,-4.390755,2.000000,4.500000,0.000000,-0.000000,0.000000,0.000000,-0.000000,0.000000,-0.000000,-0.000000
0.910000,0.408693,1.957797,-2.936696,0.613040,-0.919560,-4.405044,2.000000,4.500000,0.408693,1.957797,-2.936696,0.613040,-0.919560,-4.405044,2.000000,4.500000,0.000000,-0.000000,0.000000,0.000000,-0.000000,0.000000,-0.000000,-0.000000
0.920000,0.379282,1.963707,-2.945561,0.568922,-0.853384,-4.418341,2.000000,4.500000,0.379282,1.963707,-2.945561,0.568922,-0.853384,-4.418341,2.000000,4.500000,0.000000,-0.000000,0.000000,0.000000,-0.000000,0.000000,-0.000000,-0.000000
0.930000,0.349784,1.969175,-2.953763,0.524677,-0.787015,-4.430644,2.000000,4.500000,0.349784,1.969175,-2.953763,0.524677,-0.787015,-4.430644,2.000000,4.500000,0.000000,-0.000000,0.000000,0.000000,-0.000000,0.000000,-0.000000,-0.000000
0.940000,0.320209,1.974200,-2.961300,0.480313,-0.720469,-4.441950,2.000000,4.500000,0.320209,1.974200,-2.961300,0.480313,-0.720469,-4.441950,2.000000,4.500000,0.000000,-0.000000,0.000000,0.000000,-0.000000,0.000000,-0.000000,-0.000000
0.950000,0.290561,1.978781,-2.968172,0.435841,-0.653762,-4.452257,2.000000,4.500000,0.290561,1.978781,-2.968172,0.435841,-0.653762,-4.452257,2.000000,4.500000,0.000000,-0.000000,0.000000,0.000000,-0.000000,0.000000,-0.000000,-0.000000
0.960000,0.260847,1.982917,-2.974375,0.391271,-0.586907,-4.461563,2.000000,4.500000,0.260847,1.982917,-2.974375,0.391271,-0.586907,-4.461563,2.000000,4.500000,0.000000,-0.000000,0.000000,0.000000,-0.000000,0.000000,-0.000000,-0.000000
0.970000,0.231075,1.986606,-2.979909,0.346613,-0.519920,-4.469864,2.000000,4.500000,0.231075,1.986606,-2.979909,0.346613,-0.519920,-4.469864,2.000000,4.500000,0.000000,-0.000000,0.000000,0.000000,-0.000000,0.000000,-0.000000,-0.000000
0.980000,0.201251,1.989849,-2.984773,0.301877,-0.452816,-4.477160,2.000000,4.500000,0.201251,1.989849,-2.984773,0.301877,-0.452816,-4.477160,2.000000,4.500000,0.000000,-0.000000,0.000000,0.000000,-0.000000,0.000000,-0.000000,-0.000000
0.990000,0.171382,1.992644,-2.988965,0.257073,-0.385610,-4.483448,2.000000,4.500000,0.171382,1.992644,-2.988965,0.257073,-0.385610,-4.483448,2.000000,4.500000,0.000000,-0.000000,0.000000,0.000000,-0.000000,0.000000,-0.000000,-0.000000
1.000000,0.141474,1.994990,-2.992485,0.212212,-0.318317,-4.488727,2.000000,4.500000,0.141474,1.994990,-2.992485,0.212212,-0.318317,-4.488727,2.000000,4.500000,0.000000,-0.000000,0.000000,0.000000,-0.000000,0.000000,-0.000000,-0.000000
1.010000,0.111535,1.996888,-2.995331,0.167302,-0.250953,-4.492997,2.000000,4.500000,0.111535,1.996888,-2.995331,0.167302,-0.250953,-4.492997,2.000000,4.500000,0.000000,-0.000000,0.000000,0.000000,-0.000000,0.000000,-0.000000,-0.000000
1.020000,0.081570,1.998336,-2.997504,0.122355,-0.183533,-4.496256,2.000000,4.500000,0.081570,1.998336,-2.997504,0.122355,-0.183533,-4.496256,2.000000,4.500000,0.000000,-0.000000,0.000000,0.000000,-0.000000,0.000000,-0.000000,-0.000000
1.030000,0.051587,1.999335,-2.999002,0.077380,-0.116071,-4.498503,2.000000,4.500000,0.051587,1.999335,-2.999002,0.077380,-0.116071,-4.498503,2.000000,4.500000,0.000000,-0.000000,0.000000,0.000000,-0.000000,0.000000,-0.000000,-0.000000
1.040000,0.021592,1.999883,-2.999825,0.032388,-0.048583,-4.499738,2.000000,4.500000,0.021592,1.999883,-2.999825,0.032388,-0.048583,-4.499738,2.000000,4.500000,0.000000,-0.000000,0.000000,0.000000,-0.000000,0.000000,-0.000000,-0.000000
1.050000,-0.008407,1.999982,-2.999973,-0.012611,0.018916,-4.499960,2.000000,4.500000,-0.008407,1.999982,-2.999973,-0.012611,0.018916,-4.499960,2.000000,4.500000,0.000000,-0.000000,0.000000,0.000000,-0.000000,0.000000,-0.000000,-0.000000
1.060000,-0.038405,1.999631,-2.999447,-0.057607,0.086411,-4.499170,2.000000,4.500000,-0.038405,1.999631,-2.999447,-0.057607,0.086411,-4.499170,2.000000,4.500000,0.000000,0.000000,-0.000000,0.000000,-0.000000,-0.000000,-0.000000,-0.000000
1.070000,-0.068394,1.998830,-2.998245,-0.102591,0.153887,-4.497368,2.000000,4.500000,-0.068394,1.998830,-2.998245,-0.102591,0.153887,-4.497368,2.000000,4.500000,0.000000,0.000000,-0.000000,0.000000,-0.000000,-0.000000,-0.000000,-0.000000
1.080000,-0.098368,1.997579,-2.996369,-0.147551,0.221327,-4.494554,2.000000,4.500000,-0.098368,1.997579,-2.996369,-0.147551,0.221327,-4.494554,2.000000,4.500000,0.000000,0.000000,-0.000000,0.000000,-0.000000,-0.000000,-0.000000,-0.000000
1.090000,-0.128319,1.995879,-2.993819,-0.192479,0.288718,-4.490728,2.000000,4.500000,-0.128319,1.995879,-2.993819,-0.192479,0.288718,-4.490728,2.000000,4.500000,0.000000,0.000000,-0.000000,0.000000,-0.000000,-0.000000,-0.000000,-0.000000
1.100000,-0.158242,1.993730,-2.990595,-0.237363,0.356044,-4.485893,2.000000,4.500000,-0.158242,1.993730,-2.990595,-0.237363,0.356044,-4.485893,2.000000,4.500000,0.000000,0.000000,-0.000000,0.000000,-0.000000,-0.000000,-0.000000,-0.000000
1.110000,-0.188129,1.991132,-2.986698,-0.282193,0.423290,-4.480048,2.000000,4.500000,-0.188129,1.991132,-2.986698,-0.282193,0.423290,-4.480048,2.000000,4.500000,0.000000,0.000000,-0.000000,0.000000,-0.000000,-0.000000,-0.000000,-0.000000
1.120000,-0.217974,1.988086,-2.982130,-0.326960,0.490440,-4.473194,2.000000,4.500000,-0.217974,1.988086,-2.982130,-0.326960,0.490440,-4.473194,2.000000,4.500000,0.000000,0.000000,-0.000000,0.000000,-0.000000,-0.000000,-0.000000,-0.000000
1.130000,-0.247769,1.984593,-2.976890,-0.371654,0.557481,-4.465335,2.000000,4.500000,-0.247769,1.984593,-2.976890,-0.371654,0.557481,-4.465335,2.000000,4.500000,0.000000,0.000000,-0.000000,0.000000,-0.000000,-0.000000,-0.000000,-0.000000
1.140000,-0.277509,1.980654,-2.970980,-0.416264,0.624395,-4.456471,2.000000,4.500000,-0.277509,1.980654,-2.970980,-0.416264,0.624395,-4.456471,2.000000,4.500000,0.000000,0.000000,-0.000000,0.000000,-0.000000,-0.000000,-0.000000,-0.000000
1.150000,-0.307187,1.976268,-2.964402,-0.460780,0.691170,-4.446604,2.000000,4.500000,-0.307187,1.976268,-2.964402,-0.460780,0.691170,-4.446604,2.000000,4.500000,0.000000,0.000000,-0.000000,0.000000,-0.000000,-0.000000,-0.000000,-0.000000
1.160000,-0.336795,1.971438,-2.957158,-0.505192,0.757789,-4.435736,2.000000,4.500000,-0.336795,1.971438,-2.957158,-0.505192,0.757789,-4.435736,2.000000,4.500000,0.000000,0.000000,-0.000000,0.000000,-0.000000,-0.000000,-0.000000,-0.000000
1.170000,-0.366327,1.966165,-2.949247,-0.549491,0.824237,-4.423871,2.000000,4.500000,-0.366327,1.966165,-2.949247,-0.549491,0.824237,-4.423871,2.000000,4.500000,0.000000,0.000000,-0.000000,0.000000,-0.000000,-0.000000,-0.000000,-0.000000
1.180000,-0.395778,1.960449,-2.940673,-0.593666,0.890500,-4.411010,2.000000,4.500000,-0.395778,1.960449,-2.940673,-0.593666,0.890500,-4.411010,2.000000,4.500000,0.000000,0.000000,-0.000000,0.000000,-0.000000,-0.000000,-0.000000,-0.000000
1.190000,-0.425139,1.954292,-2.931438,-0.637708,0.956562,-4.397157,2.000000,4.500000,-0.425139,1.954292,-2.931438,-0.637708,0.956562,-4.397157,2.000000,4.500000,0.000000,0.000000,-0.000000,0.000000,-0.000000,-0.000000,-0.000000,-0.000000
1.200000,-0.454404,1.947695,-2.921543,-0.681606,1.022409,-4.382314,2.000000,4.500000,-0.454404,1.947695,-2.921543,-0.681606,1.022409,-4.382314,2.000000,4.500000,0.000000,0.000000,-0.000000,0.000000,-0.000000,-0.000000,-0.000000,-0.000000
1.210000,-0.483567,1.940660,-2.910991,-0.725351,1.088027,-4.366486,2.000000,4.500000,-0.483567,1.940660,-2.910991,-0.725351,1.088027,-4.366486,2.000000,4.500000,0.000000,0.000000,-0.000000,0.000000,-0.000000,-0.000000,-0.000000,-0.000000
1.220000,-0.512622,1.933189,-2.899783,-0.768933,1.153399,-4.349675,2.000000,4.500000,-0.512622,1.933189,-2.899783,-0.768933,1.153399,-4.349675,2.000000,4.500000,0.000000,0.000000,-0.000000,0.000000,-0.000000,-0.000000,-0.000000,-0.000000
1.230000,-0.541561,1.925282,-2.887923,-0.812341,1.218512,-4.331885,2.000000,4.500000,-0.541561,1.925282,-2.887923,-0.812341,1.218512,-4.331885,2.000000,4.500000,0.000000,0.000000,-0.000000,0.000000,-0.000000,-0.000000,-0.000000,-0.000000
1.240000,-0.570378,1.916943,-2.875414,-0.855567,1.283351,-4.313121,2.000000,4.500000,-0.570378,1.916943,-2.875414,-0.855567,1.283351,-4.313121,2.000000,4.500000,0.000000,0.000000,-0.000000,0.000000,-0.000000,-0.000000,-0.000000,-0.000000
1.250000,-0.599067,1.908172,-2.862257,-0.898601,1.347901,-4.293386,2.000000,4.500000,-0.599067,1.908172,-2.862257,-0.898601,1.347901,-4.293386,2.000000,4.500000,0.000000,0.000000,-0.000000,0.000000,-0.000000,-0.000000,-0.000000,-0.000000
1.260000,-0.627621,1.898971,-2.848457,-0.941432,1.412148,-4.272685,2.000000,4.500000,-0.627621,1.898971,-2.848457,-0.941432,1.412148,-4.272685,2.000000,4.500000,0.000000,0.000000,-0.000000,0.000000,-0.000000,-0.000000,-0.000000,-0.000000
1.270000,-0.656034,1.889344,-2.834015,-0.984051,1.476077,-4.251023,2.000000,4.500000,-0.656034,1.889344,-2.834015,-0.984051,1.476077,-4.251023,2.000000,4.500000,0.000000,0.000000,-0.000000,0.000000,-0.000000,-0.000000,-0.000000,-0.000000
1.280000,-0.684299,1.879291,-2.818936,-1.026449,1.539673,-4.228405,2.000000,4.500000,-0.684299,1.879291,-2.818936,-1.026449,1.539673,-4.228405,2.000000,4.500000,0.000000,0.000000,-0.000000,0.000000,-0.000000,-0.000000,-0.000000,-0.000000
1.290000,-0.712411,1.868815,-2.803223,-1.068616,1.602924,-4.204835,2.000000,4.500000,-0.712411,1.868815,-2.803223,-1.068616,1.602924,-4.204835,2.000000,4.500000,0.000000,0.000000,-0.000000,0.000000,-0.000000,-0.000000,-0.000000,-0.000000
1.300000,-0.740362,1.857919,-2.786879,-1.110542,1.665814,-4.180319,2.000000,4.500000,-0.740362,1.857919,-2.786879,-1.110542,1.665814,-4.180319,2.000000,4.500000,0.000000,0.000000,-0.000000,0.000000,-0.000000,-0.000000,-0.000000,-0.000000
1.310000,-0.768146,1.846605,-2.769908,-1.152219,1.728329,-4.154862,2.000000,4.500000,-0.768146,1.846605,-2.769908,-1.152219,1.728329,-4.154862,2.000000,4.500000,0.000000,0.000000,-0.000000,0.000000,-0.000000,-0.000000,-0.000000,-0.000000
1.320000,-0.795758,1.834876,-2.752314,-1.193637,1.790455,-4.128471,2.000000,4.500000,-0.795758,1.834876,-2.752314,-1.193637,1.790455,-4.128471,2.000000,4.500000,0.000000,0.000000,-0.000000,0.000000,-0.000000,-0.000000,-0.000000,-0.000000
1.330000,-0.823190,1.822734,-2.734100,-1.234785,1.852178,-4.101151,2.000000,4.500000,-0.823190,1.822734,-2.734100,-1.234785,1.852178,-4.101151,2.000000,4.500000,0.000000,0.000000,-0.000000,0.000000,-0.000000,-0.000000,-0.000000,-0.000000
1.340000,-0.850438,1.810181,-2.715272,-1.275657,1.913485,-4.072908,2.000000,4.500000,-0.850438,1.810181,-2.715272,-1.275657,1.913485,-4.072908,2.000000,4.500000,0.000000,0.000000,-0.000000,0.000000,-0.000000,-0.000000,-0.000000,-0.000000
1.350000,-0.877494,1.797221,-2.695832,-1.316241,1.974361,-4.043748,2.000000,4.500000,-0.877494,1.797221,-2.695832,-1.316241,1.974361,-4.043748,2.000000,4.500000,0.000000,0.000000,-0.000000,0.000000,-0.000000,-0.000000,-0.000000,-0.000000
1.360000,-0.904352,1.783857,-2.675786,-1.356528,2.034793,-4.013679,2.000000,4.500000,-0.904352,1.783857,-2.675786,-1.356528,2.034793,-4.013679,2.000000,4.500000,0.000000,0.000000,-0.000000,0.000000,-0.000000,-0.000000,-0.000000,-0.000000
1.370000,-0.931007,1.770092,-2.655138,-1.396511,2.094767,-3.982707,2.000000,4.500000,-0.931007,1.770092,-2.655138,-1.396511,2.094767,-3.982707,2.000000,4.500000,0.000000,0.000000,-0.000000,0.000000,-0.000000,-0.000000,-0.000000,-0.000000
1.380000,-0.957453,1.755928,-2.633892,-1.436180,2.154269,-3.950838,2.000000,4.500000,-0.957453,1.755928,-2.633892,-1.436180,2.154269,-3.950838,2.000000,4.500000,0.000000,0.000000,-0.000000,0.000000,-0.000000,-0.000000,-0.000000,-0.000000
1.390000,-0.983683,1.741369,-2.612054,-1.475525,2.213287,-3.918081,2.000000,4.500000,-0.983683,1.741369,-2.612054,-1.475525,2.213287,-3.918081,2.000000,4.500000,0.000000,0.000000,-0.000000,0.000000,-0.000000,-0.000000,-0.000000,-0.000000
1.400000,-1.009692,1.726419,-2.589628,-1.514538,2.271807,-3.884442,2.000000,4.500000,-1.009692,1.726419,-2.589628,-1.514538,2.271807,-3.884442,2.000000,4.500000,0.000000,0.000000,-0.000000,0.000000,-0.000000,-0.000000,-0.000000,-0.000000
1.410000,-1.035474,1.711080,-2.566620,-1.553211,2.329816,-3.849929,2.000000,4.500000,-1.035474,1.711080,-2.566620,-1.553211,2.329816,-3.849929,2.000000,4.500000,0.000000,0.000000,-0.000000,0.000000,-0.000000,-0.000000,-0.000000,-0.000000
1.420000,-1.061023,1.695356,-2.543034,-1.591534,2.387301,-3.814550,2.000000,4.500000,-1.061023,1.695356,-2.543034,-1.591534,2.387301,-3.814550,2.000000,4.500000,0.000000,0.000000,-0.000000,0.000000,-0.000000,-0.000000,-0.000000,-0.000000
1.430000,-1.086333,1.679250,-2.518875,-1.629499,2.444249,-3.778313,2.000000,4.500000,-1.086333,1.679250,-2.518875,-1.629499,2.444249,-3.778313,2.000000,4.500000,0.000000,0.000000,-0.000000,0.000000,-0.000000,-0.000000,-0.000000,-0.000000
1.440000,-1.111398,1.662767,-2.494150,-1.667097,2.500646,-3.741226,2.000000,4.500000,-1.111398,1.662767,-2.494150,-1.667097,2.500646,-3.741226,2.000000,4.500000,0.000000,0.000000,-0.000000,0.000000,-0.000000,-0.000000,-0.000000,-0.000000
1.450000,-1.136214,1.645910,-2.468864,-1.704321,2.556481,-3.703296,2.000000,4.500000,-1.136214,1.645910,-2.468864,-1.704321,2.556481,-3.703296,2.000000,4.500000,0.000000,0.000000,-0.000000,0.000000,-0.000000,-0.000000,-0.000000,-0.000000
1.460000,-1.160774,1.628682,-2.443023,-1.741161,2.611741,-3.664534,2.000000,4.500000,-1.160774,1.628682,-2.443023,-1.741161,2.611741,-3.664534,2.000000,4.500000,0.000000,0.000000,-0.000000,0.000000,-0.000000,-0.000000,-0.000000,-0.000000
1.470000,-1.185072,1.611088,-2.416631,-1.777609,2.666413,-3.624947,2.000000,4.500000,-1.185072,1.611088,-2.416631,-1.777609,2.666413,-3.624947,2.000000,4.500000,0.000000,0.000000,-0.000000,0.000000,-0.000000,-0.000000,-0.000000,-0.000000
1.480000,-1.209105,1.593131,-2.389696,-1.813657,2.720485,-3.584545,2.000000,4.500000,-1.209105,1.593131,-2.389696,-1.813657,2.720485,-3.584545,2.000000,4.500000,0.000000,0.000000,-0.000000,0.000000,-0.000000,-0.000000,-0.000000,-0.000000
1.490000,-1.232865,1.574816,-2.362224,-1.849297,2.773945,-3.543336,2.000000,4.500000,-1.232865,1.574816,-2.362224,-1.849297,2.773945,-3.543336,2.000000,4.500000,0.000000,0.000000,-0.000000,0.000000,-0.000000,-0.000000,-0.000000,-0.000000
1.500000,-1.256347,1.556146,-2.334220,-1.884521,2.826781,-3.501329,2.000000,4.500000,-1.256347,1.556146,-2.334220,-1.884521,2.826781,-3.501329,2.000000,4.500000,0.000000,0.000000,-0.000000,0.000000,-0.000000,-0.000000,-0.000000,-0.000000
1.510000,-1.279547,1.537127,-2.305690,-1.919321,2.878981,-3.458535,2.000000,4.500000,-1.279547,1.537127,-2.305690,-1.919321,2.878981,-3.458535,2.000000,4.500000,0.000000,0.000000,-0.000000,0.000000,-0.000000,-0.000000,-0.000000,-0.000000
1.520000,-1.302459,1.517761,-2.276642,-1.953689,2.930533,-3.414963,2.000000,4.500000,-1.302459,1.517761,-2.276642,-1.953689,2.930533,-3.414963,2.000000,4.500000,0.000000,0.000000,-0.000000,0.000000,-0.000000,-0.000000,-0.000000,-0.000000
1.530000,-1.325078,1.498055,-2.247082,-1.987618,2.981426,-3.370623,2.000000,4.500000,-1.325078,1.498055,-2.247082,-1.987618,2.981426,-3.370623,2.000000,4.500000,0.000000,0.000000,-0.000000,0.000000,-0.000000,-0.000000,-0.000000,-0.000000
1.540000,-1.347399,1.478011,-2.217016,-2.021099,3.031648,-3.325524,2.000000,4.500000,-1.347399,1.478011,-2.217016,-2.021099,3.031648,-3.325524,2.000000,4.500000,0.000000,0.000000,-0.000000,0.000000,-0.000000,-0.000000,-0.000000,-0.000000
1.550000,-1.369417,1.457634,-2.186451,-2.054126,3.081188,-3.279677,2.000000,4.500000,-1.369417,1.457634,-2.186451,-2.054126,3.081188,-3.279677,2.000000,4.500000,0.000000,0.000000,-0.000000,0.000000,-0.000000,-0.000000,-0.000000,-0.000000
1.560000,-1.391127,1.436930,-2.155394,-2.086690,3.130035,-3.233092,2.000000,4.500000,-1.391127,1.436930,-2.155394,-2.086690,3.130035,-3.233092,2.000000,4.500000,0.000000,0.000000,-0.000000,0.000000,-0.000000,-0.000000,-0.000000,-0.000000
1.570000,-1.412523,1.415902,-2.123853,-2.118785,3.178177,-3.185779,2.000000,4.500000,-1.412523,1.415902,-2.123853,-2.118785,3.178177,-3.185779,2.000000,4.500000,0.000000,0.000000,-0.000000,0.000000,-0.000000,-0.000000,-0.000000,-0.000000
1.580000,-1.433602,1.394555,-2.091833,-2.150403,3.225605,-3.137750,2.000000,4.500000,-1.433602,1.394555,-2.091833,-2.150403,3.225605,-3.137750,2.000000,4.500000,0.000000,0.000000,-0.000000,0.000000,-0.000000,-0.000000,-0.000000,-0.000000
1.590000,-1.454358,1.372895,-2.059343,-2.181538,3.272306,-3.089015,2.000000,4.500000,-1.454358,1.372895,-2.059343,-2.181538,3.272306,-3.089015,2.000000,4.500000,0.000000,0.000000,-0.000000,0.000000,-0.000000,-0.000000,-0.000000,-0.000000
1.600000,-1.474787,1.350926,-2.026390,-2.212181,3.318272,-3.039584,2.000000,4.500000,-1.474787,1.350926,-2.026390,-2.212181,3.318272,-3.039584,2.000000,4.500000,0.000000,0.000000,-0.000000,0.000000,-0.000000,-0.000000,-0.000000,-0.000000
1.610000,-1.494885,1.328653,-1.992980,-2.242327,3.363490,-2.989470,2.000000,4.500000,-1.494885,1.328653,-1.992980,-2.242327,3.363490,-2.989470,2.000000,4.500000,0.000000,0.000000,-0.000000,0.000000,-0.000000,-0.000000,-0.000000,-0.000000
1.620000,-1.514646,1.306082,-1.959122,-2.271968,3.407952,-2.938683,2.000000,4.500000,-1.514646,1.306082,-1.959122,-2.271968,3.407952,-2.938683,2.000000,4.500000,0.000000,0.000000,-0.000000,0.000000,-0.000000,-0.000000,-0.000000,-0.000000
1.630000,-1.534066,1.283216,-1.924824,-2.301098,3.451648,-2.887235,2.000000,4.500000,-1.534066,1.283216,-1.924824,-2.301098,3.451648,-2.887235,2.000000,4.500000,0.000000,0.000000,-0.000000,0.000000,-0.000000,-0.000000,-0.000000,-0.000000
1.640000,-1.553141,1.260061,-1.890092,-2.329711,3.494566,-2.835138,2.000000,4.500000,-1.553141,1.260061,-1.890092,-2.329711,3.494566,-2.835138,2.000000,4.500000,0.000000,0.000000,-0.000000,0.000000,-0.000000,-0.000000,-0.000000,-0.000000
1.650000,-1.571866,1.236623,-1.854935,-2.357799,3.536699,-2.782402,2.000000,4.500000,-1.571866,1.236623,-1.854935,-2.357799,3.536699,-2.782402,2.000000,4.500000,0.000000,0.000000,-0.000000,0.000000,-0.000000,-0.000000,-0.000000,-0.000000
1.660000,-1.590238,1.212907,-1.819361,-2.385357,3.578035,-2.729041,2.000000,4.500000,-1.590238,1.212907,-1.819361,-2.385357,3.578035,-2.729041,2.000000,4.500000,0.000000,0.000000,-0.000000,0.000000,-0.000000,-0.000000,-0.000000,-0.000000
1.670000,-1.608252,1.188918,-1.783377,-2.412378,3.618567,-2.675065,2.000000,4.500000,-1.608252,1.188918,-1.783377,-2.412378,3.618567,-2.675065,2.000000,4.500000,0.000000,0.000000,-0.000000,0.000000,-0.000000,-0.000000,-0.000000,-0.000000
1.680000,-1.625904,1.164661,-1.746992,-2.438856,3.658284,-2.620488,2.000000,4.500000,-1.625904,1.164661,-1.746992,-2.438856,3.658284,-2.620488,2.000000,4.500000,0.000000,0.000000,-0.000000,0.000000,-0.000000,-0.000000,-0.000000,-0.000000
1.690000,-1.643190,1.140143,-1.710214,-2.464786,3.697178,-2.565321,2.000000,4.500000,-1.643190,1.140143,-1.710214,-2.464786,3.697178,-2.565321,2.000000,4.500000,0.000000,0.000000,-0.000000,0.000000,-0.000000,-0.000000,-0.000000,-0.000000
1.700000,-1.660107,1.115367,-1.673051,-2.490161,3.735241,-2.509577,2.000000,4.500000,-1.660107,1.115367,-1.673051,-2.490161,3.735241,-2.509577,2.000000,4.500000,0.000000,0.000000,-0.000000,0.000000,-0.000000,-0.000000,-0.000000,-0.000000
1.710000,-1.676650,1.090341,-1.635512,-2.514975,3.772463,-2.453268,2.000000,4.500000,-1.676650,1.090341,-1.635512,-2.514975,3.772463,-2.453268,2.000000,4.500000,0.000000,0.000000,-0.000000,0.000000,-0.000000,-0.000000,-0.000000,-0.000000
1.720000,-1.692816,1.065070,-1.597605,-2.539224,3.808836,-2.396407,2.000000,4.500000,-1.692816,1.065070,-1.597605,-2.539224,3.808836,-2.396407,2.000000,4.500000,0.000000,0.000000,-0.000000,0.000000,-0.000000,-0.000000,-0.000000,-0.000000
1.730000,-1.708601,1.039559,-1.559338,-2.562902,3.844352,-2.339007,2.000000,4.500000,-1.708601,1.039559,-1.559338,-2.562902,3.844352,-2.339007,2.000000,4.500000,0.000000,0.000000,-0.000000,0.000000,-0.000000,-0.000000,-0.000000,-0.000000
1.740000,-1.724002,1.013814,-1.520721,-2.586003,3.879004,-2.281081,2.000000,4.500000,-1.724002,1.013814,-1.520721,-2.586003,3.879004,-2.281081,2.000000,4.500000,0.000000,0.000000,-0.000000,0.000000,-0.000000,-0.000000,-0.000000,-0.000000
1.750000,-1.739014,0.987841,-1.481761,-2.608522,3.912782,-2.222641,2.000000,4.500000,-1.739014,0.987841,-1.481761,-2.608522,3.912782,-2.222641,2.000000,4.500000,0.000000,0.000000,-0.000000,0.000000,-0.000000,-0.000000,-0.000000,-0.000000
1.760000,-1.753636,0.961645,-1.442468,-2.630454,3.945681,-2.163702,2.000000,4.500000,-1.753636,0.961645,-1.442468,-2.630454,3.945681,-2.163702,2.000000,4.500000,0.000000,0.000000,-0.000000,0.000000,-0.000000,-0.000000,-0.000000,-0.000000
1.770000,-1.767863,0.935233,-1.402850,-2.651794,3.977691,-2.104275,2.000000,4.500000,-1.767863,0.935233,-1.402850,-2.651794,3.977691,-2.104275,2.000000,4.500000,0.000000,0.000000,-0.000000,0.000000,-0.000000,-0.000000,-0.000000,-0.000000
1.780000,-1.781692,0.908611,-1.362917,-2.672538,4.008806,-2.044376,2.000000,4.500000,-1.781692,0.908611,-1.362917,-2.672538,4.008806,-2.044376,2.000000,4.500000,0.000000,0.000000,-0.000000,0.000000,-0.000000,-0.000000,-0.000000,-0.000000
1.790000,-1.795120,0.881785,-1.322677,-2.692680,4.039020,-1.984016,2.000000,4.500000,-1.795120,0.881785,-1.322677,-2.692680,4.039020,-1.984016,2.000000,4.500000,0.000000,0.000000,-0.000000,0.000000,-0.000000,-0.000000,-0.000000,-0.000000
1.800000,-1.808144,0.854760,-1.282140,-2.712216,4.068325,-1.923209,2.000000,4.500000,-1.808144,0.854760,-1.282140,-2.712216,4.068325,-1.923209,2.000000,4.500000,0.000000,0.000000,-0.000000,0.000000,-0.000000,-0.000000,-0.000000,-0.000000
1.810000,-1.820762,0.827542,-1.241314,-2.731143,4.096714,-1.861971,2.000000,4.500000,-1.820762,0.827542,-1.241314,-2.731143,4.096714,-1.861971,2.000000,4.500000,0.000000,0.000000,-0.000000,0.000000,-0.000000,-0.000000,-0.000000,-0.000000
1.820000,-1.832970,0.800139,-1.200208,-2.749454,4.124182,-1.800313,2.000000,4.500000,-1.832970,0.800139,-1.200208,-2.749454,4.124182,-1.800313,2.000000,4.500000,0.000000,0.000000,-0.000000,0.000000,-0.000000,-0.000000,-0.000000,-0.000000
1.830000,-1.844765,0.772555,-1.158833,-2.767148,4.150721,-1.738250,2.000000,4.500000,-1.844765,0.772555,-1.158833,-2.767148,4.150721,-1.738250,2.000000,4.500000,0.000000,0.000000,-0.000000,0.000000,-0.000000,-0.000000,-0.000000,-0.000000
1.840000,-1.856145,0.744798,-1.117197,-2.784218,4.176327,-1.675796,2.000000,4.500000,-1.856145,0.744798,-1.117197,-2.784218,4.176327,-1.675796,2.000000,4.500000,0.000000,0.000000,-0.000000,0.000000,-0.000000,-0.000000,-0.000000,-0.000000
1.850000,-1.867108,0.716873,-1.075310,-2.800662,4.200993,-1.612965,2.000000,4.500000,-1.867108,0.716873,-1.075310,-2.800662,4.200993,-1.612965,2.000000,4.500000,0.000000,0.000000,-0.000000,0.000000,-0.000000,-0.000000,-0.000000,-0.000000
1.860000,-1.877651,0.688787,-1.033180,-2.816476,4.224714,-1.549771,2.000000,4.500000,-1.877651,0.688787,-1.033180,-2.816476,4.224714,-1.549771,2.000000,4.500000,0.000000,0.000000,-0.000000,0.000000,-0.000000,-0.000000,-0.000000,-0.000000
1.870000,-1.887771,0.660546,-0.990819,-2.831656,4.247485,-1.486228,2.000000,4.500000,-1.887771,0.660546,-0.990819,-2.831656,4.247485,-1.486228,2.000000,4.500000,0.000000,0.000000,-0.000000,0.000000,-0.000000,-0.000000,-0.000000,-0.000000
1.880000,-1.897466,0.632156,-0.948234,-2.846200,4.269299,-1.422351,2.000000,4.500000,-1.897466,0.632156,-0.948234,-2.846200,4.269299,-1.422351,2.000000,4.500000,0.000000,0.000000,-0.000000,0.000000,-0.000000,-0.000000,-0.000000,-0.000000
1.890000,-1.906735,0.603624,-0.905436,-2.860102,4.290154,-1.358154,2.000000,4.500000,-1.906735,0.603624,-0.905436,-2.860102,4.290154,-1.358154,2.000000,4.500000,0.000000,0.000000,-0.000000,0.000000,-0.000000,-0.000000,-0.000000,-0.000000
1.900000,-1.915574,0.574956,-0.862434,-2.873362,4.310043,-1.293651,2.000000,4.500000,-1.915574,0.574956,-0.862434,-2.873362,4.310043,-1.293651,2.000000,4.500000,0.000000,0.000000,-0.000000,0.000000,-0.000000,-0.000000,-0.000000,-0.000000
1.910000,-1.923983,0.546159,-0.819238,-2.885974,4.328962,-1.228857,2.000000,4.500000,-1.923983,0.546159,-0.819238,-2.885974,4.328962,-1.228857,2.000000,4.500000,0.000000,0.000000,-0.000000,0.000000,-0.000000,-0.000000,-0.000000,-0.000000
1.920000,-1.931959,0.517239,-0.775858,-2.897938,4.346907,-1.163787,2.000000,4.500000,-1.931959,0.517239,-0.775858,-2.897938,4.346907,-1.163787,2.000000,4.500000,0.000000,0.000000,-0.000000,0.000000,-0.000000,-0.000000,-0.000000,-0.000000
1.930000,-1.939500,0.488202,-0.732303,-2.909249,4.363874,-1.098455,2.000000,4.500000,-1.939500,0.488202,-0.732303,-2.909249,4.363874,-1.098455,2.000000,4.500000,0.000000,0.000000,-0.000000,0.000000,-0.000000,-0.000000,-0.000000,-0.000000
1.940000,-1.946604,0.459056,-0.688584,-2.919906,4.379859,-1.032876,2.000000,4.500000,-1.946604,0.459056,-0.688584,-2.919906,4.379859,-1.032876,2.000000,4.500000,0.000000,0.000000,-0.000000,0.000000,-0.000000,-0.000000,-0.000000,-0.000000
1.950000,-1.953271,0.429806,-0.644709,-2.929906,4.394859,-0.967064,2.000000,4.500000,-1.953271,0.429806,-0.644709,-2.929906,4.394859,-0.967064,2.000000,4.500000,0.000000,0.000000,-0.000000,0.000000,-0.000000,-0.000000,-0.000000,-0.000000
1.960000,-1.959498,0.400460,-0.600690,-2.939247,4.408870,-0.901035,2.000000,4.500000,-1.959498,0.400460,-0.600690,-2.939247,4.408870,-0.901035,2.000000,4.500000,0.000000,0.000000,-0.000000,0.000000,-0.000000,-0.000000,-0.000000,-0.000000
1.970000,-1.965284,0.371024,-0.556535,-2.947926,4.421889,-0.834803,2.000000,4.500000,-1.965284,0.371024,-0.556535,-2.947926,4.421889,-0.834803,2.000000,4.500000,0.000000,0.000000,-0.000000,0.000000,-0.000000,-0.000000,-0.000000,-0.000000
1.980000,-1.970628,0.341504,-0.512255,-2.955942,4.433913,-0.768383,2.000000,4.500000,-1.970628,0.341504,-0.512255,-2.955942,4.433913,-0.768383,2.000000,4.500000,0.000000,0.000000,-0.000000,0.000000,-0.000000,-0.000000,-0.000000,-0.000000
1.990000,-1.975529,0.311907,-0.467860,-2.963293,4.444940,-0.701791,2.000000,4.500000,-1.975529,0.311907,-0.467860,-2.963293,4.444940,-0.701791,2.000000,4.500000,0.000000,0.000000,-0.000000,0.000000,-0.000000,-0.000000,-0.000000,-0.000000
2.000000,-1.979985,0.282240,-0.423360,-2.969977,4.454966,-0.635040,2.000000,4.500000,-1.979985,0.282240,-0.423360,-2.969977,4.454966,-0.635040,2.000000,4.500000,0.000000,0.000000,-0.000000,0.000000,-0.000000,-0.000000,-0.000000,-0.000000
2.010000,-1.983996,0.252510,-0.378764,-2.975994,4.463990,-0.568147,2.000000,4.500000,-1.983996,0.252510,-0.378764,-2.975994,4.463990,-0.568147,2.000000,4.500000,0.000000,0.000000,-0.000000,0.000000,-0.000000,-0.000000,-0.000000,-0.000000
2.020000,-1.987560,0.222722,-0.334084,-2.981340,4.472010,-0.501125,2.000000,4.500000,-1.987560,0.222722,-0.334084,-2.981340,4.472010,-0.501125,2.000000,4.500000,0.000000,0.000000,-0.000000,0.000000,-0.000000,-0.000000,-0.000000,-0.000000
2.030000,-1.990677,0.192885,-0.289328,-2.986016,4.479023,-0.433991,2.000000,4.500000,-1.990677,0.192885,-0.289328,-2.986016,4.479024,-0.433991,2.000000,4.500000,0.000000,0.000000,-0.000000,0.000000,-0.000000,-0.000000,-0.000000,-0.000000
2.040000,-1.993346,0.163004,-0.244506,-2.990019,4.485029,-0.366760,2.000000,4.500000,-1.993346,0.163004,-0.244506,-2.990019,4.485029,-0.366760,2.000000,4.500000,0.000000,0.000000,-0.000000,0.000000,-0.000000,-0.000000,-0.000000,-0.000000
2.050000,-1.995567,0.133087,-0.199630,-2.993351,4.490026,-0.299446,2.000000,4.500000,-1.995567,0.133087,-0.199630,-2.993351,4.490026,-0.299446,2.000000,4.500000,0.000000,0.000000,-0.000000,0.000000,-0.000000,-0.000000,-0.000000,-0.000000
2.060000,-1.997339,0.103140,-0.154709,-2.996008,4.494012,-0.232064,2.000000,4.500000,-1.997339,0.103140,-0.154709,-2.996008,4.494012,-0.232064,2.000000,4.500000,0.000000,0.000000,-0.000000,0.000000,-0.000000,-0.000000,-0.000000,-0.000000
2.070000,-1.998661,0.073169,-0.109753,-2.997992,4.496988,-0.164630,2.000000,4.500000,-1.998661,0.073169,-0.109753,-2.997992,4.496988,-0.164630,2.000000,4.500000,0.000000,0.000000,-0.000000,0.000000,-0.000000,-0.000000,-0.000000,-0.000000
2.080000,-1.999534,0.043182,-0.064773,-2.999301,4.498951,-0.097159,2.000000,4.500000,-1.999534,0.043182,-0.064773,-2.999301,4.498951,-0.097159,2.000000,4.500000,0.000000,0.000000,-0.000000,0.000000,-0.000000,-0.000000,-0.000000,-0.000000
2.090000,-1.999957,0.013185,-0.019778,-2.999935,4.499902,-0.029667,2.000000,4.500000,-1.999957,0.013185,-0.019778,-2.999935,4.499902,-0.029667,2.000000,4.500000,0.000000,0.000000,-0.000000,0.000000,-0.000000,-0.000000,-0.000000,-0.000000
2.100000,-1.999929,-0.016814,0.025222,-2.999894,4.499841,0.037833,2.000000,4.500000,-1.999929,-0.016814,0.025222,-2.999894,4.499841,0.037833,2.000000,4.500000,0.000000,0.000000,-0.000000,0.000000,-0.000000,-0.000000,-0.000000,-0.000000
2.110000,-1.999452,-0.046810,0.070216,-2.999178,4.498767,0.105323,2.000000,4.500000,-1.999452,-0.046810,0.070216,-2.999178,4.498767,0.105323,2.000000,4.500000,-0.000000,0.000000,-0.000000,-0.000000,0.000000,-0.000000,-0.000000,-0.000000
2.120000,-1.998525,-0.076796,0.115194,-2.997788,4.496681,0.172791,2.000000,4.500000,-1.998525,-0.076796,0.115194,-2.997788,4.496681,0.172791,2.000000,4.500000,-0.000000,0.000000,-0.000000,-0.000000,0.000000,-0.000000,-0.000000,-0.000000
2.130000,-1.997148,-0.106764,0.160146,-2.995723,4.493584,0.240219,2.000000,4.500000,-1.997148,-0.106764,0.160146,-2.995722,4.493584,0.240219,2.000000,4.500000,-0.000000,0.000000,-0.000000,-0.000000,0.000000,-0.000000,-0.000000,-0.000000
2.140000,-1.995322,-0.136708,0.205062,-2.992983,4.489475,0.307593,2.000000,4.500000,-1.995322,-0.136708,0.205062,-2.992983,4.489475,0.307593,2.000000,4.500000,-0.000000,0.000000,-0.000000,-0.000000,0.000000,-0.000000,-0.000000,-0.000000
2.150000,-1.993047,-0.166621,0.249932,-2.989571,4.484356,0.374898,2.000000,4.500000,-1.993047,-0.166621,0.249932,-2.989571,4.484356,0.374898,2.000000,4.500000,-0.000000,0.000000,-0.000000,-0.000000,0.000000,-0.000000,-0.000000,-0.000000
2.160000,-1.990324,-0.196497,0.294746,-2.985486,4.478229,0.442119,2.000000,4.500000,-1.990324,-0.196497,0.294746,-2.985486,4.478229,0.442119,2.000000,4.500000,-0.000000,0.000000,-0.000000,-0.000000,0.000000,-0.000000,-0.000000,-0.000000
2.170000,-1.987153,-0.226329,0.339493,-2.980729,4.471093,0.509240,2.000000,4.500000,-1.987153,-0.226329,0.339493,-2.980729,4.471093,0.509240,2.000000,4.500000,-0.000000,0.000000,-0.000000,-0.000000,0.000000,-0.000000,-0.000000,-0.000000
2.180000,-1.983534,-0.256110,0.384164,-2.975301,4.462952,0.576246,2.000000,4.500000,-1.983534,-0.256110,0.384164,-2.975301,4.462952,0.576246,2.000000,4.500000,-0.000000,0.000000,-0.000000,-0.000000,0.000000,-0.000000,-0.000000,-0.000000
2.190000,-1.979470,-0.285833,0.428749,-2.969204,4.453806,0.643123,2.000000,4.500000,-1.979470,-0.285833,0.428749,-2.969204,4.453806,0.643123,2.000000,4.500000,-0.000000,0.000000,-0.000000,-0.000000,0.000000,-0.000000,-0.000000,-0.000000
2.200000,-1.974960,-0.315491,0.473237,-2.962439,4.443659,0.709856,2.000000,4.500000,-1.974960,-0.315491,0.473237,-2.962439,4.443659,0.709856,2.000000,4.500000,-0.000000,0.000000,-0.000000,-0.000000,0.000000,-0.000000,-0.000000,-0.000000
2.210000,-1.970005,-0.345079,0.517619,-2.955008,4.432512,0.776428,2.000000,4.500000,-1.970005,-0.345079,0.517619,-2.955008,4.432512,0.776428,2.000000,4.500000,-0.000000,0.000000,-0.000000,-0.000000,0.000000,-0.000000,-0.000000,-0.000000
2.220000,-1.964608,-0.374589,0.561884,-2.946911,4.420367,0.842826,2.000000,4.500000,-1.964608,-0.374589,0.561884,-2.946911,4.420367,0.842826,2.000000,4.500000,-0.000000,0.000000,-0.000000,-0.000000,0.000000,-0.000000,-0.000000,-0.000000
2.230000,-1.958768,-0.404015,0.606023,-2.938152,4.407228,0.909034,2.000000,4.500000,-1.958768,-0.404015,0.606023,-2.938152,4.407228,0.909034,2.000000,4.500000,-0.000000,0.000000,-0.000000,-0.000000,0.000000,-0.000000,-0.000000,-0.000000
2.240000,-1.952488,-0.433350,0.650025,-2.928731,4.393097,0.975038,2.000000,4.500000,-1.952488,-0.433350,0.650025,-2.928731,4.393097,0.975038,2.000000,4.500000,-0.000000,0.000000,-0.000000,-0.000000,0.000000,-0.000000,-0.000000,-0.000000
2.250000,-1.945768,-0.462588,0.693881,-2.918652,4.377978,1.040822,2.000000,4.500000,-1.945768,-0.462588,0.693881,-2.918652,4.377978,1.040822,2.000000,4.500000,-0.000000,0.000000,-0.000000,-0.000000,0.000000,-0.000000,-0.000000,-0.000000
2.260000,-1.938610,-0.491721,0.737582,-2.907916,4.361873,1.106372,2.000000,4.500000,-1.938610,-0.491721,0.737582,-2.907916,4.361873,1.106372,2.000000,4.500000,-0.000000,0.000000,-0.000000,-0.000000,0.000000,-0.000000,-0.000000,-0.000000
2.270000,-1.931017,-0.520744,0.781116,-2.896525,4.344788,1.171673,2.000000,4.500000,-1.931017,-0.520744,0.781116,-2.896525,4.344788,1.171673,2.000000,4.500000,-0.000000,0.000000,-0.000000,-0.000000,0.000000,-0.000000,-0.000000,-0.000000
2.280000,-1.922989,-0.549649,0.824474,-2.884483,4.326725,1.236711,2.000000,4.500000,-1.922989,-0.549649,0.824474,-2.884483,4.326725,1.236711,2.000000,4.500000,-0.000000,0.000000,-0.000000,-0.000000,0.000000,-0.000000,-0.000000,-0.000000
2.290000,-1.914528,-0.578431,0.867647,-2.871792,4.307688,1.301470,2.000000,4.500000,-1.914528,-0.578431,0.867647,-2.871792,4.307688,1.301470,2.000000,4.500000,-0.000000,0.000000,-0.000000,-0.000000,0.000000,-0.000000,-0.000000,-0.000000
2.300000,-1.905636,-0.607083,0.910625,-2.858455,4.287682,1.365937,2.000000,4.500000,-1.905636,-0.607083,0.910625,-2.858455,4.287682,1.365937,2.000000,4.500000,-0.000000,0.000000,-0.000000,-0.000000,0.000000,-0.000000,-0.000000,-0.000000
2.310000,-1.896316,-0.635598,0.953397,-2.844474,4.266711,1.430096,2.000000,4.500000,-1.896316,-0.635598,0.953397,-2.844474,4.266711,1.430096,2.000000,4.500000,-0.000000,0.000000,-0.000000,-0.000000,0.000000,-0.000000,-0.000000,-0.000000
2.320000,-1.886569,-0.663970,0.995956,-2.829854,4.244781,1.493933,2.000000,4.500000,-1.886569,-0.663970,0.995956,-2.829854,4.244781,1.493933,2.000000,4.500000,-0.000000,0.000000,-0.000000,-0.000000,0.000000,-0.000000,-0.000000,-0.000000
2.330000,-1.876398,-0.692193,1.038290,-2.814597,4.221895,1.557435,2.000000,4.500000,-1.876398,-0.692193,1.038290,-2.814597,4.221895,1.557435,2.000000,4.500000,-0.000000,0.000000,-0.000000,-0.000000,0.000000,-0.000000,-0.000000,-0.000000
2.340000,-1.865804,-0.720260,1.080390,-2.798706,4.198059,1.620585,2.000000,4.500000,-1.865804,-0.720260,1.080390,-2.798706,4.198059,1.620585,2.000000,4.500000,-0.000000,0.000000,-0.000000,-0.000000,0.000000,-0.000000,-0.000000,-0.000000
2.350000,-1.854791,-0.748165,1.122248,-2.782186,4.173279,1.683372,2.000000,4.500000,-1.854791,-0.748165,1.122248,-2.782186,4.173279,1.683372,2.000000,4.500000,-0.000000,0.000000,-0.000000,-0.000000,0.000000,-0.000000,-0.000000,-0.000000
2.360000,-1.843360,-0.775902,1.163853,-2.765040,4.147560,1.745779,2.000000,4.500000,-1.843360,-0.775902,1.163853,-2.765040,4.147560,1.745779,2.000000,4.500000,-0.000000,0.000000,-0.000000,-0.000000,0.000000,-0.000000,-0.000000,-0.000000
2.370000,-1.831515,-0.803464,1.205196,-2.747272,4.120908,1.807794,2.000000,4.500000,-1.831515,-0.803464,1.205196,-2.747272,4.120908,1.807794,2.000000,4.500000,-0.000000,0.000000,-0.000000,-0.000000,0.000000,-0.000000,-0.000000,-0.000000
2.380000,-1.819257,-0.830845,1.246268,-2.728886,4.093328,1.869402,2.000000,4.500000,-1.819257,-0.830845,1.246268,-2.728886,4.093328,1.869402,2.000000,4.500000,-0.000000,0.000000,-0.000000,-0.000000,0.000000,-0.000000,-0.000000,-0.000000
2.390000,-1.806590,-0.858040,1.287059,-2.709885,4.064828,1.930589,2.000000,4.500000,-1.806590,-0.858040,1.287059,-2.709885,4.064828,1.930589,2.000000,4.500000,-0.000000,0.000000,-0.000000,-0.000000,0.000000,-0.000000,-0.000000,-0.000000
2.400000,-1.793517,-0.885041,1.327561,-2.690275,4.035413,1.991342,2.000000,4.500000,-1.793517,-0.885041,1.327561,-2.690275,4.035413,1.991342,2.000000,4.500000,-0.000000,0.000000,-0.000000,-0.000000,0.000000,-0.000000,-0.000000,-0.000000
2.410000,-1.780040,-0.911843,1.367765,-2.670060,4.005090,2.051647,2.000000,4.500000,-1.780040,-0.911843,1.367765,-2.670060,4.005090,2.051647,2.000000,4.500000,-0.000000,0.000000,-0.000000,-0.000000,0.000000,-0.000000,-0.000000,-0.000000
2.420000,-1.766163,-0.938440,1.407660,-2.649244,3.973866,2.111490,2.000000,4.500000,-1.766163,-0.938440,1.407660,-2.649244,3.973866,2.111490,2.000000,4.500000,-0.000000,0.000000,-0.000000,-0.000000,0.000000,-0.000000,-0.000000,-0.000000
2.430000,-1.751888,-0.964826,1.447239,-2.627832,3.941748,2.170858,2.000000,4.500000,-1.751888,-0.964826,1.447239,-2.627832,3.941748,2.170858,2.000000,4.500000,-0.000000,0.000000,-0.000000,-0.000000,0.000000,-0.000000,-0.000000,-0.000000
2.440000,-1.737219,-0.990995,1.486492,-2.605828,3.908742,2.229738,2.000000,4.500000,-1.737219,-0.990995,1.486492,-2.605828,3.908742,2.229738,2.000000,4.500000,-0.000000,0.000000,-0.000000,-0.000000,0.000000,-0.000000,-0.000000,-0.000000
2.450000,-1.722159,-1.016941,1.525411,-2.583239,3.874858,2.288116,2.000000,4.500000,-1.722159,-1.016941,1.525411,-2.583239,3.874858,2.288116,2.000000,4.500000,-0.000000,0.000000,-0.000000,-0.000000,0.000000,-0.000000,-0.000000,-0.000000
2.460000,-1.706712,-1.042658,1.563986,-2.560068,3.840102,2.345980,2.000000,4.500000,-1.706712,-1.042658,1.563986,-2.560068,3.840102,2.345980,2.000000,4.500000,-0.000000,0.000000,-0.000000,-0.000000,0.000000,-0.000000,-0.000000,-0.000000
2.470000,-1.690881,-1.068140,1.602210,-2.536321,3.804481,2.403315,2.000000,4.500000,-1.690881,-1.068140,1.602210,-2.536321,3.804481,2.403315,2.000000,4.500000,-0.000000,0.000000,-0.000000,-0.000000,0.000000,-0.000000,-0.000000,-0.000000
2.480000,-1.674669,-1.093382,1.640073,-2.512003,3.768005,2.460110,2.000000,4.500000,-1.674669,-1.093382,1.640073,-2.512003,3.768005,2.460110,2.000000,4.500000,-0.000000,0.000000,-0.000000,-0.000000,0.000000,-0.000000,-0.000000,-0.000000
2.490000,-1.658080,-1.118378,1.677567,-2.487120,3.730681,2.516351,2.000000,4.500000,-1.658080,-1.118378,1.677567,-2.487120,3.730681,2.516351,2.000000,4.500000,-0.000000,0.000000,-0.000000,-0.000000,0.000000,-0.000000,-0.000000,-0.000000
2.500000,-1.641119,-1.143123,1.714684,-2.461678,3.692517,2.572026,2.000000,4.500000,-1.641119,-1.143123,1.714684,-2.461678,3.692517,2.572026,2.000000,4.500000,-0.000000,0.000000,-0.000000,-0.000000,0.000000,-0.000000,-0.000000,-0.000000
2.510000,-1.623788,-1.167610,1.751415,-2.435682,3.653523,2.627122,2.000000,4.500000,-1.623788,-1.167610,1.751415,-2.435682,3.653523,2.627122,2.000000,4.500000,-0.000000,0.000000,-0.000000,-0.000000,0.000000,-0.000000,-0.000000,-0.000000
2.520000,-1.606092,-1.191834,1.787752,-2.409138,3.613706,2.681628,2.000000,4.500000,-1.606092,-1.191834,1.787752,-2.409138,3.613706,2.681628,2.000000,4.500000,-0.000000,0.000000,-0.000000,-0.000000,0.000000,-0.000000,-0.000000,-0.000000
2.530000,-1.588034,-1.215791,1.823686,-2.382051,3.573077,2.735529,2.000000,4.500000,-1.588034,-1.215791,1.823686,-2.382051,3.573077,2.735529,2.000000,4.500000,-0.000000,0.000000,-0.000000,-0.000000,0.000000,-0.000000,-0.000000,-0.000000
2.540000,-1.569619,-1.239474,1.859211,-2.354429,3.531644,2.788816,2.000000,4.500000,-1.569619,-1.239474,1.859211,-2.354429,3.531644,2.788816,2.000000,4.500000,-0.000000,0.000000,-0.000000,-0.000000,0.000000,-0.000000,-0.000000,-0.000000
2.550000,-1.550851,-1.262878,1.894316,-2.326277,3.489416,2.841475,2.000000,4.500000,-1.550851,-1.262878,1.894316,-2.326277,3.489416,2.841475,2.000000,4.500000,-0.000000,0.000000,-0.000000,-0.000000,0.000000,-0.000000,-0.000000,-0.000000
2.560000,-1.531734,-1.285997,1.928996,-2.297602,3.446403,2.893494,2.000000,4.500000,-1.531734,-1.285997,1.928996,-2.297602,3.446403,2.893494,2.000000,4.500000,-0.000000,0.000000,-0.000000,-0.000000,0.000000,-0.000000,-0.000000,-0.000000
2.570000,-1.512273,-1.308828,1.963242,-2.268409,3.402614,2.944863,2.000000,4.500000,-1.512273,-1.308828,1.963242,-2.268409,3.402614,2.944863,2.000000,4.500000,-0.000000,0.000000,-0.000000,-0.000000,0.000000,-0.000000,-0.000000,-0.000000
2.580000,-1.492471,-1.331364,1.997046,-2.238707,3.358060,2.995569,2.000000,4.500000,-1.492471,-1.331364,1.997046,-2.238707,3.358060,2.995569,2.000000,4.500000,-0.000000,0.000000,-0.000000,-0.000000,0.000000,-0.000000,-0.000000,-0.000000
2.590000,-1.472333,-1.353600,2.030401,-2.208500,3.312750,3.045601,2.000000,4.500000,-1.472333,-1.353600,2.030401,-2.208500,3.312750,3.045601,2.000000,4.500000,-0.000000,0.000000,-0.000000,-0.000000,0.000000,-0.000000,-0.000000,-0.000000
2.600000,-1.451865,-1.375532,2.063298,-2.177797,3.266695,3.094948,2.000000,4.500000,-1.451865,-1.375532,2.063298,-2.177797,3.266695,3.094948,2.000000,4.500000,-0.000000,0.000000,-0.000000,-0.000000,0.000000,-0.000000,-0.000000,-0.000000
2.610000,-1.431069,-1.397155,2.095732,-2.146604,3.219905,3.143598,2.000000,4.500000,-1.431069,-1.397155,2.095732,-2.146604,3.219905,3.143598,2.000000,4.500000,-0.000000,0.000000,-0.000000,-0.000000,0.000000,-0.000000,-0.000000,-0.000000
2.620000,-1.409952,-1.418463,2.127694,-2.114927,3.172391,3.191541,2.000000,4.500000,-1.409952,-1.418463,2.127694,-2.114927,3.172391,3.191541,2.000000,4.500000,-0.000000,0.000000,-0.000000,-0.000000,0.000000,-0.000000,-0.000000,-0.000000
2.630000,-1.388517,-1.439452,2.159178,-2.082775,3.124163,3.238766,2.000000,4.500000,-1.388517,-1.439452,2.159178,-2.082775,3.124163,3.238766,2.000000,4.500000,-0.000000,0.000000,-0.000000,-0.000000,0.000000,-0.000000,-0.000000,-0.000000
2.640000,-1.366770,-1.460117,2.190175,-2.050154,3.075232,3.285263,2.000000,4.500000,-1.366770,-1.460117,2.190175,-2.050154,3.075232,3.285263,2.000000,4.500000,-0.000000,0.000000,-0.000000,-0.000000,0.000000,-0.000000,-0.000000,-0.000000
2.650000,-1.344715,-1.480453,2.220680,-2.017072,3.025609,3.331020,2.000000,4.500000,-1.344715,-1.480453,2.220680,-2.017072,3.025609,3.331020,2.000000,4.500000,-0.000000,0.000000,-0.000000,-0.000000,0.000000,-0.000000,-0.000000,-0.000000
2.660000,-1.322358,-1.500457,2.250685,-1.983537,2.975305,3.376027,2.000000,4.500000,-1.322358,-1.500457,2.250685,-1.983537,2.975305,3.376027,2.000000,4.500000,-0.000000,0.000000,-0.000000,-0.000000,0.000000,-0.000000,-0.000000,-0.000000
2.670000,-1.299703,-1.520122,2.280184,-1.949554,2.924332,3.420276,2.000000,4.500000,-1.299703,-1.520122,2.280184,-1.949554,2.924332,3.420276,2.000000,4.500000,-0.000000,0.000000,-0.000000,-0.000000,0.000000,-0.000000,-0.000000,-0.000000
2.680000,-1.276756,-1.539446,2.309169,-1.915134,2.872700,3.463754,2.000000,4.500000,-1.276756,-1.539446,2.309169,-1.915134,2.872700,3.463754,2.000000,4.500000,-0.000000,0.000000,-0.000000,-0.000000,0.000000,-0.000000,-0.000000,-0.000000
2.690000,-1.253521,-1.558424,2.337636,-1.880282,2.820423,3.506453,2.000000,4.500000,-1.253521,-1.558424,2.337636,-1.880282,2.820423,3.506453,2.000000,4.500000,-0.000000,0.000000,-0.000000,-0.000000,0.000000,-0.000000,-0.000000,-0.000000
2.700000,-1.230005,-1.577051,2.365576,-1.845007,2.767511,3.548364,2.000000,4.500000,-1.230005,-1.577051,2.365576,-1.845007,2.767511,3.548364,2.000000,4.500000,-0.000000,0.000000,-0.000000,-0.000000,0.000000,-0.000000,-0.000000,-0.000000
2.710000,-1.206212,-1.595322,2.392984,-1.809317,2.713976,3.589476,2.000000,4.500000,-1.206212,-1.595322,2.392984,-1.809317,2.713976,3.589476,2.000000,4.500000,-0.000000,0.000000,-0.000000,-0.000000,0.000000,-0.000000,-0.000000,-0.000000
2.720000,-1.182147,-1.613235,2.419853,-1.773220,2.659830,3.629780,2.000000,4.500000,-1.182147,-1.613235,2.419853,-1.773220,2.659830,3.629780,2.000000,4.500000,-0.000000,0.000000,-0.000000,-0.000000,0.000000,-0.000000,-0.000000,-0.000000
2.730000,-1.157816,-1.630786,2.446178,-1.736724,2.605087,3.669267,2.000000,4.500000,-1.157816,-1.630786,2.446178,-1.736724,2.605087,3.669267,2.000000,4.500000,-0.000000,0.000000,-0.000000,-0.000000,0.000000,-0.000000,-0.000000,-0.000000
2.740000,-1.133225,-1.647969,2.471953,-1.699838,2.549757,3.707930,2.000000,4.500000,-1.133225,-1.647969,2.471953,-1.699838,2.549757,3.707930,2.000000,4.500000,-0.000000,0.000000,-0.000000,-0.000000,0.000000,-0.000000,-0.000000,-0.000000
2.750000,-1.108379,-1.664781,2.497172,-1.662569,2.493853,3.745757,2.000000,4.500000,-1.108379,-1.664781,2.497172,-1.662569,2.493853,3.745757,2.000000,4.500000,-0.000000,0.000000,-0.000000,-0.000000,0.000000,-0.000000,-0.000000,-0.000000
2.760000,-1.083284,-1.681219,2.521828,-1.624925,2.437388,3.782742,2.000000,4.500000,-1.083284,-1.681219,2.521828,-1.624925,2.437388,3.782742,2.000000,4.500000,-0.000000,0.000000,-0.000000,-0.000000,0.000000,-0.000000,-0.000000,-0.000000
2.770000,-1.057944,-1.697278,2.545917,-1.586917,2.380375,3.818876,2.000000,4.500000,-1.057944,-1.697278,2.545917,-1.586917,2.380375,3.818876,2.000000,4.500000,-0.000000,0.000000,-0.000000,-0.000000,0.000000,-0.000000,-0.000000,-0.000000
2.780000,-1.032367,-1.712956,2.569434,-1.548551,2.322826,3.854151,2.000000,4.500000,-1.032367,-1.712956,2.569434,-1.548551,2.322826,3.854151,2.000000,4.500000,-0.000000,0.000000,-0.000000,-0.000000,0.000000,-0.000000,-0.000000,-0.000000
2.790000,-1.006558,-1.728248,2.592372,-1.509836,2.264755,3.888558,2.000000,4.500000,-1.006558,-1.728248,2.592372,-1.509836,2.264755,3.888558,2.000000,4.500000,-0.000000,0.000000,-0.000000,-0.000000,0.000000,-0.000000,-0.000000,-0.000000
2.800000,-0.980522,-1.743152,2.614727,-1.470782,2.206174,3.922091,2.000000,4.500000,-0.980522,-1.743152,2.614727,-1.470782,2.206174,3.922091,2.000000,4.500000,-0.000000,0.000000,-0.000000,-0.000000,0.000000,-0.000000,-0.000000,-0.000000
2.810000,-0.954265,-1.757663,2.636494,-1.431398,2.147096,3.954741,2.000000,4.500000,-0.954265,-1.757663,2.636494,-1.431398,2.147096,3.954741,2.000000,4.500000,-0.000000,0.000000,-0.000000,-0.000000,0.000000,-0.000000,-0.000000,-0.000000
2.820000,-0.927794,-1.771778,2.657668,-1.391691,2.087536,3.986501,2.000000,4.500000,-0.927794,-1.771778,2.657668,-1.391691,2.087536,3.986501,2.000000,4.500000,-0.000000,0.000000,-0.000000,-0.000000,0.000000,-0.000000,-0.000000,-0.000000
2.830000,-0.901114,-1.785495,2.678243,-1.351671,2.027506,4.017365,2.000000,4.500000,-0.901114,-1.785495,2.678243,-1.351671,2.027506,4.017365,2.000000,4.500000,-0.000000,0.000000,-0.000000,-0.000000,0.000000,-0.000000,-0.000000,-0.000000
2.840000,-0.874231,-1.798811,2.698216,-1.311346,1.967019,4.047324,2.000000,4.500000,-0.874231,-1.798811,2.698216,-1.311346,1.967019,4.047324,2.000000,4.500000,-0.000000,0.000000,-0.000000,-0.000000,0.000000,-0.000000,-0.000000,-0.000000
2.850000,-0.847151,-1.811721,2.717582,-1.270727,1.906091,4.076373,2.000000,4.500000,-0.847151,-1.811721,2.717582,-1.270727,1.906091,4.076373,2.000000,4.500000,-0.000000,0.000000,-0.000000,-0.000000,0.000000,-0.000000,-0.000000,-0.000000
2.860000,-0.819881,-1.824224,2.736337,-1.229822,1.844733,4.104505,2.000000,4.500000,-0.819881,-1.824224,2.736337,-1.229822,1.844733,4.104505,2.000000,4.500000,-0.000000,0.000000,-0.000000,-0.000000,0.000000,-0.000000,-0.000000,-0.000000
2.870000,-0.792427,-1.836317,2.754475,-1.188640,1.782960,4.131713,2.000000,4.500000,-0.792427,-1.836317,2.754475,-1.188640,1.782960,4.131713,2.000000,4.500000,-0.000000,0.000000,-0.000000,-0.000000,0.000000,-0.000000,-0.000000,-0.000000
2.880000,-0.764794,-1.847996,2.771994,-1.147191,1.720786,4.157992,2.000000,4.500000,-0.764794,-1.847996,2.771994,-1.147191,1.720786,4.157992,2.000000,4.500000,-0.000000,0.000000,-0.000000,-0.000000,0.000000,-0.000000,-0.000000,-0.000000
2.890000,-0.736989,-1.859260,2.788890,-1.105483,1.658225,4.183335,2.000000,4.500000,-0.736989,-1.859260,2.788890,-1.105483,1.658225,4.183335,2.000000,4.500000,-0.000000,0.000000,-0.000000,-0.000000,0.000000,-0.000000,-0.000000,-0.000000
2.900000,-0.709018,-1.870105,2.805158,-1.063527,1.595291,4.207737,2.000000,4.500000,-0.709018,-1.870105,2.805158,-1.063527,1.595291,4.207737,2.000000,4.500000,-0.000000,0.000000,-0.000000,-0.000000,0.000000,-0.000000,-0.000000,-0.000000
2.910000,-0.680888,-1.880530,2.820794,-1.021332,1.531998,4.231192,2.000000,4.500000,-0.680888,-1.880530,2.820794,-1.021332,1.531998,4.231192,2.000000,4.500000,-0.000000,0.000000,-0.000000,-0.000000,0.000000,-0.000000,-0.000000,-0.000000
2.920000,-0.652604,-1.890531,2.835797,-0.978907,1.468360,4.253695,2.000000,4.500000,-0.652604,-1.890531,2.835797,-0.978907,1.468360,4.253695,2.000000,4.500000,-0.000000,0.000000,-0.000000,-0.000000,0.000000,-0.000000,-0.000000,-0.000000
2.930000,-0.624174,-1.900107,2.850161,-0.936261,1.404392,4.275241,2.000000,4.500000,-0.624174,-1.900107,2.850161,-0.936261,1.404392,4.275241,2.000000,4.500000,-0.000000,0.000000,-0.000000,-0.000000,0.000000,-0.000000,-0.000000,-0.000000
2.940000,-0.595603,-1.909256,2.863883,-0.893405,1.340107,4.295825,2.000000,4.500000,-0.595603,-1.909256,2.863883,-0.893405,1.340107,4.295825,2.000000,4.500000,-0.000000,0.000000,-0.000000,-0.000000,0.000000,-0.000000,-0.000000,-0.000000
2.950000,-0.566899,-1.917974,2.876962,-0.850348,1.275522,4.315443,2.000000,4.500000,-0.566899,-1.917974,2.876962,-0.850348,1.275522,4.315443,2.000000,4.500000,-0.000000,0.000000,-0.000000,-0.000000,0.000000,-0.000000,-0.000000,-0.000000
2.960000,-0.538066,-1.926262,2.889393,-0.807099,1.210649,4.334089,2.000000,4.500000,-0.538066,-1.926262,2.889393,-0.807099,1.210649,4.334089,2.000000,4.500000,-0.000000,0.000000,-0.000000,-0.000000,0.000000,-0.000000,-0.000000,-0.000000
2.970000,-0.509113,-1.934116,2.901174,-0.763669,1.145504,4.351761,2.000000,4.500000,-0.509113,-1.934116,2.901174,-0.763669,1.145504,4.351761,2.000000,4.500000,-0.000000,0.000000,-0.000000,-0.000000,0.000000,-0.000000,-0.000000,-0.000000
2.980000,-0.480045,-1.941535,2.912302,-0.720067,1.080101,4.368453,2.000000,4.500000,-0.480045,-1.941535,2.912302,-0.720067,1.080101,4.368453,2.000000,4.500000,-0.000000,0.000000,-0.000000,-0.000000,0.000000,-0.000000,-0.000000,-0.000000
2.990000,-0.450869,-1.948517,2.922775,-0.676303,1.014455,4.384162,2.000000,4.500000,-0.450869,-1.948517,2.922775,-0.676303,1.014455,4.384162,2.000000,4.500000,-0.000000,0.000000,-0.000000,-0.000000,0.000000,-0.000000,-0.000000,-0.000000
3.000000,-0.421592,-1.955060,2.932590,-0.632387,0.948581,4.398886,2.000000,4.500000,-0.421592,-1.955060,2.932590,-0.632387,0.948581,4.398886,2.000000,4.500000,-0.000000,0.000000,-0.000000,-0.000000,0.000000,-0.000000,-0.000000,-0.000000
3.010000,-0.392219,-1.961164,2.941746,-0.588329,0.882494,4.412619,2.000000,4.500000,-0.392219,-1.961164,2.941746,-0.588329,0.882494,4.412619,2.000000,4.500000,-0.000000,0.000000,-0.000000,-0.000000,0.000000,-0.000000,-0.000000,-0.000000
3.020000,-0.362759,-1.966826,2.950240,-0.544138,0.816208,4.425359,2.000000,4.500000,-0.362759,-1.966826,2.950240,-0.544138,0.816207,4.425359,2.000000,4.500000,-0.000000,0.000000,-0.000000,-0.000000,0.000000,-0.000000,-0.000000,-0.000000
3.030000,-0.333217,-1.972046,2.958069,-0.499825,0.749738,4.437104,2.000000,4.500000,-0.333217,-1.972046,2.958069,-0.499825,0.749738,4.437104,2.000000,4.500000,-0.000000,0.000000,-0.000000,-0.000000,0.000000,-0.000000,-0.000000,-0.000000
3.040000,-0.303600,-1.976823,2.965234,-0.455400,0.683099,4.447851,2.000000,4.500000,-0.303600,-1.976823,2.965234,-0.455400,0.683099,4.447851,2.000000,4.500000,-0.000000,0.000000,-0.000000,-0.000000,0.000000,-0.000000,-0.000000,-0.000000
3.050000,-0.273914,-1.981154,2.971731,-0.410872,0.616307,4.457596,2.000000,4.500000,-0.273914,-1.981154,2.971731,-0.410872,0.616307,4.457596,2.000000,4.500000,-0.000000,0.000000,-0.000000,-0.000000,0.000000,-0.000000,-0.000000,-0.000000
3.060000,-0.244167,-1.985040,2.977559,-0.366251,0.549376,4.466339,2.000000,4.500000,-0.244167,-1.985040,2.977559,-0.366251,0.549376,4.466339,2.000000,4.500000,-0.000000,0.000000,-0.000000,-0.000000,0.000000,-0.000000,-0.000000,-0.000000
3.070000,-0.214365,-1.988479,2.982718,-0.321548,0.482322,4.474077,2.000000,4.500000,-0.214365,-1.988479,2.982718,-0.321548,0.482322,4.474077,2.000000,4.500000,-0.000000,0.000000,-0.000000,-0.000000,0.000000,-0.000000,-0.000000,-0.000000
3.080000,-0.184515,-1.991470,2.987206,-0.276773,0.415159,4.480808,2.000000,4.500000,-0.184515,-1.991470,2.987206,-0.276773,0.415159,4.480808,2.000000,4.500000,-0.000000,0.000000,-0.000000,-0.000000,0.000000,-0.000000,-0.000000,-0.000000
3.090000,-0.154624,-1.994014,2.991021,-0.231935,0.347903,4.486531,2.000000,4.500000,-0.154624,-1.994014,2.991021,-0.231935,0.347903,4.486531,2.000000,4.500000,-0.000000,0.000000,-0.000000,-0.000000,0.000000,-0.000000,-0.000000,-0.000000
3.100000,-0.124697,-1.996109,2.994163,-0.187046,0.280568,4.491245,2.000000,4.500000,-0.124697,-1.996109,2.994163,-0.187046,0.280568,4.491245,2.000000,4.500000,-0.000000,0.000000,-0.000000,-0.000000,0.000000,-0.000000,-0.000000,-0.000000
3.110000,-0.094742,-1.997755,2.996632,-0.142114,0.213171,4.494948,2.000000,4.500000,-0.094742,-1.997755,2.996632,-0.142114,0.213171,4.494948,2.000000,4.500000,-0.000000,0.000000,-0.000000,-0.000000,0.000000,-0.000000,-0.000000,-0.000000
3.120000,-0.064767,-1.998951,2.998427,-0.097150,0.145725,4.497640,2.000000,4.500000,-0.064767,-1.998951,2.998427,-0.097150,0.145725,4.497640,2.000000,4.500000,-0.000000,0.000000,-0.000000,-0.000000,0.000000,-0.000000,-0.000000,-0.000000
3.130000,-0.034776,-1.999698,2.999546,-0.052164,0.078246,4.499320,2.000000,4.500000,-0.034776,-1.999698,2.999546,-0.052164,0.078246,4.499320,2.000000,4.500000,-0.000000,0.000000,-0.000000,-0.000000,0.000000,-0.000000,-0.000000,-0.000000
3.140000,-0.004778,-1.999994,2.999991,-0.007167,0.010750,4.499987,2.000000,4.500000,-0.004778,-1.999994,2.999991,-0.007167,0.010750,4.499987,2.000000,4.500000,-0.000000,0.000000,-0.000000,-0.000000,0.000000,-0.000000,-0.000000,-0.000000
3.150000,0.025221,-1.999841,2.999761,0.037832,-0.056748,4.499642,2.000000,4.500000,0.025221,-1.999841,2.999761,0.037832,-0.056748,4.499642,2.000000,4.500000,-0.000000,-0.000000,0.000000,-0.000000,0.000000,0.000000,-0.000000,-0.000000
3.160000,0.055215,-1.999238,2.998857,0.082823,-0.124234,4.498285,2.000000,4.500000,0.055215,-1.999238,2.998857,0.082823,-0.124234,4.498285,2.000000,4.500000,-0.000000,-0.000000,0.000000,-0.000000,0.000000,0.000000,-0.000000,-0.000000
3.170000,0.085196,-1.998185,2.997277,0.127794,-0.191692,4.495915,2.000000,4.500000,0.085196,-1.998185,2.997277,0.127794,-0.191692,4.495915,2.000000,4.500000,-0.000000,-0.000000,0.000000,-0.000000,0.000000,0.000000,-0.000000,-0.000000
3.180000,0.115158,-1.996682,2.995023,0.172737,-0.259106,4.492534,2.000000,4.500000,0.115158,-1.996682,2.995023,0.172737,-0.259106,4.492534,2.000000,4.500000,-0.000000,-0.000000,0.000000,-0.000000,0.000000,0.000000,-0.000000,-0.000000
3.190000,0.145094,-1.994730,2.992095,0.217642,-0.326463,4.488142,2.000000,4.500000,0.145094,-1.994730,2.992095,0.217642,-0.326463,4.488142,2.000000,4.500000,-0.000000,-0.000000,0.000000,-0.000000,0.000000,0.000000,-0.000000,-0.000000
3.200000,0.174998,-1.992329,2.988494,0.262497,-0.393745,4.482741,2.000000,4.500000,0.174998,-1.992329,2.988494,0.262497,-0.393745,4.482741,2.000000,4.500000,-0.000000,-0.000000,0.000000,-0.000000,0.000000,0.000000,-0.000000,-0.000000
3.210000,0.204862,-1.989480,2.984220,0.307293,-0.460940,4.476330,2.000000,4.500000,0.204862,-1.989480,2.984220,0.307293,-0.460940,4.476330,2.000000,4.500000,-0.000000,-0.000000,0.000000,-0.000000,0.000000,0.000000,-0.000000,-0.000000
3.220000,0.234680,-1.986184,2.979275,0.352020,-0.528030,4.468913,2.000000,4.500000,0.234680,-1.986184,2.979275,0.352020,-0.528030,4.468913,2.000000,4.500000,-0.000000,-0.000000,0.000000,-0.000000,0.000000,0.000000,-0.000000,-0.000000
3.230000,0.264445,-1.982440,2.973660,0.396668,-0.595002,4.460490,2.000000,4.500000,0.264445,-1.982440,2.973660,0.396668,-0.595002,4.460490,2.000000,4.500000,-0.000000,-0.000000,0.000000,-0.000000,0.000000,0.000000,-0.000000,-0.000000
3.240000,0.294151,-1.978251,2.967376,0.441227,-0.661840,4.451064,2.000000,4.500000,0.294151,-1.978251,2.967376,0.441227,-0.661840,4.451064,2.000000,4.500000,-0.000000,-0.000000,0.000000,-0.000000,0.000000,0.000000,-0.000000,-0.000000
3.250000,0.323791,-1.973616,2.960424,0.485686,-0.728529,4.440636,2.000000,4.500000,0.323791,-1.973616,2.960424,0.485686,-0.728529,4.440636,2.000000,4.500000,-0.000000,-0.000000,0.000000,-0.000000,0.000000,0.000000,-0.000000,-0.000000
3.260000,0.353357,-1.968537,2.952806,0.530036,-0.795054,4.429209,2.000000,4.500000,0.353357,-1.968537,2.952806,0.530036,-0.795054,4.429209,2.000000,4.500000,-0.000000,-0.000000,0.000000,-0.000000,0.000000,0.000000,-0.000000,-0.000000
3.270000,0.382845,-1.963016,2.944523,0.574267,-0.861400,4.416785,2.000000,4.500000,0.382845,-1.963016,2.944523,0.574267,-0.861400,4.416785,2.000000,4.500000,-0.000000,-0.000000,0.000000,-0.000000,0.000000,0.000000,-0.000000,-0.000000
3.280000,0.412246,-1.957052,2.935578,0.618368,-0.927553,4.403368,2.000000,4.500000,0.412246,-1.957052,2.935578,0.618368,-0.927553,4.403368,2.000000,4.500000,-0.000000,-0.000000,0.000000,-0.000000,0.000000,0.000000,-0.000000,-0.000000
3.290000,0.441554,-1.950649,2.925973,0.662331,-0.993496,4.388959,2.000000,4.500000,0.441554,-1.950649,2.925973,0.662331,-0.993496,4.388959,2.000000,4.500000,-0.000000,-0.000000,0.000000,-0.000000,0.000000,0.000000,-0.000000,-0.000000
3.300000,0.470763,-1.943806,2.915709,0.706144,-1.059216,4.373564,2.000000,4.500000,0.470763,-1.943806,2.915709,0.706144,-1.059216,4.373564,2.000000,4.500000,-0.000000,-0.000000,0.000000,-0.000000,0.000000,0.000000,-0.000000,-0.000000
3.310000,0.499866,-1.936526,2.904789,0.749799,-1.124698,4.357184,2.000000,4.500000,0.499866,-1.936526,2.904789,0.749799,-1.124698,4.357184,2.000000,4.500000,-0.000000,-0.000000,0.000000,-0.000000,0.000000,0.000000,-0.000000,-0.000000
3.320000,0.528856,-1.928811,2.893216,0.793285,-1.189927,4.339824,2.000000,4.500000,0.528856,-1.928811,2.893216,0.793285,-1.189927,4.339824,2.000000,4.500000,-0.000000,-0.000000,0.000000,-0.000000,0.000000,0.000000,-0.000000,-0.000000
3.330000,0.557728,-1.920661,2.880992,0.836592,-1.254888,4.321488,2.000000,4.500000,0.557728,-1.920661,2.880992,0.836592,-1.254888,4.321488,2.000000,4.500000,-0.000000,-0.000000,0.000000,-0.000000,0.000000,0.000000,-0.000000,-0.000000
3.340000,0.586474,-1.912080,2.868119,0.879711,-1.319567,4.302179,2.000000,4.500000,0.586474,-1.912080,2.868119,0.879711,-1.319567,4.302179,2.000000,4.500000,-0.000000,-0.000000,0.000000,-0.000000,0.000000,0.000000,-0.000000,-0.000000
3.350000,0.615088,-1.903068,2.854601,0.922632,-1.383949,4.281902,2.000000,4.500000,0.615088,-1.903068,2.854601,0.922632,-1.383949,4.281902,2.000000,4.500000,-0.000000,-0.000000,0.000000,-0.000000,0.000000,0.000000,-0.000000,-0.000000
3.360000,0.643564,-1.893628,2.840441,0.965346,-1.448019,4.260662,2.000000,4.500000,0.643564,-1.893628,2.840441,0.965346,-1.448019,4.260662,2.000000,4.500000,-0.000000,-0.000000,0.000000,-0.000000,0.000000,0.000000,-0.000000,-0.000000
3.370000,0.671895,-1.883761,2.825642,1.007843,-1.511764,4.238463,2.000000,4.500000,0.671895,-1.883761,2.825642,1.007843,-1.511764,4.238463,2.000000,4.500000,-0.000000,-0.000000,0.000000,-0.000000,0.000000,0.000000,-0.000000,-0.000000
3.380000,0.700075,-1.873471,2.810207,1.050112,-1.575168,4.215311,2.000000,4.500000,0.700075,-1.873471,2.810207,1.050112,-1.575168,4.215311,2.000000,4.500000,-0.000000,-0.000000,0.000000,-0.000000,0.000000,0.000000,-0.000000,-0.000000
3.390000,0.728097,-1.862760,2.794140,1.092146,-1.638218,4.191210,2.000000,4.500000,0.728097,-1.862760,2.794140,1.092146,-1.638218,4.191210,2.000000,4.500000,-0.000000,-0.000000,0.000000,-0.000000,0.000000,0.000000,-0.000000,-0.000000
3.400000,0.755955,-1.851629,2.777444,1.133933,-1.700900,4.166166,2.000000,4.500000,0.755955,-1.851629,2.777444,1.133933,-1.700900,4.166166,2.000000,4.500000,-0.000000,-0.000000,0.000000,-0.000000,0.000000,0.000000,-0.000000,-0.000000
3.410000,0.783644,-1.840082,2.760123,1.175466,-1.763199,4.140185,2.000000,4.500000,0.783644,-1.840082,2.760123,1.175466,-1.763199,4.140185,2.000000,4.500000,-0.000000,-0.000000,0.000000,-0.000000,0.000000,0.000000,-0.000000,-0.000000
3.420000,0.811156,-1.828121,2.742181,1.216734,-1.825101,4.113272,2.000000,4.500000,0.811156,-1.828121,2.742181,1.216734,-1.825101,4.113272,2.000000,4.500000,-0.000000,-0.000000,0.000000,-0.000000,0.000000,0.000000,-0.000000,-0.000000
3.430000,0.838485,-1.815748,2.723623,1.257728,-1.886592,4.085434,2.000000,4.500000,0.838485,-1.815748,2.723623,1.257728,-1.886592,4.085434,2.000000,4.500000,-0.000000,-0.000000,0.000000,-0.000000,0.000000,0.000000,-0.000000,-0.000000
3.440000,0.865626,-1.802967,2.704451,1.298439,-1.947659,4.056676,2.000000,4.500000,0.865626,-1.802967,2.704451,1.298439,-1.947659,4.056676,2.000000,4.500000,-0.000000,-0.000000,0.000000,-0.000000,0.000000,0.000000,-0.000000,-0.000000
3.450000,0.892572,-1.789781,2.684671,1.338859,-2.008288,4.027006,2.000000,4.500000,0.892572,-1.789781,2.684671,1.338859,-2.008288,4.027006,2.000000,4.500000,-0.000000,-0.000000,0.000000,-0.000000,0.000000,0.000000,-0.000000,-0.000000
3.460000,0.919318,-1.776191,2.664287,1.378977,-2.068465,3.996430,2.000000,4.500000,0.919318,-1.776191,2.664287,1.378977,-2.068465,3.996430,2.000000,4.500000,-0.000000,-0.000000,0.000000,-0.000000,0.000000,0.000000,-0.000000,-0.000000
3.470000,0.945856,-1.762202,2.643303,1.418784,-2.128176,3.964955,2.000000,4.500000,0.945856,-1.762202,2.643303,1.418784,-2.128176,3.964955,2.000000,4.500000,-0.000000,-0.000000,0.000000,-0.000000,0.000000,0.000000,-0.000000,-0.000000
3.480000,0.972182,-1.747817,2.621725,1.458273,-2.187409,3.932587,2.000000,4.500000,0.972182,-1.747817,2.621725,1.458273,-2.187409,3.932587,2.000000,4.500000,-0.000000,-0.000000,0.000000,-0.000000,0.000000,0.000000,-0.000000,-0.000000
3.490000,0.998289,-1.733038,2.599557,1.497433,-2.246149,3.899335,2.000000,4.500000,0.998289,-1.733038,2.599557,1.497433,-2.246150,3.899335,2.000000,4.500000,-0.000000,-0.000000,0.000000,-0.000000,0.000000,0.000000,-0.000000,-0.000000
3.500000,1.024171,-1.717869,2.576803,1.536256,-2.304385,3.865205,2.000000,4.500000,1.024171,-1.717869,2.576803,1.536256,-2.304385,3.865205,2.000000,4.500000,-0.000000,-0.000000,0.000000,-0.000000,0.000000,0.000000,-0.000000,-0.000000
3.510000,1.049823,-1.702314,2.553471,1.574734,-2.362101,3.830206,2.000000,4.500000,1.049823,-1.702314,2.553471,1.574734,-2.362101,3.830206,2.000000,4.500000,-0.000000,-0.000000,0.000000,-0.000000,0.000000,0.000000,-0.000000,-0.000000
3.520000,1.075238,-1.686375,2.529563,1.612858,-2.419287,3.794345,2.000000,4.500000,1.075238,-1.686375,2.529563,1.612858,-2.419287,3.794345,2.000000,4.500000,-0.000000,-0.000000,0.000000,-0.000000,0.000000,0.000000,-0.000000,-0.000000
3.530000,1.100412,-1.670058,2.505087,1.650618,-2.475927,3.757630,2.000000,4.500000,1.100412,-1.670058,2.505087,1.650618,-2.475927,3.757630,2.000000,4.500000,-0.000000,-0.000000,0.000000,-0.000000,0.000000,0.000000,-0.000000,-0.000000
3.540000,1.125338,-1.653364,2.480047,1.688007,-2.532011,3.720070,2.000000,4.500000,1.125338,-1.653364,2.480047,1.688007,-2.532011,3.720070,2.000000,4.500000,-0.000000,-0.000000,0.000000,-0.000000,0.000000,0.000000,-0.000000,-0.000000
3.550000,1.150011,-1.636299,2.454448,1.725017,-2.587525,3.681673,2.000000,4.500000,1.150011,-1.636299,2.454448,1.725017,-2.587525,3.681673,2.000000,4.500000,-0.000000,-0.000000,0.000000,-0.000000,0.000000,0.000000,-0.000000,-0.000000
3.560000,1.174425,-1.618865,2.428298,1.761638,-2.642457,3.642447,2.000000,4.500000,1.174425,-1.618865,2.428298,1.761638,-2.642457,3.642447,2.000000,4.500000,-0.000000,-0.000000,0.000000,-0.000000,0.000000,0.000000,-0.000000,-0.000000
3.570000,1.198575,-1.601067,2.401601,1.797863,-2.696795,3.602402,2.000000,4.500000,1.198575,-1.601067,2.401601,1.797863,-2.696795,3.602402,2.000000,4.500000,-0.000000,-0.000000,0.000000,-0.000000,0.000000,0.000000,-0.000000,-0.000000
3.580000,1.222456,-1.582909,2.374364,1.833683,-2.750525,3.561546,2.000000,4.500000,1.222456,-1.582909,2.374364,1.833683,-2.750525,3.561546,2.000000,4.500000,-0.000000,-0.000000,0.000000,-0.000000,0.000000,0.000000,-0.000000,-0.000000
3.590000,1.246061,-1.564395,2.346593,1.869091,-2.803637,3.519889,2.000000,4.500000,1.246061,-1.564395,2.346593,1.869091,-2.803637,3.519889,2.000000,4.500000,-0.000000,-0.000000,0.000000,-0.000000,0.000000,0.000000,-0.000000,-0.000000
3.600000,1.269386,-1.545529,2.318293,1.904079,-2.856118,3.477440,2.000000,4.500000,1.269386,-1.545529,2.318293,1.904079,-2.856118,3.477440,2.000000,4.500000,-0.000000,-0.000000,0.000000,-0.000000,0.000000,0.000000,-0.000000,-0.000000
3.610000,1.292425,-1.526315,2.289473,1.938638,-2.907956,3.434209,2.000000,4.500000,1.292425,-1.526315,2.289473,1.938638,-2.907956,3.434209,2.000000,4.500000,-0.000000,-0.000000,0.000000,-0.000000,0.000000,0.000000,-0.000000,-0.000000
3.620000,1.315173,-1.506758,2.260137,1.972760,-2.959140,3.390205,2.000000,4.500000,1.315173,-1.506758,2.260137,1.972760,-2.959140,3.390205,2.000000,4.500000,-0.000000,-0.000000,0.000000,-0.000000,0.000000,0.000000,-0.000000,-0.000000
3.630000,1.337626,-1.486861,2.230292,2.006439,-3.009659,3.345438,2.000000,4.500000,1.337626,-1.486861,2.230292,2.006439,-3.009659,3.345438,2.000000,4.500000,-0.000000,-0.000000,0.000000,-0.000000,0.000000,0.000000,-0.000000,-0.000000
3.640000,1.359778,-1.466630,2.199946,2.039666,-3.059500,3.299918,2.000000,4.500000,1.359778,-1.466630,2.199946,2.039666,-3.059500,3.299918,2.000000,4.500000,-0.000000,-0.000000,0.000000,-0.000000,0.000000,0.000000,-0.000000,-0.000000
3.650000,1.381623,-1.446070,2.169104,2.072435,-3.108652,3.253656,2.000000,4.500000,1.381623,-1.446070,2.169104,2.072435,-3.108652,3.253656,2.000000,4.500000,-0.000000,-0.000000,0.000000,-0.000000,0.000000,0.000000,-0.000000,-0.000000
3.660000,1.403158,-1.425183,2.137775,2.104737,-3.157106,3.206662,2.000000,4.500000,1.403158,-1.425183,2.137775,2.104737,-3.157106,3.206662,2.000000,4.500000,-0.000000,-0.000000,0.000000,-0.000000,0.000000,0.000000,-0.000000,-0.000000
3.670000,1.424377,-1.403976,2.105965,2.136566,-3.204849,3.158947,2.000000,4.500000,1.424377,-1.403976,2.105965,2.136566,-3.204849,3.158947,2.000000,4.500000,-0.000000,-0.000000,0.000000,-0.000000,0.000000,0.000000,-0.000000,-0.000000
3.680000,1.445276,-1.382454,2.073680,2.167914,-3.251871,3.110520,2.000000,4.500000,1.445276,-1.382454,2.073680,2.167914,-3.251871,3.110520,2.000000,4.500000,-0.000000,-0.000000,0.000000,-0.000000,0.000000,0.000000,-0.000000,-0.000000
3.690000,1.465849,-1.360620,2.040930,2.198774,-3.298161,3.061394,2.000000,4.500000,1.465849,-1.360620,2.040930,2.198774,-3.298161,3.061394,2.000000,4.500000,-0.000000,-0.000000,0.000000,-0.000000,0.000000,0.000000,-0.000000,-0.000000
3.700000,1.486093,-1.338480,2.007720,2.229139,-3.343709,3.011579,2.000000,4.500000,1.486093,-1.338480,2.007720,2.229139,-3.343709,3.011579,2.000000,4.500000,-0.000000,-0.000000,0.000000,-0.000000,0.000000,0.000000,-0.000000,-0.000000
3.710000,1.506002,-1.316039,1.974058,2.259003,-3.388505,2.961087,2.000000,4.500000,1.506002,-1.316039,1.974058,2.259003,-3.388505,2.961087,2.000000,4.500000,-0.000000,-0.000000,0.000000,-0.000000,0.000000,0.000000,-0.000000,-0.000000
3.720000,1.525573,-1.293301,1.939952,2.288359,-3.432538,2.909928,2.000000,4.500000,1.525573,-1.293301,1.939952,2.288359,-3.432538,2.909928,2.000000,4.500000,-0.000000,-0.000000,0.000000,-0.000000,0.000000,0.000000,-0.000000,-0.000000
3.730000,1.544800,-1.270273,1.905410,2.317200,-3.475799,2.858115,2.000000,4.500000,1.544800,-1.270273,1.905410,2.317200,-3.475799,2.858115,2.000000,4.500000,-0.000000,-0.000000,0.000000,-0.000000,0.000000,0.000000,-0.000000,-0.000000
3.740000,1.563679,-1.246959,1.870439,2.345519,-3.518278,2.805658,2.000000,4.500000,1.563679,-1.246959,1.870439,2.345519,-3.518278,2.805658,2.000000,4.500000,-0.000000,-0.000000,0.000000,-0.000000,0.000000,0.000000,-0.000000,-0.000000
3.750000,1.582207,-1.223365,1.835047,2.373311,-3.559966,2.752570,2.000000,4.500000,1.582207,-1.223364,1.835047,2.373311,-3.559966,2.752570,2.000000,4.500000,-0.000000,-0.000000,0.000000,-0.000000,0.000000,0.000000,-0.000000,-0.000000
3.760000,1.600379,-1.199495,1.799242,2.400568,-3.600852,2.698863,2.000000,4.500000,1.600379,-1.199495,1.799242,2.400568,-3.600852,2.698863,2.000000,4.500000,-0.000000,-0.000000,0.000000,-0.000000,0.000000,0.000000,-0.000000,-0.000000
3.770000,1.618191,-1.175355,1.763032,2.427286,-3.640929,2.644549,2.000000,4.500000,1.618191,-1.175355,1.763032,2.427286,-3.640929,2.644549,2.000000,4.500000,-0.000000,-0.000000,0.000000,-0.000000,0.000000,0.000000,-0.000000,-0.000000
3.780000,1.635638,-1.150951,1.726426,2.453457,-3.680186,2.589639,2.000000,4.500000,1.635638,-1.150951,1.726426,2.453457,-3.680186,2.589639,2.000000,4.500000,-0.000000,-0.000000,0.000000,-0.000000,0.000000,0.000000,-0.000000,-0.000000
3.790000,1.652718,-1.126288,1.689431,2.479077,-3.718615,2.534147,2.000000,4.500000,1.652718,-1.126288,1.689431,2.479077,-3.718615,2.534147,2.000000,4.500000,-0.000000,-0.000000,0.000000,-0.000000,0.000000,0.000000,-0.000000,-0.000000
3.800000,1.669426,-1.101371,1.652057,2.504138,-3.756208,2.478085,2.000000,4.500000,1.669426,-1.101371,1.652057,2.504138,-3.756208,2.478085,2.000000,4.500000,-0.000000,-0.000000,0.000000,-0.000000,0.000000,0.000000,-0.000000,-0.000000
3.810000,1.685758,-1.076207,1.614310,2.528637,-3.792955,2.421465,2.000000,4.500000,1.685758,-1.076207,1.614310,2.528637,-3.792955,2.421465,2.000000,4.500000,-0.000000,-0.000000,0.000000,-0.000000,0.000000,0.000000,-0.000000,-0.000000
3.820000,1.701711,-1.050800,1.576200,2.552566,-3.828849,2.364301,2.000000,4.500000,1.701711,-1.050800,1.576200,2.552566,-3.828849,2.364301,2.000000,4.500000,-0.000000,-0.000000,0.000000,-0.000000,0.000000,0.000000,-0.000000,-0.000000
3.830000,1.717281,-1.025157,1.537736,2.575921,-3.863881,2.306604,2.000000,4.500000,1.717281,-1.025157,1.537736,2.575921,-3.863881,2.306604,2.000000,4.500000,-0.000000,-0.000000,0.000000,-0.000000,0.000000,0.000000,-0.000000,-0.000000
3.840000,1.732464,-0.999284,1.498926,2.598696,-3.898044,2.248388,2.000000,4.500000,1.732464,-0.999284,1.498926,2.598696,-3.898044,2.248388,2.000000,4.500000,-0.000000,-0.000000,0.000000,-0.000000,0.000000,0.000000,-0.000000,-0.000000
3.850000,1.747258,-0.973185,1.459778,2.620887,-3.931330,2.189667,2.000000,4.500000,1.747258,-0.973185,1.459778,2.620887,-3.931330,2.189667,2.000000,4.500000,-0.000000,-0.000000,0.000000,-0.000000,0.000000,0.000000,-0.000000,-0.000000
3.860000,1.761659,-0.946868,1.420302,2.642488,-3.963732,2.130453,2.000000,4.500000,1.761659,-0.946868,1.420302,2.642488,-3.963732,2.130453,2.000000,4.500000,-0.000000,-0.000000,0.000000,-0.000000,0.000000,0.000000,-0.000000,-0.000000
3.870000,1.775663,-0.920338,1.380506,2.663494,-3.995242,2.070760,2.000000,4.500000,1.775663,-0.920338,1.380506,2.663494,-3.995242,2.070760,2.000000,4.500000,-0.000000,-0.000000,0.000000,-0.000000,0.000000,0.000000,-0.000000,-0.000000
3.880000,1.789268,-0.893600,1.340400,2.683902,-4.025852,2.010600,2.000000,4.500000,1.789268,-0.893600,1.340400,2.683902,-4.025852,2.010600,2.000000,4.500000,-0.000000,-0.000000,0.000000,-0.000000,0.000000,0.000000,-0.000000,-0.000000
3.890000,1.802470,-0.866662,1.299992,2.703705,-4.055557,1.949989,2.000000,4.500000,1.802470,-0.866662,1.299992,2.703705,-4.055557,1.949989,2.000000,4.500000,-0.000000,-0.000000,0.000000,-0.000000,0.000000,0.000000,-0.000000,-0.000000
3.900000,1.815267,-0.839528,1.259292,2.722900,-4.084350,1.888938,2.000000,4.500000,1.815267,-0.839528,1.259292,2.722900,-4.084350,1.888938,2.000000,4.500000,-0.000000,-0.000000,0.000000,-0.000000,0.000000,0.000000,-0.000000,-0.000000
3.910000,1.827655,-0.812206,1.218308,2.741482,-4.112223,1.827463,2.000000,4.500000,1.827655,-0.812206,1.218308,2.741482,-4.112223,1.827463,2.000000,4.500000,-0.000000,-0.000000,0.000000,-0.000000,0.000000,0.000000,-0.000000,-0.000000
3.920000,1.839632,-0.784700,1.177051,2.759448,-4.139172,1.765576,2.000000,4.500000,1.839632,-0.784700,1.177051,2.759448,-4.139172,1.765576,2.000000,4.500000,-0.000000,-0.000000,0.000000,-0.000000,0.000000,0.000000,-0.000000,-0.000000
3.930000,1.851195,-0.757019,1.135528,2.776792,-4.165189,1.703292,2.000000,4.500000,1.851195,-0.757019,1.135528,2.776792,-4.165189,1.703292,2.000000,4.500000,-0.000000,-0.000000,0.000000,-0.000000,0.000000,0.000000,-0.000000,-0.000000
3.940000,1.862342,-0.729167,1.093750,2.793512,-4.190268,1.640625,2.000000,4.500000,1.862342,-0.729167,1.093750,2.793512,-4.190268,1.640625,2.000000,4.500000,-0.000000,-0.000000,0.000000,-0.000000,0.000000,0.000000,-0.000000,-0.000000
3.950000,1.873069,-0.701151,1.051726,2.809604,-4.214405,1.577589,2.000000,4.500000,1.873069,-0.701151,1.051726,2.809604,-4.214405,1.577589,2.000000,4.500000,-0.000000,-0.000000,0.000000,-0.000000,0.000000,0.000000,-0.000000,-0.000000
3.960000,1.883375,-0.672977,1.009465,2.825063,-4.237594,1.514198,2.000000,4.500000,1.883375,-0.672977,1.009465,2.825063,-4.237594,1.514198,2.000000,4.500000,-0.000000,-0.000000,0.000000,-0.000000,0.000000,0.000000,-0.000000,-0.000000
3.970000,1.893258,-0.644651,0.966977,2.839886,-4.259830,1.450466,2.000000,4.500000,1.893258,-0.644651,0.966977,2.839886,-4.259830,1.450466,2.000000,4.500000,-0.000000,-0.000000,0.000000,-0.000000,0.000000,0.000000,-0.000000,-0.000000
3.980000,1.902714,-0.616181,0.924272,2.854071,-4.281107,1.386408,2.000000,4.500000,1.902714,-0.616181,0.924272,2.854071,-4.281107,1.386408,2.000000,4.500000,-0.000000,-0.000000,0.000000,-0.000000,0.000000,0.000000,-0.000000,-0.000000
3.990000,1.911742,-0.587572,0.881358,2.867614,-4.301420,1.322037,2.000000,4.500000,1.911742,-0.587572,0.881358,2.867614,-4.301420,1.322037,2.000000,4.500000,-0.000000,-0.000000,0.000000,-0.000000,0.000000,0.000000,-0.000000,-0.000000
4.000000,1.920341,-0.558831,0.838247,2.880511,-4.320766,1.257370,2.000000,4.500000,1.920341,-0.558831,0.838246,2.880511,-4.320766,1.257370,2.000000,4.500000,-0.000000,-0.000000,0.000000,-0.000000,0.000000,0.000000,-0.000000,-0.000000
4.010000,1.928507,-0.529964,0.794946,2.892760,-4.339140,1.192419,2.000000,4.500000,1.928507,-0.529964,0.794946,2.892760,-4.339140,1.192419,2.000000,4.500000,-0.000000,-0.000000,0.000000,-0.000000,0.000000,0.000000,-0.000000,-0.000000
4.020000,1.936239,-0.500978,0.751467,2.904358,-4.356538,1.127200,2.000000,4.500000,1.936239,-0.500978,0.751467,2.904358,-4.356538,1.127200,2.000000,4.500000,-0.000000,-0.000000,0.000000,-0.000000,0.000000,0.000000,-0.000000,-0.000000
4.030000,1.943535,-0.471879,0.707819,2.915303,-4.372955,1.061728,2.000000,4.500000,1.943535,-0.471879,0.707819,2.915303,-4.372955,1.061728,2.000000,4.500000,-0.000000,-0.000000,0.000000,-0.000000,0.000000,0.000000,-0.000000,-0.000000
4.040000,1.950395,-0.442674,0.664011,2.925592,-4.388388,0.996017,2.000000,4.500000,1.950395,-0.442674,0.664011,2.925592,-4.388388,0.996017,2.000000,4.500000,-0.000000,-0.000000,0.000000,-0.000000,0.000000,0.000000,-0.000000,-0.000000
4.050000,1.956815,-0.413369,0.620054,2.935223,-4.402834,0.930081,2.000000,4.500000,1.956815,-0.413369,0.620054,2.935223,-4.402834,0.930081,2.000000,4.500000,-0.000000,-0.000000,0.000000,-0.000000,0.000000,0.000000,-0.000000,-0.000000
4.060000,1.962795,-0.383972,0.575958,2.944193,-4.416290,0.863937,2.000000,4.500000,1.962795,-0.383972,0.575958,2.944193,-4.416290,0.863937,2.000000,4.500000,-0.000000,-0.000000,0.000000,-0.000000,0.000000,0.000000,-0.000000,-0.000000
4.070000,1.968334,-0.354488,0.531732,2.952501,-4.428751,0.797598,2.000000,4.500000,1.968334,-0.354488,0.531732,2.952501,-4.428751,0.797598,2.000000,4.500000,-0.000000,-0.000000,0.000000,-0.000000,0.000000,0.000000,-0.000000,-0.000000
4.080000,1.973430,-0.324924,0.487386,2.960144,-4.440217,0.731079,2.000000,4.500000,1.973430,-0.324924,0.487386,2.960144,-4.440217,0.731079,2.000000,4.500000,-0.000000,-0.000000,0.000000,-0.000000,0.000000,0.000000,-0.000000,-0.000000
4.090000,1.978081,-0.295287,0.442931,2.967122,-4.450683,0.664396,2.000000,4.500000,1.978081,-0.295287,0.442931,2.967122,-4.450683,0.664396,2.000000,4.500000,-0.000000,-0.000000,0.000000,-0.000000,0.000000,0.000000,-0.000000,-0.000000
4.100000,1.982288,-0.265584,0.398376,2.973432,-4.460148,0.597564,2.000000,4.500000,1.982288,-0.265584,0.398376,2.973432,-4.460148,0.597564,2.000000,4.500000,-0.000000,-0.000000,0.000000,-0.000000,0.000000,0.000000,-0.000000,-0.000000
4.110000,1.986048,-0.235821,0.353731,2.979073,-4.468609,0.530597,2.000000,4.500000,1.986048,-0.235821,0.353731,2.979073,-4.468609,0.530597,2.000000,4.500000,-0.000000,-0.000000,0.000000,-0.000000,0.000000,0.000000,-0.000000,-0.000000
4.120000,1.989362,-0.206005,0.309007,2.984043,-4.476065,0.463510,2.000000,4.500000,1.989362,-0.206005,0.309007,2.984043,-4.476065,0.463510,2.000000,4.500000,-0.000000,-0.000000,0.000000,-0.000000,0.000000,0.000000,-0.000000,-0.000000
4.130000,1.992228,-0.176142,0.264213,2.988343,-4.482514,0.396320,2.000000,4.500000,1.992228,-0.176142,0.264213,2.988343,-4.482514,0.396320,2.000000,4.500000,-0.000000,-0.000000,0.000000,-0.000000,0.000000,0.000000,-0.000000,-0.000000
4.140000,1.994646,-0.146240,0.219360,2.991969,-4.487954,0.329040,2.000000,4.500000,1.994646,-0.146240,0.219360,2.991969,-4.487954,0.329040,2.000000,4.500000,-0.000000,-0.000000,0.000000,-0.000000,0.000000,0.000000,-0.000000,-0.000000
4.150000,1.996615,-0.116305,0.174457,2.994923,-4.492385,0.261686,2.000000,4.500000,1.996615,-0.116305,0.174457,2.994923,-4.492385,0.261686,2.000000,4.500000,-0.000000,-0.000000,0.000000,-0.000000,0.000000,0.000000,-0.000000,-0.000000
4.160000,1.998135,-0.086344,0.129516,2.997203,-4.495804,0.194273,2.000000,4.500000,1.998135,-0.086344,0.129516,2.997203,-4.495804,0.194273,2.000000,4.500000,-0.000000,-0.000000,0.000000,-0.000000,0.000000,0.000000,-0.000000,-0.000000
4.170000,1.999206,-0.056363,0.084545,2.998808,-4.498213,0.126817,2.000000,4.500000,1.999206,-0.056363,0.084545,2.998808,-4.498213,0.126817,2.000000,4.500000,-0.000000,-0.000000,0.000000,-0.000000,0.000000,0.000000,-0.000000,-0.000000
4.180000,1.999826,-0.026370,0.039555,2.999739,-4.499609,0.059332,2.000000,4.500000,1.999826,-0.026370,0.039555,2.999739,-4.499609,0.059332,2.000000,4.500000,-0.000000,-0.000000,0.000000,-0.000000,0.000000,0.000000,-0.000000,-0.000000
4.190000,1.999997,0.003629,-0.005444,2.999995,-4.499993,-0.008166,2.000000,4.500000,1.999997,0.003629,-0.005444,2.999995,-4.499993,-0.008166,2.000000,4.500000,-0.000000,-0.000000,0.000000,-0.000000,0.000000,0.000000,-0.000000,-0.000000
4.200000,1.999717,0.033628,-0.050442,2.999576,-4.499364,-0.075663,2.000000,4.500000,1.999717,0.033628,-0.050442,2.999576,-4.499364,-0.075663,2.000000,4.500000,0.000000,-0.000000,0.000000,0.000000,-0.000000,0.000000,-0.000000,-0.000000
4.210000,1.998988,0.063619,-0.095428,2.998482,-4.497723,-0.143142,2.000000,4.500000,1.998988,0.063619,-0.095428,2.998482,-4.497723,-0.143142,2.000000,4.500000,0.000000,-0.000000,0.000000,0.000000,-0.000000,0.000000,-0.000000,-0.000000
4.220000,1.997809,0.093595,-0.140393,2.996713,-4.495070,-0.210589,2.000000,4.500000,1.997809,0.093595,-0.140393,2.996713,-4.495070,-0.210589,2.000000,4.500000,0.000000,-0.000000,0.000000,0.000000,-0.000000,0.000000,-0.000000,-0.000000
4.230000,1.996180,0.123551,-0.185326,2.994270,-4.491405,-0.277989,2.000000,4.500000,1.996180,0.123551,-0.185326,2.994270,-4.491405,-0.277989,2.000000,4.500000,0.000000,-0.000000,0.000000,0.000000,-0.000000,0.000000,-0.000000,-0.000000
4.240000,1.994102,0.153478,-0.230218,2.991154,-4.486730,-0.345326,2.000000,4.500000,1.994102,0.153478,-0.230218,2.991154,-4.486730,-0.345326,2.000000,4.500000,0.000000,-0.000000,0.000000,0.000000,-0.000000,0.000000,-0.000000,-0.000000
4.250000,1.991576,0.183371,-0.275057,2.987364,-4.481046,-0.412586,2.000000,4.500000,1.991576,0.183371,-0.275057,2.987364,-4.481046,-0.412586,2.000000,4.500000,0.000000,-0.000000,0.000000,0.000000,-0.000000,0.000000,-0.000000,-0.000000
4.260000,1.988601,0.213223,-0.319835,2.982902,-4.474353,-0.479753,2.000000,4.500000,1.988601,0.213223,-0.319835,2.982902,-4.474353,-0.479753,2.000000,4.500000,0.000000,-0.000000,0.000000,0.000000,-0.000000,0.000000,-0.000000,-0.000000
4.270000,1.985180,0.243027,-0.364541,2.977769,-4.466654,-0.546811,2.000000,4.500000,1.985180,0.243027,-0.364541,2.977769,-4.466654,-0.546811,2.000000,4.500000,0.000000,-0.000000,0.000000,0.000000,-0.000000,0.000000,-0.000000,-0.000000
4.280000,1.981311,0.272777,-0.409165,2.971966,-4.457950,-0.613747,2.000000,4.500000,1.981311,0.272777,-0.409165,2.971966,-4.457950,-0.613747,2.000000,4.500000,0.000000,-0.000000,0.000000,0.000000,-0.000000,0.000000,-0.000000,-0.000000
4.290000,1.976997,0.302464,-0.453697,2.965495,-4.448242,-0.680545,2.000000,4.500000,1.976997,0.302464,-0.453697,2.965495,-4.448242,-0.680545,2.000000,4.500000,0.000000,-0.000000,0.000000,0.000000,-0.000000,0.000000,-0.000000,-0.000000
4.300000,1.972237,0.332084,-0.498126,2.958356,-4.437534,-0.747189,2.000000,4.500000,1.972237,0.332084,-0.498126,2.958356,-4.437534,-0.747189,2.000000,4.500000,0.000000,-0.000000,0.000000,0.000000,-0.000000,0.000000,-0.000000,-0.000000
4.310000,1.967034,0.361629,-0.542444,2.950552,-4.425827,-0.813666,2.000000,4.500000,1.967034,0.361629,-0.542444,2.950552,-4.425827,-0.813666,2.000000,4.500000,0.000000,-0.000000,0.000000,0.000000,-0.000000,0.000000,-0.000000,-0.000000
4.320000,1.961389,0.391093,-0.586640,2.942083,-4.413125,-0.879959,2.000000,4.500000,1.961389,0.391093,-0.586640,2.942083,-4.413125,-0.879959,2.000000,4.500000,0.000000,-0.000000,0.000000,0.000000,-0.000000,0.000000,-0.000000,-0.000000
4.330000,1.955302,0.420469,-0.630703,2.932953,-4.399430,-0.946055,2.000000,4.500000,1.955302,0.420469,-0.630703,2.932953,-4.399430,-0.946055,2.000000,4.500000,0.000000,-0.000000,0.000000,0.000000,-0.000000,0.000000,-0.000000,-0.000000
4.340000,1.948775,0.449750,-0.674625,2.923163,-4.384744,-1.011937,2.000000,4.500000,1.948775,0.449750,-0.674625,2.923163,-4.384744,-1.011937,2.000000,4.500000,0.000000,-0.000000,0.000000,0.000000,-0.000000,0.000000,-0.000000,-0.000000
4.350000,1.941810,0.478930,-0.718395,2.912715,-4.369073,-1.077592,2.000000,4.500000,1.941810,0.478930,-0.718395,2.912715,-4.369073,-1.077592,2.000000,4.500000,0.000000,-0.000000,0.000000,0.000000,-0.000000,0.000000,-0.000000,-0.000000
4.360000,1.934408,0.508002,-0.762003,2.901612,-4.352418,-1.143005,2.000000,4.500000,1.934408,0.508002,-0.762003,2.901612,-4.352418,-1.143005,2.000000,4.500000,0.000000,-0.000000,0.000000,0.000000,-0.000000,0.000000,-0.000000,-0.000000
4.370000,1.926571,0.536960,-0.805440,2.889856,-4.334784,-1.208160,2.000000,4.500000,1.926571,0.536960,-0.805440,2.889856,-4.334784,-1.208160,2.000000,4.500000,0.000000,-0.000000,0.000000,0.000000,-0.000000,0.000000,-0.000000,-0.000000
4.380000,1.918300,0.565797,-0.848695,2.877450,-4.316174,-1.273043,2.000000,4.500000,1.918300,0.565797,-0.848695,2.877450,-4.316174,-1.273043,2.000000,4.500000,0.000000,-0.000000,0.000000,0.000000,-0.000000,0.000000,-0.000000,-0.000000
4.390000,1.909597,0.594507,-0.891760,2.864396,-4.296594,-1.337640,2.000000,4.500000,1.909597,0.594507,-0.891760,2.864396,-4.296594,-1.337640,2.000000,4.500000,0.000000,-0.000000,0.000000,0.000000,-0.000000,0.000000,-0.000000,-0.000000
4.400000,1.900465,0.623083,-0.934624,2.850698,-4.276047,-1.401936,2.000000,4.500000,1.900465,0.623083,-0.934624,2.850698,-4.276047,-1.401936,2.000000,4.500000,0.000000,-0.000000,0.000000,0.000000,-0.000000,0.000000,-0.000000,-0.000000
4.410000,1.890905,0.651519,-0.977278,2.836358,-4.254537,-1.465917,2.000000,4.500000,1.890905,0.651519,-0.977278,2.836358,-4.254537,-1.465917,2.000000,4.500000,0.000000,-0.000000,0.000000,0.000000,-0.000000,0.000000,-0.000000,-0.000000
4.420000,1.880920,0.679808,-1.019712,2.821381,-4.232071,-1.529567,2.000000,4.500000,1.880920,0.679808,-1.019712,2.821381,-4.232071,-1.529567,2.000000,4.500000,0.000000,-0.000000,0.000000,0.000000,-0.000000,0.000000,-0.000000,-0.000000
4.430000,1.870512,0.707944,-1.061916,2.805768,-4.208652,-1.592874,2.000000,4.500000,1.870512,0.707944,-1.061916,2.805768,-4.208652,-1.592874,2.000000,4.500000,0.000000,-0.000000,0.000000,0.000000,-0.000000,0.000000,-0.000000,-0.000000
4.440000,1.859683,0.735921,-1.103882,2.789524,-4.184286,-1.655822,2.000000,4.500000,1.859683,0.735921,-1.103882,2.789524,-4.184286,-1.655822,2.000000,4.500000,0.000000,-0.000000,0.000000,0.000000,-0.000000,0.000000,-0.000000,-0.000000
4.450000,1.848435,0.763732,-1.145599,2.772653,-4.158979,-1.718398,2.000000,4.500000,1.848435,0.763732,-1.145599,2.772653,-4.158979,-1.718398,2.000000,4.500000,0.000000,-0.000000,0.000000,0.000000,-0.000000,0.000000,-0.000000,-0.000000
4.460000,1.836772,0.791372,-1.187058,2.755158,-4.132736,-1.780587,2.000000,4.500000,1.836772,0.791372,-1.187058,2.755158,-4.132736,-1.780587,2.000000,4.500000,0.000000,-0.000000,0.000000,0.000000,-0.000000,0.000000,-0.000000,-0.000000
4.470000,1.824695,0.818834,-1.228250,2.737042,-4.105564,-1.842375,2.000000,4.500000,1.824695,0.818834,-1.228250,2.737042,-4.105564,-1.842375,2.000000,4.500000,0.000000,-0.000000,0.000000,0.000000,-0.000000,0.000000,-0.000000,-0.000000
4.480000,1.812208,0.846111,-1.269166,2.718311,-4.077467,-1.903749,2.000000,4.500000,1.812208,0.846111,-1.269166,2.718311,-4.077467,-1.903749,2.000000,4.500000,0.000000,-0.000000,0.000000,0.000000,-0.000000,0.000000,-0.000000,-0.000000
4.490000,1.799313,0.873198,-1.309797,2.698969,-4.048453,-1.964695,2.000000,4.500000,1.799313,0.873198,-1.309797,2.698969,-4.048453,-1.964695,2.000000,4.500000,0.000000,-0.000000,0.000000,0.000000,-0.000000,0.000000,-0.000000,-0.000000
4.500000,1.786013,0.900088,-1.350132,2.679019,-4.018529,-2.025198,2.000000,4.500000,1.786013,0.900088,-1.350132,2.679019,-4.018529,-2.025198,2.000000,4.500000,0.000000,-0.000000,0.000000,0.000000,-0.000000,0.000000,-0.000000,-0.000000
4.510000,1.772311,0.926776,-1.390164,2.658466,-3.987700,-2.085246,2.000000,4.500000,1.772311,0.926776,-1.390164,2.658466,-3.987700,-2.085246,2.000000,4.500000,0.000000,-0.000000,0.000000,0.000000,-0.000000,0.000000,-0.000000,-0.000000
4.520000,1.758210,0.953255,-1.429883,2.637316,-3.955974,-2.144825,2.000000,4.500000,1.758210,0.953255,-1.429883,2.637316,-3.955974,-2.144825,2.000000,4.500000,0.000000,-0.000000,0.000000,0.000000,-0.000000,0.000000,-0.000000,-0.000000
4.530000,1.743714,0.979520,-1.469281,2.615572,-3.923357,-2.203921,2.000000,4.500000,1.743714,0.979520,-1.469281,2.615572,-3.923357,-2.203921,2.000000,4.500000,0.000000,-0.000000,0.000000,0.000000,-0.000000,0.000000,-0.000000,-0.000000
4.540000,1.728826,1.005565,-1.508347,2.593239,-3.889858,-2.262521,2.000000,4.500000,1.728826,1.005565,-1.508347,2.593239,-3.889858,-2.262521,2.000000,4.500000,0.000000,-0.000000,0.000000,0.000000,-0.000000,0.000000,-0.000000,-0.000000
4.550000,1.713549,1.031383,-1.547075,2.570323,-3.855484,-2.320612,2.000000,4.500000,1.713549,1.031383,-1.547075,2.570323,-3.855484,-2.320612,2.000000,4.500000,0.000000,-0.000000,0.000000,0.000000,-0.000000,0.000000,-0.000000,-0.000000
4.560000,1.697886,1.056969,-1.585454,2.546828,-3.820243,-2.378181,2.000000,4.500000,1.697886,1.056969,-1.585454,2.546828,-3.820243,-2.378181,2.000000,4.500000,0.000000,-0.000000,0.000000,0.000000,-0.000000,0.000000,-0.000000,-0.000000
4.570000,1.681841,1.082318,-1.623477,2.522761,-3.784141,-2.435215,2.000000,4.500000,1.681841,1.082318,-1.623477,2.522761,-3.784141,-2.435215,2.000000,4.500000,0.000000,-0.000000,0.000000,0.000000,-0.000000,0.000000,-0.000000,-0.000000
4.580000,1.665417,1.107423,-1.661134,2.498126,-3.747189,-2.491701,2.000000,4.500000,1.665417,1.107423,-1.661134,2.498126,-3.747189,-2.491701,2.000000,4.500000,0.000000,-0.000000,0.000000,0.000000,-0.000000,0.000000,-0.000000,-0.000000
4.590000,1.648619,1.132279,-1.698418,2.472929,-3.709393,-2.547627,2.000000,4.500000,1.648619,1.132279,-1.698418,2.472929,-3.709393,-2.547627,2.000000,4.500000,0.000000,-0.000000,0.000000,0.000000,-0.000000,0.000000,-0.000000,-0.000000
4.600000,1.631450,1.156880,-1.735319,2.447175,-3.670763,-2.602979,2.000000,4.500000,1.631450,1.156880,-1.735319,2.447175,-3.670763,-2.602979,2.000000,4.500000,0.000000,-0.000000,0.000000,0.000000,-0.000000,0.000000,-0.000000,-0.000000
4.610000,1.613914,1.181220,-1.771830,2.420871,-3.631307,-2.657745,2.000000,4.500000,1.613914,1.181220,-1.771830,2.420871,-3.631307,-2.657745,2.000000,4.500000,0.000000,-0.000000,0.000000,0.000000,-0.000000,0.000000,-0.000000,-0.000000
4.620000,1.596015,1.205295,-1.807943,2.394022,-3.591034,-2.711914,2.000000,4.500000,1.596015,1.205295,-1.807943,2.394022,-3.591034,-2.711914,2.000000,4.500000,0.000000,-0.000000,0.000000,0.000000,-0.000000,0.000000,-0.000000,-0.000000
4.630000,1.577757,1.229099,-1.843648,2.366635,-3.549952,-2.765472,2.000000,4.500000,1.577757,1.229099,-1.843648,2.366635,-3.549952,-2.765472,2.000000,4.500000,0.000000,-0.000000,0.000000,0.000000,-0.000000,0.000000,-0.000000,-0.000000
4.640000,1.559143,1.252626,-1.878939,2.338715,-3.508073,-2.818409,2.000000,4.500000,1.559143,1.252626,-1.878939,2.338715,-3.508073,-2.818409,2.000000,4.500000,0.000000,-0.000000,0.000000,0.000000,-0.000000,0.000000,-0.000000,-0.000000
4.650000,1.540179,1.275871,-1.913807,2.310269,-3.465403,-2.870711,2.000000,4.500000,1.540179,1.275871,-1.913807,2.310269,-3.465403,-2.870711,2.000000,4.500000,0.000000,-0.000000,0.000000,0.000000,-0.000000,0.000000,-0.000000,-0.000000
4.660000,1.520869,1.298830,-1.948245,2.281303,-3.421954,-2.922367,2.000000,4.500000,1.520869,1.298830,-1.948245,2.281303,-3.421954,-2.922367,2.000000,4.500000,0.000000,-0.000000,0.000000,0.000000,-0.000000,0.000000,-0.000000,-0.000000
4.670000,1.501216,1.321496,-1.982244,2.251824,-3.377736,-2.973365,2.000000,4.500000,1.501216,1.321496,-1.982244,2.251824,-3.377736,-2.973365,2.000000,4.500000,0.000000,-0.000000,0.000000,0.000000,-0.000000,0.000000,-0.000000,-0.000000
4.680000,1.481225,1.343864,-2.015797,2.221838,-3.332757,-3.023695,2.000000,4.500000,1.481225,1.343864,-2.015797,2.221838,-3.332757,-3.023695,2.000000,4.500000,0.000000,-0.000000,0.000000,0.000000,-0.000000,0.000000,-0.000000,-0.000000
4.690000,1.460901,1.365931,-2.048896,2.191352,-3.287028,-3.073344,2.000000,4.500000,1.460901,1.365931,-2.048896,2.191352,-3.287028,-3.073344,2.000000,4.500000,0.000000,-0.000000,0.000000,0.000000,-0.000000,0.000000,-0.000000,-0.000000
4.700000,1.440249,1.387690,-2.081535,2.160373,-3.240560,-3.122302,2.000000,4.500000,1.440249,1.387690,-2.081535,2.160373,-3.240560,-3.122302,2.000000,4.500000,0.000000,-0.000000,0.000000,0.000000,-0.000000,0.000000,-0.000000,-0.000000
4.710000,1.419272,1.409137,-2.113705,2.128908,-3.193363,-3.170558,2.000000,4.500000,1.419272,1.409137,-2.113705,2.128908,-3.193363,-3.170558,2.000000,4.500000,0.000000,-0.000000,0.000000,0.000000,-0.000000,0.000000,-0.000000,-0.000000
4.720000,1.397976,1.430266,-2.145400,2.096965,-3.145447,-3.218100,2.000000,4.500000,1.397976,1.430266,-2.145400,2.096965,-3.145447,-3.218100,2.000000,4.500000,0.000000,-0.000000,0.000000,0.000000,-0.000000,0.000000,-0.000000,-0.000000
4.730000,1.376366,1.451074,-2.176612,2.064549,-3.096823,-3.264917,2.000000,4.500000,1.376366,1.451074,-2.176612,2.064549,-3.096823,-3.264917,2.000000,4.500000,0.000000,-0.000000,0.000000,0.000000,-0.000000,0.000000,-0.000000,-0.000000
4.740000,1.354446,1.471556,-2.207334,2.031669,-3.047503,-3.311001,2.000000,4.500000,1.354446,1.471556,-2.207334,2.031669,-3.047503,-3.311001,2.000000,4.500000,0.000000,-0.000000,0.000000,0.000000,-0.000000,0.000000,-0.000000,-0.000000
4.750000,1.332221,1.491706,-2.237559,1.998331,-2.997497,-3.356339,2.000000,4.500000,1.332221,1.491706,-2.237559,1.998331,-2.997497,-3.356339,2.000000,4.500000,0.000000,-0.000000,0.000000,0.000000,-0.000000,0.000000,-0.000000,-0.000000
4.760000,1.309696,1.511521,-2.267282,1.964544,-2.946817,-3.400922,2.000000,4.500000,1.309696,1.511521,-2.267282,1.964544,-2.946817,-3.400922,2.000000,4.500000,0.000000,-0.000000,0.000000,0.000000,-0.000000,0.000000,-0.000000,-0.000000
4.770000,1.286877,1.530996,-2.296494,1.930315,-2.895473,-3.444740,2.000000,4.500000,1.286877,1.530996,-2.296494,1.930315,-2.895473,-3.444740,2.000000,4.500000,0.000000,-0.000000,0.000000,0.000000,-0.000000,0.000000,-0.000000,-0.000000
4.780000,1.263768,1.550126,-2.325189,1.895652,-2.843478,-3.487783,2.000000,4.500000,1.263768,1.550126,-2.325189,1.895652,-2.843478,-3.487783,2.000000,4.500000,0.000000,-0.000000,0.000000,0.000000,-0.000000,0.000000,-0.000000,-0.000000
4.790000,1.240375,1.568907,-2.353361,1.860562,-2.790844,-3.530041,2.000000,4.500000,1.240375,1.568907,-2.353361,1.860562,-2.790844,-3.530041,2.000000,4.500000,0.000000,-0.000000,0.000000,0.000000,-0.000000,0.000000,-0.000000,-0.000000
4.800000,1.216703,1.587336,-2.381004,1.825054,-2.737581,-3.571505,2.000000,4.500000,1.216703,1.587336,-2.381004,1.825054,-2.737581,-3.571505,2.000000,4.500000,0.000000,-0.000000,0.000000,0.000000,-0.000000,0.000000,-0.000000,-0.000000
4.810000,1.192757,1.605407,-2.408111,1.789135,-2.683702,-3.612166,2.000000,4.500000,1.192757,1.605407,-2.408111,1.789135,-2.683702,-3.612166,2.000000,4.500000,0.000000,-0.000000,0.000000,0.000000,-0.000000,0.000000,-0.000000,-0.000000
4.820000,1.168542,1.623117,-2.434676,1.752813,-2.629220,-3.652013,2.000000,4.500000,1.168542,1.623117,-2.434676,1.752813,-2.629220,-3.652013,2.000000,4.500000,0.000000,-0.000000,0.000000,0.000000,-0.000000,0.000000,-0.000000,-0.000000
4.830000,1.144065,1.640462,-2.460693,1.716097,-2.574146,-3.691039,2.000000,4.500000,1.144065,1.640462,-2.460693,1.716097,-2.574146,-3.691039,2.000000,4.500000,0.000000,-0.000000,0.000000,0.000000,-0.000000,0.000000,-0.000000,-0.000000
4.840000,1.119330,1.657438,-2.486157,1.678995,-2.518493,-3.729235,2.000000,4.500000,1.119330,1.657438,-2.486157,1.678995,-2.518493,-3.729235,2.000000,4.500000,0.000000,-0.000000,0.000000,0.000000,-0.000000,0.000000,-0.000000,-0.000000
4.850000,1.094344,1.674041,-2.511061,1.641515,-2.462273,-3.766591,2.000000,4.500000,1.094344,1.674041,-2.511061,1.641515,-2.462273,-3.766591,2.000000,4.500000,0.000000,-0.000000,0.000000,0.000000,-0.000000,0.000000,-0.000000,-0.000000
4.860000,1.069111,1.690267,-2.535400,1.603666,-2.405499,-3.803100,2.000000,4.500000,1.069111,1.690267,-2.535400,1.603666,-2.405499,-3.803100,2.000000,4.500000,0.000000,-0.000000,0.000000,0.000000,-0.000000,0.000000,-0.000000,-0.000000
4.870000,1.043638,1.706113,-2.559169,1.565456,-2.348185,-3.838754,2.000000,4.500000,1.043638,1.706113,-2.559169,1.565456,-2.348184,-3.838754,2.000000,4.500000,0.000000,-0.000000,0.000000,0.000000,-0.000000,0.000000,-0.000000,-0.000000
4.880000,1.017929,1.721575,-2.582362,1.526894,-2.290341,-3.873543,2.000000,4.500000,1.017929,1.721575,-2.582362,1.526894,-2.290341,-3.873543,2.000000,4.500000,0.000000,-0.000000,0.000000,0.000000,-0.000000,0.000000,-0.000000,-0.000000
4.890000,0.991992,1.736649,-2.604974,1.487988,-2.231983,-3.907461,2.000000,4.500000,0.991992,1.736649,-2.604974,1.487988,-2.231983,-3.907461,2.000000,4.500000,0.000000,-0.000000,0.000000,0.000000,-0.000000,0.000000,-0.000000,-0.000000
4.900000,0.965832,1.751333,-2.627000,1.448748,-2.173122,-3.940500,2.000000,4.500000,0.965832,1.751333,-2.627000,1.448748,-2.173122,-3.940500,2.000000,4.500000,0.000000,-0.000000,0.000000,0.000000,-0.000000,0.000000,-0.000000,-0.000000
4.910000,0.939454,1.765623,-2.648435,1.409181,-2.113772,-3.972653,2.000000,4.500000,0.939454,1.765623,-2.648435,1.409181,-2.113772,-3.972653,2.000000,4.500000,0.000000,-0.000000,0.000000,0.000000,-0.000000,0.000000,-0.000000,-0.000000
4.920000,0.912865,1.779516,-2.669274,1.369298,-2.053947,-4.003911,2.000000,4.500000,0.912865,1.779516,-2.669274,1.369298,-2.053947,-4.003911,2.000000,4.500000,0.000000,-0.000000,0.000000,0.000000,-0.000000,0.000000,-0.000000,-0.000000
4.930000,0.886071,1.793008,-2.689512,1.329106,-1.993659,-4.034269,2.000000,4.500000,0.886071,1.793008,-2.689512,1.329106,-1.993659,-4.034269,2.000000,4.500000,0.000000,-0.000000,0.000000,0.000000,-0.000000,0.000000,-0.000000,-0.000000
4.940000,0.859077,1.806097,-2.709146,1.288615,-1.932923,-4.063719,2.000000,4.500000,0.859077,1.806097,-2.709146,1.288615,-1.932923,-4.063719,2.000000,4.500000,0.000000,-0.000000,0.000000,0.000000,-0.000000,0.000000,-0.000000,-0.000000
4.950000,0.831890,1.818780,-2.728169,1.247835,-1.871752,-4.092254,2.000000,4.500000,0.831890,1.818780,-2.728169,1.247835,-1.871752,-4.092254,2.000000,4.500000,0.000000,-0.000000,0.000000,0.000000,-0.000000,0.000000,-0.000000,-0.000000
4.960000,0.804516,1.831053,-2.746579,1.206773,-1.810160,-4.119869,2.000000,4.500000,0.804516,1.831053,-2.746579,1.206773,-1.810160,-4.119869,2.000000,4.500000,0.000000,-0.000000,0.000000,0.000000,-0.000000,0.000000,-0.000000,-0.000000
4.970000,0.776960,1.842914,-2.764371,1.165440,-1.748161,-4.146557,2.000000,4.500000,0.776960,1.842914,-2.764371,1.165440,-1.748161,-4.146557,2.000000,4.500000,0.000000,-0.000000,0.000000,0.000000,-0.000000,0.000000,-0.000000,-0.000000
4.980000,0.749230,1.854361,-2.781541,1.123845,-1.685768,-4.172312,2.000000,4.500000,0.749230,1.854361,-2.781541,1.123845,-1.685768,-4.172312,2.000000,4.500000,0.000000,-0.000000,0.000000,0.000000,-0.000000,0.000000,-0.000000,-0.000000
4.990000,0.721332,1.865390,-2.798085,1.081997,-1.622996,-4.197128,2.000000,4.500000,0.721332,1.865390,-2.798085,1.081997,-1.622996,-4.197128,2.000000,4.500000,0.000000,-0.000000,0.000000,0.000000,-0.000000,0.000000,-0.000000,-0.000000
5.000000,0.693271,1.876000,-2.814000,1.039906,-1.559859,-4.221000,2.000000,4.500000,0.693271,1.876000,-2.814000,1.039906,-1.559859,-4.221000,2.000000,4.500000,0.000000,-0.000000,0.000000,0.000000,-0.000000,0.000000,-0.000000,-0.000000
5.010000,0.665054,1.886188,-2.829281,0.997581,-1.496371,-4.243922,2.000000,4.500000,0.665054,1.886188,-2.829281,0.997581,-1.496371,-4.243922,2.000000,4.500000,0.000000,-0.000000,0.000000,0.000000,-0.000000,0.000000,-0.000000,-0.000000
5.020000,0.636687,1.895951,-2.843926,0.955031,-1.432546,-4.265889,2.000000,4.500000,0.636687,1.895951,-2.843926,0.955031,-1.432546,-4.265889,2.000000,4.500000,0.000000,-0.000000,0.000000,0.000000,-0.000000,0.000000,-0.000000,-0.000000
5.030000,0.608177,1.905287,-2.857931,0.912266,-1.368399,-4.286897,2.000000,4.500000,0.608177,1.905287,-2.857931,0.912266,-1.368399,-4.286897,2.000000,4.500000,0.000000,-0.000000,0.000000,0.000000,-0.000000,0.000000,-0.000000,-0.000000
5.040000,0.579531,1.914195,-2.871293,0.869296,-1.303944,-4.306940,2.000000,4.500000,0.579531,1.914195,-2.871293,0.869296,-1.303944,-4.306940,2.000000,4.500000,0.000000,-0.000000,0.000000,0.000000,-0.000000,0.000000,-0.000000,-0.000000
5.050000,0.550754,1.922673,-2.884009,0.826130,-1.239196,-4.326014,2.000000,4.500000,0.550754,1.922673,-2.884009,0.826130,-1.239196,-4.326014,2.000000,4.500000,0.000000,-0.000000,0.000000,0.000000,-0.000000,0.000000,-0.000000,-0.000000
5.060000,0.521853,1.930717,-2.896076,0.782779,-1.174168,-4.344114,2.000000,4.500000,0.521853,1.930717,-2.896076,0.782779,-1.174168,-4.344114,2.000000,4.500000,0.000000,-0.000000,0.000000,0.000000,-0.000000,0.000000,-0.000000,-0.000000
5.070000,0.492834,1.938328,-2.907492,0.739251,-1.108877,-4.361237,2.000000,4.500000,0.492834,1.938328,-2.907492,0.739251,-1.108877,-4.361237,2.000000,4.500000,0.000000,-0.000000,0.000000,0.000000,-0.000000,0.000000,-0.000000,-0.000000
5.080000,0.463705,1.945502,-2.918253,0.695557,-1.043336,-4.377379,2.000000,4.500000,0.463705,1.945502,-2.918253,0.695557,-1.043336,-4.377379,2.000000,4.500000,0.000000,-0.000000,0.000000,0.000000,-0.000000,0.000000,-0.000000,-0.000000
5.090000,0.434471,1.952238,-2.928358,0.651707,-0.977561,-4.392536,2.000000,4.500000,0.434471,1.952238,-2.928358,0.651707,-0.977561,-4.392536,2.000000,4.500000,0.000000,-0.000000,0.000000,0.000000,-0.000000,0.000000,-0.000000,-0.000000
5.100000,0.405140,1.958536,-2.937803,0.607710,-0.911565,-4.406705,2.000000,4.500000,0.405140,1.958536,-2.937803,0.607710,-0.911565,-4.406705,2.000000,4.500000,0.000000,-0.000000,0.000000,0.000000,-0.000000,0.000000,-0.000000,-0.000000
5.110000,0.375718,1.964392,-2.946588,0.563576,-0.845364,-4.419882,2.000000,4.500000,0.375718,1.964392,-2.946588,0.563576,-0.845364,-4.419882,2.000000,4.500000,0.000000,-0.000000,0.000000,0.000000,-0.000000,0.000000,-0.000000,-0.000000
5.120000,0.346210,1.969807,-2.954710,0.519316,-0.778974,-4.432065,2.000000,4.500000,0.346210,1.969807,-2.954710,0.519316,-0.778974,-4.432065,2.000000,4.500000,0.000000,-0.000000,0.000000,0.000000,-0.000000,0.000000,-0.000000,-0.000000
5.130000,0.316626,1.974778,-2.962167,0.474938,-0.712407,-4.443251,2.000000,4.500000,0.316626,1.974778,-2.962167,0.474938,-0.712407,-4.443251,2.000000,4.500000,0.000000,-0.000000,0.000000,0.000000,-0.000000,0.000000,-0.000000,-0.000000
5.140000,0.286969,1.979305,-2.968958,0.430454,-0.645681,-4.453436,2.000000,4.500000,0.286969,1.979305,-2.968958,0.430454,-0.645681,-4.453436,2.000000,4.500000,0.000000,-0.000000,0.000000,0.000000,-0.000000,0.000000,-0.000000,-0.000000
5.150000,0.257249,1.983387,-2.975080,0.385873,-0.578809,-4.462620,2.000000,4.500000,0.257249,1.983387,-2.975080,0.385873,-0.578809,-4.462620,2.000000,4.500000,0.000000,-0.000000,0.000000,0.000000,-0.000000,0.000000,-0.000000,-0.000000
5.160000,0.227470,1.987022,-2.980533,0.341205,-0.511807,-4.470800,2.000000,4.500000,0.227470,1.987022,-2.980533,0.341205,-0.511807,-4.470800,2.000000,4.500000,0.000000,-0.000000,0.000000,0.000000,-0.000000,0.000000,-0.000000,-0.000000
5.170000,0.197640,1.990211,-2.985316,0.296460,-0.444690,-4.477974,2.000000,4.500000,0.197640,1.990211,-2.985316,0.296460,-0.444690,-4.477974,2.000000,4.500000,0.000000,-0.000000,0.000000,0.000000,-0.000000,0.000000,-0.000000,-0.000000
5.180000,0.167766,1.992951,-2.989427,0.251649,-0.377473,-4.484140,2.000000,4.500000,0.167766,1.992951,-2.989427,0.251649,-0.377473,-4.484140,2.000000,4.500000,0.000000,-0.000000,0.000000,0.000000,-0.000000,0.000000,-0.000000,-0.000000
5.190000,0.137854,1.995243,-2.992865,0.206781,-0.310171,-4.489298,2.000000,4.500000,0.137854,1.995243,-2.992865,0.206781,-0.310171,-4.489298,2.000000,4.500000,0.000000,-0.000000,0.000000,0.000000,-0.000000,0.000000,-0.000000,-0.000000
5.200000,0.107911,1.997087,-2.995630,0.161866,-0.242799,-4.493445,2.000000,4.500000,0.107911,1.997087,-2.995630,0.161866,-0.242799,-4.493445,2.000000,4.500000,0.000000,-0.000000,0.000000,0.000000,-0.000000,0.000000,-0.000000,-0.000000
5.210000,0.077944,1.998481,-2.997721,0.116915,-0.175373,-4.496581,2.000000,4.500000,0.077944,1.998481,-2.997721,0.116915,-0.175373,-4.496581,2.000000,4.500000,0.000000,-0.000000,0.000000,0.000000,-0.000000,0.000000,-0.000000,-0.000000
5.220000,0.047959,1.999425,-2.999137,0.071938,-0.107907,-4.498706,2.000000,4.500000,0.047959,1.999425,-2.999137,0.071938,-0.107907,-4.498706,2.000000,4.500000,0.000000,-0.000000,0.000000,0.000000,-0.000000,0.000000,-0.000000,-0.000000
5.230000,0.017963,1.999919,-2.999879,0.026945,-0.040417,-4.499818,2.000000,4.500000,0.017963,1.999919,-2.999879,0.026945,-0.040417,-4.499818,2.000000,4.500000,0.000000,-0.000000,0.000000,0.000000,-0.000000,0.000000,-0.000000,-0.000000
5.240000,-0.012037,1.999964,-2.999946,-0.018055,0.027082,-4.499919,2.000000,4.500000,-0.012037,1.999964,-2.999946,-0.018055,0.027082,-4.499919,2.000000,4.500000,0.000000,-0.000000,0.000000,0.000000,-0.000000,0.000000,-0.000000,-0.000000
5.250000,-0.042034,1.999558,-2.999337,-0.063050,0.094576,-4.499006,2.000000,4.500000,-0.042034,1.999558,-2.999337,-0.063050,0.094576,-4.499006,2.000000,4.500000,0.000000,0.000000,-0.000000,0.000000,-0.000000,-0.000000,-0.000000,-0.000000
5.260000,-0.072021,1.998703,-2.998054,-0.108032,0.162048,-4.497081,2.000000,4.500000,-0.072021,1.998703,-2.998054,-0.108032,0.162048,-4.497081,2.000000,4.500000,0.000000,0.000000,-0.000000,0.000000,-0.000000,-0.000000,-0.000000,-0.000000
5.270000,-0.101992,1.997398,-2.996097,-0.152989,0.229483,-4.494145,2.000000,4.500000,-0.101992,1.997398,-2.996097,-0.152989,0.229483,-4.494145,2.000000,4.500000,0.000000,0.000000,-0.000000,0.000000,-0.000000,-0.000000,-0.000000,-0.000000
5.280000,-0.131941,1.995643,-2.993465,-0.197911,0.296867,-4.490197,2.000000,4.500000,-0.131941,1.995643,-2.993465,-0.197911,0.296867,-4.490197,2.000000,4.500000,0.000000,0.000000,-0.000000,0.000000,-0.000000,-0.000000,-0.000000,-0.000000
5.290000,-0.161860,1.993440,-2.990159,-0.242789,0.364184,-4.485239,2.000000,4.500000,-0.161860,1.993440,-2.990159,-0.242789,0.364184,-4.485239,2.000000,4.500000,0.000000,0.000000,-0.000000,0.000000,-0.000000,-0.000000,-0.000000,-0.000000
5.300000,-0.191742,1.990788,-2.986181,-0.287613,0.431419,-4.479272,2.000000,4.500000,-0.191742,1.990788,-2.986181,-0.287613,0.431419,-4.479272,2.000000,4.500000,0.000000,0.000000,-0.000000,0.000000,-0.000000,-0.000000,-0.000000,-0.000000
5.310000,-0.221581,1.987688,-2.981531,-0.332371,0.498557,-4.472297,2.000000,4.500000,-0.221581,1.987688,-2.981531,-0.332371,0.498557,-4.472297,2.000000,4.500000,0.000000,0.000000,-0.000000,0.000000,-0.000000,-0.000000,-0.000000,-0.000000
5.320000,-0.251370,1.984140,-2.976211,-0.377055,0.565583,-4.464316,2.000000,4.500000,-0.251370,1.984140,-2.976211,-0.377055,0.565583,-4.464316,2.000000,4.500000,0.000000,0.000000,-0.000000,0.000000,-0.000000,-0.000000,-0.000000,-0.000000
5.330000,-0.281103,1.980147,-2.970220,-0.421654,0.632481,-4.455330,2.000000,4.500000,-0.281103,1.980147,-2.970220,-0.421654,0.632481,-4.455330,2.000000,4.500000,0.000000,0.000000,-0.000000,0.000000,-0.000000,-0.000000,-0.000000,-0.000000
5.340000,-0.310772,1.975708,-2.963561,-0.466159,0.699238,-4.445342,2.000000,4.500000,-0.310772,1.975708,-2.963561,-0.466159,0.699238,-4.445342,2.000000,4.500000,0.000000,0.000000,-0.000000,0.000000,-0.000000,-0.000000,-0.000000,-0.000000
5.350000,-0.340372,1.970824,-2.956236,-0.510558,0.765837,-4.434354,2.000000,4.500000,-0.340372,1.970824,-2.956236,-0.510558,0.765837,-4.434354,2.000000,4.500000,0.000000,0.000000,-0.000000,0.000000,-0.000000,-0.000000,-0.000000,-0.000000
5.360000,-0.369895,1.965497,-2.948245,-0.554842,0.832263,-4.422368,2.000000,4.500000,-0.369895,1.965497,-2.948245,-0.554842,0.832263,-4.422368,2.000000,4.500000,0.000000,0.000000,-0.000000,0.000000,-0.000000,-0.000000,-0.000000,-0.000000
5.370000,-0.399335,1.959728,-2.939591,-0.599002,0.898503,-4.409387,2.000000,4.500000,-0.399335,1.959728,-2.939591,-0.599002,0.898503,-4.409387,2.000000,4.500000,0.000000,0.000000,-0.000000,0.000000,-0.000000,-0.000000,-0.000000,-0.000000
5.380000,-0.428684,1.953517,-2.930276,-0.643027,0.964540,-4.395414,2.000000,4.500000,-0.428684,1.953517,-2.930276,-0.643027,0.964540,-4.395414,2.000000,4.500000,0.000000,0.000000,-0.000000,0.000000,-0.000000,-0.000000,-0.000000,-0.000000
5.390000,-0.457938,1.946867,-2.920301,-0.686907,1.030360,-4.380452,2.000000,4.500000,-0.457938,1.946867,-2.920301,-0.686907,1.030360,-4.380452,2.000000,4.500000,0.000000,0.000000,-0.000000,0.000000,-0.000000,-0.000000,-0.000000,-0.000000
5.400000,-0.487088,1.939780,-2.909669,-0.730632,1.095949,-4.364504,2.000000,4.500000,-0.487088,1.939780,-2.909669,-0.730632,1.095949,-4.364504,2.000000,4.500000,0.000000,0.000000,-0.000000,0.000000,-0.000000,-0.000000,-0.000000,-0.000000
5.410000,-0.516129,1.932255,-2.898383,-0.774194,1.161290,-4.347575,2.000000,4.500000,-0.516129,1.932255,-2.898383,-0.774194,1.161291,-4.347575,2.000000,4.500000,0.000000,0.000000,-0.000000,0.000000,-0.000000,-0.000000,-0.000000,-0.000000
5.420000,-0.545054,1.924296,-2.886444,-0.817581,1.226371,-4.329667,2.000000,4.500000,-0.545054,1.924296,-2.886444,-0.817581,1.226371,-4.329667,2.000000,4.500000,0.000000,0.000000,-0.000000,0.000000,-0.000000,-0.000000,-0.000000,-0.000000
5.430000,-0.573856,1.915904,-2.873857,-0.860784,1.291176,-4.310785,2.000000,4.500000,-0.573856,1.915904,-2.873857,-0.860784,1.291176,-4.310785,2.000000,4.500000,0.000000,0.000000,-0.000000,0.000000,-0.000000,-0.000000,-0.000000,-0.000000
5.440000,-0.602529,1.907081,-2.860622,-0.903793,1.355690,-4.290933,2.000000,4.500000,-0.602529,1.907081,-2.860622,-0.903793,1.355690,-4.290933,2.000000,4.500000,0.000000,0.000000,-0.000000,0.000000,-0.000000,-0.000000,-0.000000,-0.000000
5.450000,-0.631066,1.897829,-2.846744,-0.946599,1.419899,-4.270116,2.000000,4.500000,-0.631066,1.897829,-2.846744,-0.946599,1.419899,-4.270116,2.000000,4.500000,0.000000,0.000000,-0.000000,0.000000,-0.000000,-0.000000,-0.000000,-0.000000
5.460000,-0.659462,1.888150,-2.832225,-0.989192,1.483788,-4.248338,2.000000,4.500000,-0.659462,1.888150,-2.832225,-0.989192,1.483788,-4.248338,2.000000,4.500000,0.000000,0.000000,-0.000000,0.000000,-0.000000,-0.000000,-0.000000,-0.000000
5.470000,-0.687709,1.878046,-2.817069,-1.031563,1.547344,-4.225604,2.000000,4.500000,-0.687709,1.878046,-2.817069,-1.031563,1.547344,-4.225604,2.000000,4.500000,0.000000,0.000000,-0.000000,0.000000,-0.000000,-0.000000,-0.000000,-0.000000
5.480000,-0.715801,1.867520,-2.801279,-1.073701,1.610552,-4.201919,2.000000,4.500000,-0.715801,1.867520,-2.801279,-1.073701,1.610552,-4.201919,2.000000,4.500000,0.000000,0.000000,-0.000000,0.000000,-0.000000,-0.000000,-0.000000,-0.000000
5.490000,-0.743732,1.856573,-2.784859,-1.115598,1.673397,-4.177289,2.000000,4.500000,-0.743732,1.856573,-2.784859,-1.115598,1.673397,-4.177289,2.000000,4.500000,0.000000,0.000000,-0.000000,0.000000,-0.000000,-0.000000,-0.000000,-0.000000
5.500000,-0.771496,1.845208,-2.767813,-1.157244,1.735866,-4.151719,2.000000,4.500000,-0.771496,1.845208,-2.767813,-1.157244,1.735866,-4.151719,2.000000,4.500000,0.000000,0.000000,-0.000000,0.000000,-0.000000,-0.000000,-0.000000,-0.000000
5.510000,-0.799086,1.833429,-2.750143,-1.198629,1.797944,-4.125215,2.000000,4.500000,-0.799086,1.833429,-2.750143,-1.198629,1.797944,-4.125215,2.000000,4.500000,0.000000,0.000000,-0.000000,0.000000,-0.000000,-0.000000,-0.000000,-0.000000
5.520000,-0.826497,1.821237,-2.731855,-1.239745,1.859618,-4.097783,2.000000,4.500000,-0.826497,1.821237,-2.731855,-1.239745,1.859618,-4.097783,2.000000,4.500000,0.000000,0.000000,-0.000000,0.000000,-0.000000,-0.000000,-0.000000,-0.000000
5.530000,-0.853721,1.808635,-2.712952,-1.280582,1.920873,-4.069428,2.000000,4.500000,-0.853721,1.808635,-2.712952,-1.280582,1.920873,-4.069428,2.000000,4.500000,0.000000,0.000000,-0.000000,0.000000,-0.000000,-0.000000,-0.000000,-0.000000
5.540000,-0.880754,1.795626,-2.693439,-1.321131,1.981696,-4.040159,2.000000,4.500000,-0.880754,1.795626,-2.693439,-1.321131,1.981696,-4.040159,2.000000,4.500000,0.000000,0.000000,-0.000000,0.000000,-0.000000,-0.000000,-0.000000,-0.000000
5.550000,-0.907588,1.782213,-2.673320,-1.361382,2.042073,-4.009980,2.000000,4.500000,-0.907588,1.782213,-2.673320,-1.361382,2.042073,-4.009980,2.000000,4.500000,0.000000,0.000000,-0.000000,0.000000,-0.000000,-0.000000,-0.000000,-0.000000
5.560000,-0.934218,1.768399,-2.652599,-1.401327,2.101991,-3.978899,2.000000,4.500000,-0.934218,1.768399,-2.652599,-1.401327,2.101991,-3.978899,2.000000,4.500000,0.000000,0.000000,-0.000000,0.000000,-0.000000,-0.000000,-0.000000,-0.000000
5.570000,-0.960638,1.754188,-2.631282,-1.440957,2.161435,-3.946922,2.000000,4.500000,-0.960638,1.754188,-2.631282,-1.440957,2.161435,-3.946922,2.000000,4.500000,0.000000,0.000000,-0.000000,0.000000,-0.000000,-0.000000,-0.000000,-0.000000
5.580000,-0.986842,1.739581,-2.609372,-1.480263,2.220394,-3.914058,2.000000,4.500000,-0.986842,1.739581,-2.609372,-1.480263,2.220394,-3.914058,2.000000,4.500000,0.000000,0.000000,-0.000000,0.000000,-0.000000,-0.000000,-0.000000,-0.000000
5.590000,-1.012823,1.724584,-2.586875,-1.519235,2.278853,-3.880313,2.000000,4.500000,-1.012823,1.724584,-2.586875,-1.519235,2.278853,-3.880313,2.000000,4.500000,0.000000,0.000000,-0.000000,0.000000,-0.000000,-0.000000,-0.000000,-0.000000
5.600000,-1.038577,1.709198,-2.563797,-1.557866,2.336799,-3.845695,2.000000,4.500000,-1.038577,1.709198,-2.563797,-1.557866,2.336799,-3.845695,2.000000,4.500000,0.000000,0.000000,-0.000000,0.000000,-0.000000,-0.000000,-0.000000,-0.000000
5.610000,-1.064097,1.693427,-2.540141,-1.596146,2.394219,-3.810212,2.000000,4.500000,-1.064097,1.693427,-2.540141,-1.596146,2.394219,-3.810212,2.000000,4.500000,0.000000,0.000000,-0.000000,0.000000,-0.000000,-0.000000,-0.000000,-0.000000
5.620000,-1.089378,1.677276,-2.515914,-1.634067,2.451101,-3.773871,2.000000,4.500000,-1.089378,1.677276,-2.515914,-1.634067,2.451101,-3.773871,2.000000,4.500000,0.000000,0.000000,-0.000000,0.000000,-0.000000,-0.000000,-0.000000,-0.000000
5.630000,-1.114414,1.660747,-2.491121,-1.671621,2.507431,-3.736682,2.000000,4.500000,-1.114414,1.660747,-2.491121,-1.671621,2.507431,-3.736682,2.000000,4.500000,0.000000,0.000000,-0.000000,0.000000,-0.000000,-0.000000,-0.000000,-0.000000
5.640000,-1.139199,1.643845,-2.465767,-1.708798,2.563197,-3.698651,2.000000,4.500000,-1.139199,1.643845,-2.465767,-1.708798,2.563197,-3.698651,2.000000,4.500000,0.000000,0.000000,-0.000000,0.000000,-0.000000,-0.000000,-0.000000,-0.000000
5.650000,-1.163727,1.626573,-2.439859,-1.745591,2.618387,-3.659788,2.000000,4.500000,-1.163727,1.626573,-2.439859,-1.745591,2.618387,-3.659788,2.000000,4.500000,0.000000,0.000000,-0.000000,0.000000,-0.000000,-0.000000,-0.000000,-0.000000
5.660000,-1.187994,1.608934,-2.413402,-1.781991,2.672987,-3.620102,2.000000,4.500000,-1.187994,1.608934,-2.413402,-1.781991,2.672987,-3.620102,2.000000,4.500000,0.000000,0.000000,-0.000000,0.000000,-0.000000,-0.000000,-0.000000,-0.000000
5.670000,-1.211994,1.590934,-2.386401,-1.817990,2.726986,-3.579602,2.000000,4.500000,-1.211994,1.590934,-2.386401,-1.817990,2.726986,-3.579602,2.000000,4.500000,0.000000,0.000000,-0.000000,0.000000,-0.000000,-0.000000,-0.000000,-0.000000
5.680000,-1.235720,1.572576,-2.358864,-1.853581,2.780371,-3.538296,2.000000,4.500000,-1.235720,1.572576,-2.358864,-1.853581,2.780371,-3.538296,2.000000,4.500000,0.000000,0.000000,-0.000000,0.000000,-0.000000,-0.000000,-0.000000,-0.000000
5.690000,-1.259169,1.553864,-2.330796,-1.888754,2.833130,-3.496194,2.000000,4.500000,-1.259169,1.553864,-2.330796,-1.888754,2.833130,-3.496194,2.000000,4.500000,0.000000,0.000000,-0.000000,0.000000,-0.000000,-0.000000,-0.000000,-0.000000
5.700000,-1.282335,1.534802,-2.302203,-1.923502,2.885253,-3.453305,2.000000,4.500000,-1.282335,1.534802,-2.302203,-1.923502,2.885253,-3.453305,2.000000,4.500000,0.000000,0.000000,-0.000000,0.000000,-0.000000,-0.000000,-0.000000,-0.000000
5.710000,-1.305211,1.515395,-2.273093,-1.957817,2.936726,-3.409640,2.000000,4.500000,-1.305211,1.515395,-2.273093,-1.957817,2.936726,-3.409640,2.000000,4.500000,0.000000,0.000000,-0.000000,0.000000,-0.000000,-0.000000,-0.000000,-0.000000
5.720000,-1.327795,1.495647,-2.243471,-1.991692,2.987538,-3.365207,2.000000,4.500000,-1.327795,1.495647,-2.243471,-1.991692,2.987538,-3.365207,2.000000,4.500000,0.000000,0.000000,-0.000000,0.000000,-0.000000,-0.000000,-0.000000,-0.000000
5.730000,-1.350079,1.475563,-2.213345,-2.025119,3.037678,-3.320017,2.000000,4.500000,-1.350079,1.475563,-2.213345,-2.025119,3.037678,-3.320017,2.000000,4.500000,0.000000,0.000000,-0.000000,0.000000,-0.000000,-0.000000,-0.000000,-0.000000
5.740000,-1.372060,1.455147,-2.182720,-2.058090,3.087135,-3.274080,2.000000,4.500000,-1.372060,1.455147,-2.182720,-2.058090,3.087135,-3.274080,2.000000,4.500000,0.000000,0.000000,-0.000000,0.000000,-0.000000,-0.000000,-0.000000,-0.000000
5.750000,-1.393732,1.434403,-2.151604,-2.090598,3.135897,-3.227406,2.000000,4.500000,-1.393732,1.434403,-2.151604,-2.090598,3.135897,-3.227406,2.000000,4.500000,0.000000,0.000000,-0.000000,0.000000,-0.000000,-0.000000,-0.000000,-0.000000
5.760000,-1.415090,1.413336,-2.120004,-2.122636,3.183953,-3.180006,2.000000,4.500000,-1.415090,1.413336,-2.120004,-2.122636,3.183953,-3.180006,2.000000,4.500000,0.000000,0.000000,-0.000000,0.000000,-0.000000,-0.000000,-0.000000,-0.000000
5.770000,-1.436130,1.391952,-2.087927,-2.154196,3.231293,-3.131891,2.000000,4.500000,-1.436130,1.391952,-2.087927,-2.154196,3.231293,-3.131891,2.000000,4.500000,0.000000,0.000000,-0.000000,0.000000,-0.000000,-0.000000,-0.000000,-0.000000
5.780000,-1.456847,1.370254,-2.055381,-2.185271,3.277907,-3.083071,2.000000,4.500000,-1.456847,1.370254,-2.055381,-2.185271,3.277907,-3.083071,2.000000,4.500000,0.000000,0.000000,-0.000000,0.000000,-0.000000,-0.000000,-0.000000,-0.000000
5.790000,-1.477237,1.348248,-2.022372,-2.215855,3.323782,-3.033558,2.000000,4.500000,-1.477237,1.348248,-2.022372,-2.215855,3.323782,-3.033558,2.000000,4.500000,0.000000,0.000000,-0.000000,0.000000,-0.000000,-0.000000,-0.000000,-0.000000
5.800000,-1.497293,1.325938,-1.988908,-2.245940,3.368910,-2.983362,2.000000,4.500000,-1.497293,1.325938,-1.988908,-2.245940,3.368910,-2.983362,2.000000,4.500000,0.000000,0.000000,-0.000000,0.000000,-0.000000,-0.000000,-0.000000,-0.000000
5.810000,-1.517013,1.303331,-1.954996,-2.275520,3.413280,-2.932494,2.000000,4.500000,-1.517013,1.303331,-1.954996,-2.275520,3.413280,-2.932494,2.000000,4.500000,0.000000,0.000000,-0.000000,0.000000,-0.000000,-0.000000,-0.000000,-0.000000
5.820000,-1.536392,1.280430,-1.920645,-2.304588,3.456881,-2.880967,2.000000,4.500000,-1.536392,1.280430,-1.920645,-2.304588,3.456881,-2.880967,2.000000,4.500000,0.000000,0.000000,-0.000000,0.000000,-0.000000,-0.000000,-0.000000,-0.000000
5.830000,-1.555425,1.257241,-1.885861,-2.333137,3.499705,-2.828792,2.000000,4.500000,-1.555425,1.257241,-1.885861,-2.333137,3.499705,-2.828792,2.000000,4.500000,0.000000,0.000000,-0.000000,0.000000,-0.000000,-0.000000,-0.000000,-0.000000
5.840000,-1.574108,1.233769,-1.850653,-2.361161,3.541742,-2.775980,2.000000,4.500000,-1.574108,1.233769,-1.850653,-2.361161,3.541742,-2.775980,2.000000,4.500000,0.000000,0.000000,-0.000000,0.000000,-0.000000,-0.000000,-0.000000,-0.000000
5.850000,-1.592436,1.210019,-1.815029,-2.388654,3.582982,-2.722543,2.000000,4.500000,-1.592436,1.210019,-1.815029,-2.388654,3.582982,-2.722543,2.000000,4.500000,0.000000,0.000000,-0.000000,0.000000,-0.000000,-0.000000,-0.000000,-0.000000
5.860000,-1.610407,1.185997,-1.778996,-2.415610,3.623415,-2.668494,2.000000,4.500000,-1.610407,1.185997,-1.778996,-2.415610,3.623415,-2.668494,2.000000,4.500000,0.000000,0.000000,-0.000000,0.000000,-0.000000,-0.000000,-0.000000,-0.000000
5.870000,-1.628015,1.161709,-1.742563,-2.442022,3.663034,-2.613845,2.000000,4.500000,-1.628015,1.161709,-1.742563,-2.442022,3.663034,-2.613845,2.000000,4.500000,0.000000,0.000000,-0.000000,0.000000,-0.000000,-0.000000,-0.000000,-0.000000
5.880000,-1.645257,1.137159,-1.705738,-2.467885,3.701828,-2.558607,2.000000,4.500000,-1.645257,1.137159,-1.705738,-2.467885,3.701828,-2.558607,2.000000,4.500000,0.000000,0.000000,-0.000000,0.000000,-0.000000,-0.000000,-0.000000,-0.000000
5.890000,-1.662128,1.112353,-1.668530,-2.493193,3.739789,-2.502794,2.000000,4.500000,-1.662128,1.112353,-1.668530,-2.493193,3.739789,-2.502794,2.000000,4.500000,0.000000,0.000000,-0.000000,0.000000,-0.000000,-0.000000,-0.000000,-0.000000
5.900000,-1.678626,1.087297,-1.630945,-2.517939,3.776909,-2.446418,2.000000,4.500000,-1.678626,1.087297,-1.630945,-2.517939,3.776909,-2.446418,2.000000,4.500000,0.000000,0.000000,-0.000000,0.000000,-0.000000,-0.000000,-0.000000,-0.000000
5.910000,-1.694746,1.061996,-1.592994,-2.542119,3.813179,-2.389491,2.000000,4.500000,-1.694746,1.061996,-1.592994,-2.542119,3.813179,-2.389491,2.000000,4.500000,0.000000,0.000000,-0.000000,0.000000,-0.000000,-0.000000,-0.000000,-0.000000
5.920000,-1.710485,1.036456,-1.554685,-2.565727,3.848591,-2.332027,2.000000,4.500000,-1.710485,1.036456,-1.554685,-2.565727,3.848591,-2.332027,2.000000,4.500000,0.000000,0.000000,-0.000000,0.000000,-0.000000,-0.000000,-0.000000,-0.000000
5.930000,-1.725839,1.010684,-1.516025,-2.588758,3.883137,-2.274038,2.000000,4.500000,-1.725839,1.010684,-1.516025,-2.588758,3.883137,-2.274038,2.000000,4.500000,0.000000,0.000000,-0.000000,0.000000,-0.000000,-0.000000,-0.000000,-0.000000
5.940000,-1.740804,0.984683,-1.477025,-2.611206,3.916809,-2.215537,2.000000,4.500000,-1.740804,0.984683,-1.477025,-2.611206,3.916809,-2.215537,2.000000,4.500000,0.000000,0.000000,-0.000000,0.000000,-0.000000,-0.000000,-0.000000,-0.000000
5.950000,-1.755378,0.958461,-1.437692,-2.633067,3.949600,-2.156538,2.000000,4.500000,-1.755378,0.958461,-1.437692,-2.633067,3.949600,-2.156538,2.000000,4.500000,0.000000,0.000000,-0.000000,0.000000,-0.000000,-0.000000,-0.000000,-0.000000
5.960000,-1.769557,0.932024,-1.398036,-2.654335,3.981503,-2.097054,2.000000,4.500000,-1.769557,0.932024,-1.398036,-2.654335,3.981503,-2.097054,2.000000,4.500000,0.000000,0.000000,-0.000000,0.000000,-0.000000,-0.000000,-0.000000,-0.000000
5.970000,-1.783338,0.905377,-1.358065,-2.675006,4.012510,-2.037097,2.000000,4.500000,-1.783338,0.905377,-1.358065,-2.675006,4.012510,-2.037097,2.000000,4.500000,0.000000,0.000000,-0.000000,0.000000,-0.000000,-0.000000,-0.000000,-0.000000
5.980000,-1.796717,0.878526,-1.317789,-2.695076,4.042614,-1.976683,2.000000,4.500000,-1.796717,0.878526,-1.317789,-2.695076,4.042614,-1.976683,2.000000,4.500000,0.000000,0.000000,-0.000000,0.000000,-0.000000,-0.000000,-0.000000,-0.000000
5.990000,-1.809692,0.851477,-1.277216,-2.714539,4.071808,-1.915824,2.000000,4.500000,-1.809692,0.851477,-1.277216,-2.714539,4.071808,-1.915824,2.000000,4.500000,0.000000,0.000000,-0.000000,0.000000,-0.000000,-0.000000,-0.000000,-0.000000
6.000000,-1.822261,0.824237,-1.236355,-2.733391,4.100086,-1.854533,2.000000,4.500000,-1.822261,0.824237,-1.236355,-2.733391,4.100086,-1.854533,2.000000,4.500000,0.000000,0.000000,-0.000000,0.000000,-0.000000,-0.000000,-0.000000,-0.000000
6.010000,-1.834419,0.796811,-1.195217,-2.751628,4.127442,-1.792826,2.000000,4.500000,-1.834419,0.796811,-1.195217,-2.751628,4.127442,-1.792826,2.000000,4.500000,0.000000,0.000000,-0.000000,0.000000,-0.000000,-0.000000,-0.000000,-0.000000
6.020000,-1.846164,0.769206,-1.153810,-2.769246,4.153869,-1.730715,2.000000,4.500000,-1.846164,0.769206,-1.153810,-2.769246,4.153869,-1.730715,2.000000,4.500000,0.000000,0.000000,-0.000000,0.000000,-0.000000,-0.000000,-0.000000,-0.000000
6.030000,-1.857494,0.741429,-1.112143,-2.786241,4.179361,-1.668214,2.000000,4.500000,-1.857494,0.741429,-1.112143,-2.786241,4.179361,-1.668214,2.000000,4.500000,0.000000,0.000000,-0.000000,0.000000,-0.000000,-0.000000,-0.000000,-0.000000
6.040000,-1.868406,0.713484,-1.070226,-2.802609,4.203913,-1.605338,2.000000,4.500000,-1.868406,0.713484,-1.070226,-2.802609,4.203913,-1.605338,2.000000,4.500000,0.000000,0.000000,-0.000000,0.000000,-0.000000,-0.000000,-0.000000,-0.000000
6.050000,-1.878898,0.685378,-1.028068,-2.818346,4.227520,-1.542102,2.000000,4.500000,-1.878898,0.685378,-1.028068,-2.818346,4.227520,-1.542101,2.000000,4.500000,0.000000,0.000000,-0.000000,0.000000,-0.000000,-0.000000,-0.000000,-0.000000
6.060000,-1.888967,0.657119,-0.985678,-2.833450,4.250175,-1.478518,2.000000,4.500000,-1.888967,0.657119,-0.985678,-2.833450,4.250175,-1.478518,2.000000,4.500000,0.000000,0.000000,-0.000000,0.000000,-0.000000,-0.000000,-0.000000,-0.000000
6.070000,-1.898610,0.628712,-0.943067,-2.847916,4.271874,-1.414601,2.000000,4.500000,-1.898610,0.628712,-0.943067,-2.847916,4.271874,-1.414601,2.000000,4.500000,0.000000,0.000000,-0.000000,0.000000,-0.000000,-0.000000,-0.000000,-0.000000
6.080000,-1.907827,0.600163,-0.900244,-2.861741,4.292611,-1.350366,2.000000,4.500000,-1.907827,0.600163,-0.900244,-2.861741,4.292611,-1.350366,2.000000,4.500000,0.000000,0.000000,-0.000000,0.000000,-0.000000,-0.000000,-0.000000,-0.000000
6.090000,-1.916615,0.571479,-0.857218,-2.874922,4.312383,-1.285828,2.000000,4.500000,-1.916615,0.571479,-0.857218,-2.874922,4.312383,-1.285828,2.000000,4.500000,0.000000,0.000000,-0.000000,0.000000,-0.000000,-0.000000,-0.000000,-0.000000
6.100000,-1.924971,0.542666,-0.814000,-2.887456,4.331185,-1.221000,2.000000,4.500000,-1.924971,0.542666,-0.814000,-2.887456,4.331185,-1.221000,2.000000,4.500000,0.000000,0.000000,-0.000000,0.000000,-0.000000,-0.000000,-0.000000,-0.000000
6.110000,-1.932894,0.513732,-0.770598,-2.899341,4.349012,-1.155897,2.000000,4.500000,-1.932894,0.513732,-0.770598,-2.899341,4.349012,-1.155897,2.000000,4.500000,0.000000,0.000000,-0.000000,0.000000,-0.000000,-0.000000,-0.000000,-0.000000
6.120000,-1.940382,0.484682,-0.727023,-2.910573,4.365860,-1.090534,2.000000,4.500000,-1.940382,0.484682,-0.727023,-2.910573,4.365860,-1.090534,2.000000,4.500000,0.000000,0.000000,-0.000000,0.000000,-0.000000,-0.000000,-0.000000,-0.000000
6.130000,-1.947434,0.455523,-0.683284,-2.921151,4.381726,-1.024926,2.000000,4.500000,-1.947434,0.455523,-0.683284,-2.921151,4.381726,-1.024926,2.000000,4.500000,0.000000,0.000000,-0.000000,0.000000,-0.000000,-0.000000,-0.000000,-0.000000
6.140000,-1.954047,0.426261,-0.639391,-2.931071,4.396607,-0.959087,2.000000,4.500000,-1.954047,0.426261,-0.639391,-2.931071,4.396607,-0.959087,2.000000,4.500000,0.000000,0.000000,-0.000000,0.000000,-0.000000,-0.000000,-0.000000,-0.000000
6.150000,-1.960221,0.396903,-0.595355,-2.940332,4.410498,-0.893033,2.000000,4.500000,-1.960221,0.396903,-0.595355,-2.940332,4.410498,-0.893033,2.000000,4.500000,0.000000,0.000000,-0.000000,0.000000,-0.000000,-0.000000,-0.000000,-0.000000
6.160000,-1.965954,0.367457,-0.551185,-2.948931,4.423397,-0.826777,2.000000,4.500000,-1.965954,0.367457,-0.551185,-2.948931,4.423397,-0.826777,2.000000,4.500000,0.000000,0.000000,-0.000000,0.000000,-0.000000,-0.000000,-0.000000,-0.000000
6.170000,-1.971245,0.337927,-0.506891,-2.956867,4.435300,-0.760336,2.000000,4.500000,-1.971245,0.337927,-0.506891,-2.956867,4.435300,-0.760336,2.000000,4.500000,0.000000,0.000000,-0.000000,0.000000,-0.000000,-0.000000,-0.000000,-0.000000
6.180000,-1.976092,0.308321,-0.462482,-2.964137,4.446206,-0.693723,2.000000,4.500000,-1.976092,0.308321,-0.462482,-2.964137,4.446206,-0.693723,2.000000,4.500000,0.000000,0.000000,-0.000000,0.000000,-0.000000,-0.000000,-0.000000,-0.000000
6.190000,-1.980494,0.278646,-0.417970,-2.970741,4.456111,-0.626955,2.000000,4.500000,-1.980494,0.278646,-0.417970,-2.970741,4.456111,-0.626955,2.000000,4.500000,0.000000,0.000000,-0.000000,0.000000,-0.000000,-0.000000,-0.000000,-0.000000
6.200000,-1.984451,0.248909,-0.373363,-2.976676,4.465014,-0.560045,2.000000,4.500000,-1.984451,0.248909,-0.373363,-2.976676,4.465014,-0.560045,2.000000,4.500000,0.000000,0.000000,-0.000000,0.000000,-0.000000,-0.000000,-0.000000,-0.000000
6.210000,-1.987961,0.219115,-0.328673,-2.981941,4.472912,-0.493009,2.000000,4.500000,-1.987961,0.219115,-0.328673,-2.981941,4.472912,-0.493009,2.000000,4.500000,0.000000,0.000000,-0.000000,0.000000,-0.000000,-0.000000,-0.000000,-0.000000
6.220000,-1.991024,0.189272,-0.283908,-2.986536,4.479804,-0.425863,2.000000,4.500000,-1.991024,0.189272,-0.283908,-2.986536,4.479804,-0.425863,2.000000,4.500000,0.000000,0.000000,-0.000000,0.000000,-0.000000,-0.000000,-0.000000,-0.000000
6.230000,-1.993639,0.159387,-0.239080,-2.990458,4.485687,-0.358620,2.000000,4.500000,-1.993639,0.159387,-0.239080,-2.990458,4.485687,-0.358620,2.000000,4.500000,0.000000,0.000000,-0.000000,0.000000,-0.000000,-0.000000,-0.000000,-0.000000
6.240000,-1.995805,0.129465,-0.194198,-2.993708,4.490562,-0.291297,2.000000,4.500000,-1.995805,0.129465,-0.194198,-2.993708,4.490562,-0.291297,2.000000,4.500000,0.000000,0.000000,-0.000000,0.000000,-0.000000,-0.000000,-0.000000,-0.000000
6.250000,-1.997523,0.099515,-0.149272,-2.996284,4.494426,-0.223908,2.000000,4.500000,-1.997523,0.099515,-0.149272,-2.996284,4.494426,-0.223908,2.000000,4.500000,0.000000,0.000000,-0.000000,0.000000,-0.000000,-0.000000,-0.000000,-0.000000
6.260000,-1.998791,0.069542,-0.104313,-2.998186,4.497279,-0.156469,2.000000,4.500000,-1.998791,0.069542,-0.104313,-2.998186,4.497279,-0.156469,2.000000,4.500000,0.000000,0.000000,-0.000000,0.000000,-0.000000,-0.000000,-0.000000,-0.000000
6.270000,-1.999609,0.039553,-0.059330,-2.999413,4.499120,-0.088995,2.000000,4.500000,-1.999609,0.039553,-0.059330,-2.999413,4.499120,-0.088995,2.000000,4.500000,0.000000,0.000000,-0.000000,0.000000,-0.000000,-0.000000,-0.000000,-0.000000
6.280000,-1.999977,0.009556,-0.014334,-2.999966,4.499949,-0.021501,2.000000,4.500000,-1.999977,0.009556,-0.014334,-2.999966,4.499949,-0.021501,2.000000,4.500000,0.000000,0.000000,-0.000000,0.000000,-0.000000,-0.000000,-0.000000,-0.000000
6.290000,-1.999896,-0.020444,0.030666,-2.999843,4.499765,0.045998,2.000000,4.500000,-1.999896,-0.020444,0.030666,-2.999843,4.499765,0.045998,2.000000,4.500000,0.000000,0.000000,-0.000000,0.000000,-0.000000,-0.000000,-0.000000,-0.000000
6.300000,-1.999364,-0.050439,0.075658,-2.999046,4.498569,0.113487,2.000000,4.500000,-1.999364,-0.050439,0.075658,-2.999046,4.498569,0.113487,2.000000,4.500000,-0.000000,0.000000,-0.000000,-0.000000,0.000000,-0.000000,-0.000000,-0.000000
6.310000,-1.998382,-0.080422,0.120634,-2.997574,4.496360,0.180950,2.000000,4.500000,-1.998382,-0.080422,0.120634,-2.997574,4.496360,0.180950,2.000000,4.500000,-0.000000,0.000000,-0.000000,-0.000000,0.000000,-0.000000,-0.000000,-0.000000
6.320000,-1.996951,-0.110388,0.165582,-2.995427,4.493140,0.248373,2.000000,4.500000,-1.996951,-0.110388,0.165582,-2.995427,4.493140,0.248373,2.000000,4.500000,-0.000000,0.000000,-0.000000,-0.000000,0.000000,-0.000000,-0.000000,-0.000000
6.330000,-1.995071,-0.140329,0.210493,-2.992606,4.488910,0.315740,2.000000,4.500000,-1.995071,-0.140329,0.210493,-2.992606,4.488910,0.315740,2.000000,4.500000,-0.000000,0.000000,-0.000000,-0.000000,0.000000,-0.000000,-0.000000,-0.000000
6.340000,-1.992742,-0.170238,0.255357,-2.989112,4.483669,0.383035,2.000000,4.500000,-1.992742,-0.170238,0.255357,-2.989112,4.483669,0.383035,2.000000,4.500000,-0.000000,0.000000,-0.000000,-0.000000,0.000000,-0.000000,-0.000000,-0.000000
6.350000,-1.989964,-0.200109,0.300163,-2.984946,4.477419,0.450245,2.000000,4.500000,-1.989964,-0.200109,0.300163,-2.984946,4.477419,0.450245,2.000000,4.500000,-0.000000,0.000000,-0.000000,-0.000000,0.000000,-0.000000,-0.000000,-0.000000
6.360000,-1.986739,-0.229935,0.344902,-2.980108,4.470162,0.517353,2.000000,4.500000,-1.986739,-0.229935,0.344902,-2.980108,4.470162,0.517353,2.000000,4.500000,-0.000000,0.000000,-0.000000,-0.000000,0.000000,-0.000000,-0.000000,-0.000000
6.370000,-1.983066,-0.259709,0.389563,-2.974599,4.461899,0.584344,2.000000,4.500000,-1.983066,-0.259709,0.389563,-2.974599,4.461899,0.584344,2.000000,4.500000,-0.000000,0.000000,-0.000000,-0.000000,0.000000,-0.000000,-0.000000,-0.000000
6.380000,-1.978948,-0.289424,0.434136,-2.968421,4.452632,0.651205,2.000000,4.500000,-1.978948,-0.289424,0.434136,-2.968421,4.452632,0.651205,2.000000,4.500000,-0.000000,0.000000,-0.000000,-0.000000,0.000000,-0.000000,-0.000000,-0.000000
6.390000,-1.974384,-0.319075,0.478612,-2.961576,4.442363,0.717918,2.000000,4.500000,-1.974384,-0.319075,0.478612,-2.961576,4.442363,0.717918,2.000000,4.500000,-0.000000,0.000000,-0.000000,-0.000000,0.000000,-0.000000,-0.000000,-0.000000
6.400000,-1.969376,-0.348654,0.522980,-2.954064,4.431095,0.784470,2.000000,4.500000,-1.969376,-0.348654,0.522980,-2.954064,4.431095,0.784471,2.000000,4.500000,-0.000000,0.000000,-0.000000,-0.000000,0.000000,-0.000000,-0.000000,-0.000000
6.410000,-1.963925,-0.378154,0.567231,-2.945887,4.418830,0.850846,2.000000,4.500000,-1.963925,-0.378154,0.567231,-2.945887,4.418830,0.850846,2.000000,4.500000,-0.000000,0.000000,-0.000000,-0.000000,0.000000,-0.000000,-0.000000,-0.000000
6.420000,-1.958032,-0.407569,0.611354,-2.937047,4.405571,0.917030,2.000000,4.500000,-1.958032,-0.407569,0.611354,-2.937047,4.405571,0.917030,2.000000,4.500000,-0.000000,0.000000,-0.000000,-0.000000,0.000000,-0.000000,-0.000000,-0.000000
6.430000,-1.951698,-0.436893,0.655339,-2.927547,4.391320,0.983008,2.000000,4.500000,-1.951698,-0.436893,0.655339,-2.927547,4.391320,0.983008,2.000000,4.500000,-0.000000,0.000000,-0.000000,-0.000000,0.000000,-0.000000,-0.000000,-0.000000
6.440000,-1.944925,-0.466118,0.699177,-2.917388,4.376082,1.048765,2.000000,4.500000,-1.944925,-0.466118,0.699177,-2.917388,4.376082,1.048765,2.000000,4.500000,-0.000000,0.000000,-0.000000,-0.000000,0.000000,-0.000000,-0.000000,-0.000000
6.450000,-1.937715,-0.495238,0.742857,-2.906572,4.359859,1.114286,2.000000,4.500000,-1.937715,-0.495238,0.742857,-2.906572,4.359859,1.114286,2.000000,4.500000,-0.000000,0.000000,-0.000000,-0.000000,0.000000,-0.000000,-0.000000,-0.000000
6.460000,-1.930069,-0.524247,0.786371,-2.895103,4.342654,1.179556,2.000000,4.500000,-1.930069,-0.524247,0.786371,-2.895103,4.342654,1.179556,2.000000,4.500000,-0.000000,0.000000,-0.000000,-0.000000,0.000000,-0.000000,-0.000000,-0.000000
6.470000,-1.921988,-0.553138,0.829707,-2.882982,4.324473,1.244561,2.000000,4.500000,-1.921988,-0.553138,0.829707,-2.882982,4.324473,1.244561,2.000000,4.500000,-0.000000,0.000000,-0.000000,-0.000000,0.000000,-0.000000,-0.000000,-0.000000
6.480000,-1.913475,-0.581905,0.872857,-2.870213,4.305319,1.309285,2.000000,4.500000,-1.913475,-0.581905,0.872857,-2.870213,4.305319,1.309285,2.000000,4.500000,-0.000000,0.000000,-0.000000,-0.000000,0.000000,-0.000000,-0.000000,-0.000000
6.490000,-1.904532,-0.610540,0.915810,-2.856797,4.285196,1.373715,2.000000,4.500000,-1.904532,-0.610540,0.915810,-2.856797,4.285196,1.373715,2.000000,4.500000,-0.000000,0.000000,-0.000000,-0.000000,0.000000,-0.000000,-0.000000,-0.000000
6.500000,-1.895160,-0.639038,0.958558,-2.842739,4.264109,1.437836,2.000000,4.500000,-1.895160,-0.639038,0.958558,-2.842739,4.264109,1.437836,2.000000,4.500000,-0.000000,0.000000,-0.000000,-0.000000,0.000000,-0.000000,-0.000000,-0.000000
6.510000,-1.885361,-0.667393,1.001089,-2.828042,4.242063,1.501634,2.000000,4.500000,-1.885361,-0.667393,1.001089,-2.828042,4.242063,1.501634,2.000000,4.500000,-0.000000,0.000000,-0.000000,-0.000000,0.000000,-0.000000,-0.000000,-0.000000
6.520000,-1.875139,-0.695597,1.043396,-2.812708,4.219062,1.565093,2.000000,4.500000,-1.875139,-0.695597,1.043396,-2.812708,4.219062,1.565093,2.000000,4.500000,-0.000000,0.000000,-0.000000,-0.000000,0.000000,-0.000000,-0.000000,-0.000000
6.530000,-1.864494,-0.723645,1.085467,-2.796741,4.195112,1.628201,2.000000,4.500000,-1.864494,-0.723645,1.085467,-2.796741,4.195112,1.628201,2.000000,4.500000,-0.000000,0.000000,-0.000000,-0.000000,0.000000,-0.000000,-0.000000,-0.000000
6.540000,-1.853430,-0.751530,1.127295,-2.780145,4.170218,1.690942,2.000000,4.500000,-1.853430,-0.751530,1.127295,-2.780145,4.170218,1.690942,2.000000,4.500000,-0.000000,0.000000,-0.000000,-0.000000,0.000000,-0.000000,-0.000000,-0.000000
6.550000,-1.841949,-0.779246,1.168869,-2.762924,4.144385,1.753303,2.000000,4.500000,-1.841949,-0.779246,1.168869,-2.762924,4.144385,1.753303,2.000000,4.500000,-0.000000,0.000000,-0.000000,-0.000000,0.000000,-0.000000,-0.000000,-0.000000
6.560000,-1.830054,-0.806786,1.210179,-2.745080,4.117620,1.815269,2.000000,4.500000,-1.830054,-0.806786,1.210179,-2.745080,4.117620,1.815269,2.000000,4.500000,-0.000000,0.000000,-0.000000,-0.000000,0.000000,-0.000000,-0.000000,-0.000000
6.570000,-1.817746,-0.834145,1.251218,-2.726620,4.089929,1.876827,2.000000,4.500000,-1.817746,-0.834145,1.251218,-2.726619,4.089929,1.876827,2.000000,4.500000,-0.000000,0.000000,-0.000000,-0.000000,0.000000,-0.000000,-0.000000,-0.000000
6.580000,-1.805030,-0.861317,1.291975,-2.707545,4.061318,1.937962,2.000000,4.500000,-1.805030,-0.861317,1.291975,-2.707545,4.061318,1.937962,2.000000,4.500000,-0.000000,0.000000,-0.000000,-0.000000,0.000000,-0.000000,-0.000000,-0.000000
6.590000,-1.791908,-0.888294,1.332441,-2.687862,4.031793,1.998662,2.000000,4.500000,-1.791908,-0.888294,1.332441,-2.687862,4.031793,1.998662,2.000000,4.500000,-0.000000,0.000000,-0.000000,-0.000000,0.000000,-0.000000,-0.000000,-0.000000
6.600000,-1.778382,-0.915072,1.372608,-2.667573,4.001360,2.058912,2.000000,4.500000,-1.778382,-0.915072,1.372608,-2.667573,4.001360,2.058912,2.000000,4.500000,-0.000000,0.000000,-0.000000,-0.000000,0.000000,-0.000000,-0.000000,-0.000000
6.610000,-1.764457,-0.941644,1.412465,-2.646685,3.970028,2.118698,2.000000,4.500000,-1.764457,-0.941644,1.412465,-2.646685,3.970028,2.118698,2.000000,4.500000,-0.000000,0.000000,-0.000000,-0.000000,0.000000,-0.000000,-0.000000,-0.000000
6.620000,-1.750134,-0.968003,1.452005,-2.625201,3.937802,2.178008,2.000000,4.500000,-1.750134,-0.968004,1.452005,-2.625201,3.937802,2.178008,2.000000,4.500000,-0.000000,0.000000,-0.000000,-0.000000,0.000000,-0.000000,-0.000000,-0.000000
6.630000,-1.735418,-0.994146,1.491218,-2.603127,3.904690,2.236828,2.000000,4.500000,-1.735418,-0.994146,1.491218,-2.603126,3.904690,2.236828,2.000000,4.500000,-0.000000,0.000000,-0.000000,-0.000000,0.000000,-0.000000,-0.000000,-0.000000
6.640000,-1.720311,-1.020064,1.530096,-2.580466,3.870699,2.295144,2.000000,4.500000,-1.720311,-1.020064,1.530096,-2.580466,3.870699,2.295144,2.000000,4.500000,-0.000000,0.000000,-0.000000,-0.000000,0.000000,-0.000000,-0.000000,-0.000000
6.650000,-1.704817,-1.045753,1.568630,-2.557225,3.835838,2.352944,2.000000,4.500000,-1.704817,-1.045753,1.568630,-2.557225,3.835838,2.352944,2.000000,4.500000,-0.000000,0.000000,-0.000000,-0.000000,0.000000,-0.000000,-0.000000,-0.000000
6.660000,-1.688939,-1.071207,1.606810,-2.533409,3.800114,2.410215,2.000000,4.500000,-1.688939,-1.071207,1.606810,-2.533409,3.800114,2.410215,2.000000,4.500000,-0.000000,0.000000,-0.000000,-0.000000,0.000000,-0.000000,-0.000000,-0.000000
6.670000,-1.672682,-1.096419,1.644629,-2.509023,3.763534,2.466943,2.000000,4.500000,-1.672682,-1.096419,1.644629,-2.509023,3.763534,2.466943,2.000000,4.500000,-0.000000,0.000000,-0.000000,-0.000000,0.000000,-0.000000,-0.000000,-0.000000
6.680000,-1.656048,-1.121385,1.682078,-2.484072,3.726108,2.523117,2.000000,4.500000,-1.656048,-1.121385,1.682078,-2.484072,3.726108,2.523117,2.000000,4.500000,-0.000000,0.000000,-0.000000,-0.000000,0.000000,-0.000000,-0.000000,-0.000000
6.690000,-1.639042,-1.146099,1.719148,-2.458562,3.687844,2.578722,2.000000,4.500000,-1.639042,-1.146099,1.719148,-2.458562,3.687844,2.578722,2.000000,4.500000,-0.000000,0.000000,-0.000000,-0.000000,0.000000,-0.000000,-0.000000,-0.000000
6.700000,-1.621666,-1.170555,1.755832,-2.432500,3.648749,2.633748,2.000000,4.500000,-1.621666,-1.170555,1.755832,-2.432500,3.648749,2.633748,2.000000,4.500000,-0.000000,0.000000,-0.000000,-0.000000,0.000000,-0.000000,-0.000000,-0.000000
6.710000,-1.603926,-1.194747,1.792121,-2.405889,3.608834,2.688181,2.000000,4.500000,-1.603926,-1.194747,1.792121,-2.405889,3.608834,2.688181,2.000000,4.500000,-0.000000,0.000000,-0.000000,-0.000000,0.000000,-0.000000,-0.000000,-0.000000
6.720000,-1.585825,-1.218671,1.828006,-2.378738,3.568107,2.742009,2.000000,4.500000,-1.585825,-1.218671,1.828006,-2.378738,3.568107,2.742009,2.000000,4.500000,-0.000000,0.000000,-0.000000,-0.000000,0.000000,-0.000000,-0.000000,-0.000000
6.730000,-1.567368,-1.242320,1.863480,-2.351051,3.526577,2.795220,2.000000,4.500000,-1.567368,-1.242320,1.863480,-2.351051,3.526577,2.795220,2.000000,4.500000,-0.000000,0.000000,-0.000000,-0.000000,0.000000,-0.000000,-0.000000,-0.000000
6.740000,-1.548557,-1.265690,1.898535,-2.322836,3.484253,2.847802,2.000000,4.500000,-1.548557,-1.265690,1.898535,-2.322836,3.484253,2.847802,2.000000,4.500000,-0.000000,0.000000,-0.000000,-0.000000,0.000000,-0.000000,-0.000000,-0.000000
6.750000,-1.529398,-1.288775,1.933162,-2.294097,3.441146,2.899744,2.000000,4.500000,-1.529398,-1.288775,1.933162,-2.294097,3.441146,2.899744,2.000000,4.500000,-0.000000,0.000000,-0.000000,-0.000000,0.000000,-0.000000,-0.000000,-0.000000
6.760000,-1.509895,-1.311570,1.967355,-2.264843,3.397264,2.951033,2.000000,4.500000,-1.509895,-1.311570,1.967355,-2.264843,3.397264,2.951033,2.000000,4.500000,-0.000000,0.000000,-0.000000,-0.000000,0.000000,-0.000000,-0.000000,-0.000000
6.770000,-1.490053,-1.334070,2.001105,-2.235079,3.352618,3.001658,2.000000,4.500000,-1.490053,-1.334070,2.001105,-2.235079,3.352618,3.001658,2.000000,4.500000,-0.000000,0.000000,-0.000000,-0.000000,0.000000,-0.000000,-0.000000,-0.000000
6.780000,-1.469875,-1.356270,2.034405,-2.204812,3.307218,3.051608,2.000000,4.500000,-1.469875,-1.356270,2.034405,-2.204812,3.307218,3.051608,2.000000,4.500000,-0.000000,0.000000,-0.000000,-0.000000,0.000000,-0.000000,-0.000000,-0.000000
6.790000,-1.449366,-1.378165,2.067247,-2.174049,3.261074,3.100871,2.000000,4.500000,-1.449366,-1.378165,2.067247,-2.174049,3.261074,3.100871,2.000000,4.500000,-0.000000,0.000000,-0.000000,-0.000000,0.000000,-0.000000,-0.000000,-0.000000
6.800000,-1.428531,-1.399749,2.099624,-2.142797,3.214195,3.149436,2.000000,4.500000,-1.428531,-1.399749,2.099624,-2.142797,3.214195,3.149436,2.000000,4.500000,-0.000000,0.000000,-0.000000,-0.000000,0.000000,-0.000000,-0.000000,-0.000000
6.810000,-1.407375,-1.421019,2.131529,-2.111063,3.166594,3.197293,2.000000,4.500000,-1.407375,-1.421019,2.131529,-2.111063,3.166594,3.197293,2.000000,4.500000,-0.000000,0.000000,-0.000000,-0.000000,0.000000,-0.000000,-0.000000,-0.000000
6.820000,-1.385902,-1.441969,2.162954,-2.078854,3.118280,3.244430,2.000000,4.500000,-1.385902,-1.441969,2.162954,-2.078853,3.118280,3.244430,2.000000,4.500000,-0.000000,0.000000,-0.000000,-0.000000,0.000000,-0.000000,-0.000000,-0.000000
6.830000,-1.364118,-1.462595,2.193892,-2.046177,3.069265,3.290838,2.000000,4.500000,-1.364118,-1.462595,2.193892,-2.046177,3.069265,3.290838,2.000000,4.500000,-0.000000,0.000000,-0.000000,-0.000000,0.000000,-0.000000,-0.000000,-0.000000
6.840000,-1.342026,-1.482891,2.224337,-2.013039,3.019559,3.336505,2.000000,4.500000,-1.342026,-1.482891,2.224337,-2.013039,3.019559,3.336505,2.000000,4.500000,-0.000000,0.000000,-0.000000,-0.000000,0.000000,-0.000000,-0.000000,-0.000000
6.850000,-1.319633,-1.502854,2.254281,-1.979449,2.969173,3.381421,2.000000,4.500000,-1.319633,-1.502854,2.254281,-1.979449,2.969173,3.381421,2.000000,4.500000,-0.000000,0.000000,-0.000000,-0.000000,0.000000,-0.000000,-0.000000,-0.000000
6.860000,-1.296942,-1.522479,2.283718,-1.945413,2.918120,3.425577,2.000000,4.500000,-1.296942,-1.522479,2.283718,-1.945413,2.918120,3.425577,2.000000,4.500000,-0.000000,0.000000,-0.000000,-0.000000,0.000000,-0.000000,-0.000000,-0.000000
6.870000,-1.273960,-1.541761,2.312641,-1.910940,2.866410,3.468961,2.000000,4.500000,-1.273960,-1.541761,2.312641,-1.910940,2.866410,3.468961,2.000000,4.500000,-0.000000,0.000000,-0.000000,-0.000000,0.000000,-0.000000,-0.000000,-0.000000
6.880000,-1.250691,-1.560696,2.341044,-1.876037,2.814055,3.511566,2.000000,4.500000,-1.250691,-1.560696,2.341044,-1.876037,2.814055,3.511566,2.000000,4.500000,-0.000000,0.000000,-0.000000,-0.000000,0.000000,-0.000000,-0.000000,-0.000000
6.890000,-1.227141,-1.579280,2.368920,-1.840711,2.761067,3.553380,2.000000,4.500000,-1.227141,-1.579280,2.368920,-1.840711,2.761067,3.553380,2.000000,4.500000,-0.000000,0.000000,-0.000000,-0.000000,0.000000,-0.000000,-0.000000,-0.000000
6.900000,-1.203315,-1.597509,2.396263,-1.804972,2.707458,3.594395,2.000000,4.500000,-1.203315,-1.597509,2.396263,-1.804972,2.707458,3.594395,2.000000,4.500000,-0.000000,0.000000,-0.000000,-0.000000,0.000000,-0.000000,-0.000000,-0.000000
6.910000,-1.179217,-1.615378,2.423067,-1.768826,2.653239,3.634601,2.000000,4.500000,-1.179217,-1.615378,2.423067,-1.768826,2.653239,3.634601,2.000000,4.500000,-0.000000,0.000000,-0.000000,-0.000000,0.000000,-0.000000,-0.000000,-0.000000
6.920000,-1.154855,-1.632884,2.449326,-1.732282,2.598424,3.673989,2.000000,4.500000,-1.154855,-1.632884,2.449326,-1.732282,2.598424,3.673989,2.000000,4.500000,-0.000000,0.000000,-0.000000,-0.000000,0.000000,-0.000000,-0.000000,-0.000000
6.930000,-1.130233,-1.650022,2.475034,-1.695349,2.543024,3.712550,2.000000,4.500000,-1.130233,-1.650022,2.475034,-1.695349,2.543024,3.712550,2.000000,4.500000,-0.000000,0.000000,-0.000000,-0.000000,0.000000,-0.000000,-0.000000,-0.000000
6.940000,-1.105356,-1.666790,2.500184,-1.658034,2.487051,3.750277,2.000000,4.500000,-1.105356,-1.666790,2.500184,-1.658034,2.487051,3.750277,2.000000,4.500000,-0.000000,0.000000,-0.000000,-0.000000,0.000000,-0.000000,-0.000000,-0.000000
6.950000,-1.080231,-1.683182,2.524773,-1.620346,2.430520,3.787159,2.000000,4.500000,-1.080231,-1.683182,2.524773,-1.620346,2.430520,3.787159,2.000000,4.500000,-0.000000,0.000000,-0.000000,-0.000000,0.000000,-0.000000,-0.000000,-0.000000
6.960000,-1.054863,-1.699195,2.548793,-1.582294,2.373441,3.823190,2.000000,4.500000,-1.054863,-1.699195,2.548793,-1.582294,2.373441,3.823190,2.000000,4.500000,-0.000000,0.000000,-0.000000,-0.000000,0.000000,-0.000000,-0.000000,-0.000000
6.970000,-1.029257,-1.714827,2.572240,-1.543885,2.315828,3.858360,2.000000,4.500000,-1.029257,-1.714827,2.572240,-1.543885,2.315828,3.858360,2.000000,4.500000,-0.000000,0.000000,-0.000000,-0.000000,0.000000,-0.000000,-0.000000,-0.000000
6.980000,-1.003420,-1.730072,2.595108,-1.505130,2.257694,3.892662,2.000000,4.500000,-1.003420,-1.730072,2.595108,-1.505130,2.257694,3.892662,2.000000,4.500000,-0.000000,0.000000,-0.000000,-0.000000,0.000000,-0.000000,-0.000000,-0.000000
6.990000,-0.977357,-1.744928,2.617392,-1.466035,2.199053,3.926088,2.000000,4.500000,-0.977357,-1.744928,2.617392,-1.466035,2.199053,3.926088,2.000000,4.500000,-0.000000,0.000000,-0.000000,-0.000000,0.000000,-0.000000,-0.000000,-0.000000
7.000000,-0.951074,-1.759392,2.639087,-1.426611,2.139916,3.958631,2.000000,4.500000,-0.951074,-1.759392,2.639087,-1.426611,2.139916,3.958631,2.000000,4.500000,-0.000000,0.000000,-0.000000,-0.000000,0.000000,-0.000000,-0.000000,-0.000000
7.010000,-0.924577,-1.773459,2.660189,-1.386865,2.080298,3.990283,2.000000,4.500000,-0.924577,-1.773459,2.660189,-1.386865,2.080298,3.990283,2.000000,4.500000,-0.000000,0.000000,-0.000000,-0.000000,0.000000,-0.000000,-0.000000,-0.000000
7.020000,-0.897872,-1.787128,2.680692,-1.346808,2.020212,4.021038,2.000000,4.500000,-0.897872,-1.787128,2.680692,-1.346808,2.020212,4.021038,2.000000,4.500000,-0.000000,0.000000,-0.000000,-0.000000,0.000000,-0.000000,-0.000000,-0.000000
7.030000,-0.870965,-1.800394,2.700591,-1.306448,1.959672,4.050887,2.000000,4.500000,-0.870965,-1.800394,2.700591,-1.306448,1.959672,4.050887,2.000000,4.500000,-0.000000,0.000000,-0.000000,-0.000000,0.000000,-0.000000,-0.000000,-0.000000
7.040000,-0.843862,-1.813256,2.719884,-1.265793,1.898690,4.079825,2.000000,4.500000,-0.843862,-1.813256,2.719884,-1.265793,1.898690,4.079825,2.000000,4.500000,-0.000000,0.000000,-0.000000,-0.000000,0.000000,-0.000000,-0.000000,-0.000000
7.050000,-0.816570,-1.825709,2.738564,-1.224854,1.837281,4.107846,2.000000,4.500000,-0.816570,-1.825709,2.738564,-1.224854,1.837281,4.107846,2.000000,4.500000,-0.000000,0.000000,-0.000000,-0.000000,0.000000,-0.000000,-0.000000,-0.000000
7.060000,-0.789093,-1.837752,2.756628,-1.183640,1.775459,4.134942,2.000000,4.500000,-0.789093,-1.837752,2.756628,-1.183640,1.775459,4.134942,2.000000,4.500000,-0.000000,0.000000,-0.000000,-0.000000,0.000000,-0.000000,-0.000000,-0.000000
7.070000,-0.761439,-1.849381,2.774072,-1.142159,1.713238,4.161108,2.000000,4.500000,-0.761439,-1.849381,2.774072,-1.142159,1.713238,4.161108,2.000000,4.500000,-0.000000,0.000000,-0.000000,-0.000000,0.000000,-0.000000,-0.000000,-0.000000
7.080000,-0.733614,-1.860594,2.790891,-1.100421,1.650631,4.186337,2.000000,4.500000,-0.733614,-1.860594,2.790891,-1.100421,1.650631,4.186337,2.000000,4.500000,-0.000000,0.000000,-0.000000,-0.000000,0.000000,-0.000000,-0.000000,-0.000000
7.090000,-0.705623,-1.871389,2.807083,-1.058435,1.587652,4.210625,2.000000,4.500000,-0.705623,-1.871389,2.807083,-1.058435,1.587652,4.210625,2.000000,4.500000,-0.000000,0.000000,-0.000000,-0.000000,0.000000,-0.000000,-0.000000,-0.000000
7.100000,-0.677474,-1.881762,2.822643,-1.016211,1.524317,4.233965,2.000000,4.500000,-0.677474,-1.881762,2.822643,-1.016211,1.524317,4.233965,2.000000,4.500000,-0.000000,0.000000,-0.000000,-0.000000,0.000000,-0.000000,-0.000000,-0.000000
7.110000,-0.649173,-1.891712,2.837568,-0.973759,1.460638,4.256352,2.000000,4.500000,-0.649173,-1.891712,2.837568,-0.973759,1.460638,4.256352,2.000000,4.500000,-0.000000,0.000000,-0.000000,-0.000000,0.000000,-0.000000,-0.000000,-0.000000
7.120000,-0.620725,-1.901237,2.851855,-0.931087,1.396631,4.277782,2.000000,4.500000,-0.620725,-1.901237,2.851855,-0.931087,1.396631,4.277782,2.000000,4.500000,-0.000000,0.000000,-0.000000,-0.000000,0.000000,-0.000000,-0.000000,-0.000000
7.130000,-0.592138,-1.910333,2.865500,-0.888206,1.332310,4.298250,2.000000,4.500000,-0.592138,-1.910333,2.865500,-0.888206,1.332310,4.298250,2.000000,4.500000,-0.000000,0.000000,-0.000000,-0.000000,0.000000,-0.000000,-0.000000,-0.000000
7.140000,-0.563417,-1.919000,2.878500,-0.845126,1.267688,4.317750,2.000000,4.500000,-0.563417,-1.919000,2.878500,-0.845126,1.267688,4.317750,2.000000,4.500000,-0.000000,0.000000,-0.000000,-0.000000,0.000000,-0.000000,-0.000000,-0.000000
7.150000,-0.534570,-1.927235,2.890853,-0.801855,1.202782,4.336279,2.000000,4.500000,-0.534570,-1.927235,2.890853,-0.801855,1.202782,4.336279,2.000000,4.500000,-0.000000,0.000000,-0.000000,-0.000000,0.000000,-0.000000,-0.000000,-0.000000
7.160000,-0.505602,-1.935037,2.902555,-0.758403,1.137605,4.353832,2.000000,4.500000,-0.505602,-1.935037,2.902555,-0.758403,1.137605,4.353832,2.000000,4.500000,-0.000000,0.000000,-0.000000,-0.000000,0.000000,-0.000000,-0.000000,-0.000000
7.170000,-0.476521,-1.942403,2.913604,-0.714781,1.072172,4.370406,2.000000,4.500000,-0.476521,-1.942403,2.913604,-0.714781,1.072172,4.370406,2.000000,4.500000,-0.000000,0.000000,-0.000000,-0.000000,0.000000,-0.000000,-0.000000,-0.000000
7.180000,-0.447332,-1.949332,2.923997,-0.670998,1.006498,4.385996,2.000000,4.500000,-0.447332,-1.949332,2.923997,-0.670998,1.006498,4.385996,2.000000,4.500000,-0.000000,0.000000,-0.000000,-0.000000,0.000000,-0.000000,-0.000000,-0.000000
7.190000,-0.418043,-1.955822,2.933733,-0.627065,0.940597,4.400600,2.000000,4.500000,-0.418043,-1.955822,2.933733,-0.627065,0.940597,4.400600,2.000000,4.500000,-0.000000,0.000000,-0.000000,-0.000000,0.000000,-0.000000,-0.000000,-0.000000
7.200000,-0.388660,-1.961872,2.942809,-0.582990,0.874485,4.414213,2.000000,4.500000,-0.388660,-1.961872,2.942809,-0.582990,0.874485,4.414213,2.000000,4.500000,-0.000000,0.000000,-0.000000,-0.000000,0.000000,-0.000000,-0.000000,-0.000000
7.210000,-0.359189,-1.967481,2.951222,-0.538784,0.808176,4.426833,2.000000,4.500000,-0.359189,-1.967481,2.951222,-0.538784,0.808175,4.426833,2.000000,4.500000,-0.000000,0.000000,-0.000000,-0.000000,0.000000,-0.000000,-0.000000,-0.000000
7.220000,-0.329638,-1.972648,2.958972,-0.494456,0.741685,4.438457,2.000000,4.500000,-0.329638,-1.972648,2.958972,-0.494456,0.741685,4.438457,2.000000,4.500000,-0.000000,0.000000,-0.000000,-0.000000,0.000000,-0.000000,-0.000000,-0.000000
7.230000,-0.300012,-1.977370,2.966055,-0.450018,0.675027,4.449083,2.000000,4.500000,-0.300012,-1.977370,2.966055,-0.450018,0.675027,4.449083,2.000000,4.500000,-0.000000,0.000000,-0.000000,-0.000000,0.000000,-0.000000,-0.000000,-0.000000
7.240000,-0.270319,-1.981648,2.972472,-0.405478,0.608217,4.458707,2.000000,4.500000,-0.270319,-1.981648,2.972472,-0.405478,0.608217,4.458707,2.000000,4.500000,-0.000000,0.000000,-0.000000,-0.000000,0.000000,-0.000000,-0.000000,-0.000000
7.250000,-0.240565,-1.985479,2.978219,-0.360847,0.541271,4.467329,2.000000,4.500000,-0.240565,-1.985479,2.978219,-0.360847,0.541271,4.467329,2.000000,4.500000,-0.000000,0.000000,-0.000000,-0.000000,0.000000,-0.000000,-0.000000,-0.000000
7.260000,-0.210757,-1.988864,2.983297,-0.316135,0.474202,4.474945,2.000000,4.500000,-0.210757,-1.988864,2.983297,-0.316135,0.474202,4.474945,2.000000,4.500000,-0.000000,0.000000,-0.000000,-0.000000,0.000000,-0.000000,-0.000000,-0.000000
7.270000,-0.180901,-1.991802,2.987703,-0.271352,0.407027,4.481554,2.000000,4.500000,-0.180901,-1.991802,2.987703,-0.271351,0.407027,4.481554,2.000000,4.500000,-0.000000,0.000000,-0.000000,-0.000000,0.000000,-0.000000,-0.000000,-0.000000
7.280000,-0.151005,-1.994291,2.991437,-0.226507,0.339761,4.487155,2.000000,4.500000,-0.151005,-1.994291,2.991437,-0.226507,0.339761,4.487155,2.000000,4.500000,-0.000000,0.000000,-0.000000,-0.000000,0.000000,-0.000000,-0.000000,-0.000000
7.290000,-0.121075,-1.996332,2.994498,-0.181612,0.272418,4.491747,2.000000,4.500000,-0.121075,-1.996332,2.994498,-0.181612,0.272418,4.491747,2.000000,4.500000,-0.000000,0.000000,-0.000000,-0.000000,0.000000,-0.000000,-0.000000,-0.000000
7.300000,-0.091117,-1.997923,2.996885,-0.136676,0.205013,4.495328,2.000000,4.500000,-0.091117,-1.997923,2.996885,-0.136676,0.205013,4.495328,2.000000,4.500000,-0.000000,0.000000,-0.000000,-0.000000,0.000000,-0.000000,-0.000000,-0.000000
7.310000,-0.061139,-1.999065,2.998598,-0.091709,0.137563,4.497897,2.000000,4.500000,-0.061139,-1.999065,2.998598,-0.091709,0.137563,4.497897,2.000000,4.500000,-0.000000,0.000000,-0.000000,-0.000000,0.000000,-0.000000,-0.000000,-0.000000
7.320000,-0.031147,-1.999757,2.999636,-0.046721,0.070081,4.499454,2.000000,4.500000,-0.031147,-1.999757,2.999636,-0.046721,0.070081,4.499454,2.000000,4.500000,-0.000000,0.000000,-0.000000,-0.000000,0.000000,-0.000000,-0.000000,-0.000000
7.330000,-0.001149,-2.000000,3.000000,-0.001723,0.002584,4.499999,2.000000,4.500000,-0.001149,-2.000000,3.000000,-0.001723,0.002584,4.499999,2.000000,4.500000,-0.000000,0.000000,-0.000000,-0.000000,0.000000,-0.000000,-0.000000,-0.000000
7.340000,0.028850,-1.999792,2.999688,0.043276,-0.064913,4.499532,2.000000,4.500000,0.028850,-1.999792,2.999688,0.043276,-0.064913,4.499532,2.000000,4.500000,-0.000000,-0.000000,0.000000,-0.000000,0.000000,0.000000,-0.000000,-0.000000
7.350000,0.058843,-1.999134,2.998701,0.088264,-0.132397,4.498052,2.000000,4.500000,0.058843,-1.999134,2.998701,0.088264,-0.132397,4.498052,2.000000,4.500000,-0.000000,-0.000000,0.000000,-0.000000,0.000000,0.000000,-0.000000,-0.000000
7.360000,0.088822,-1.998027,2.997040,0.133233,-0.199850,4.495560,2.000000,4.500000,0.088822,-1.998027,2.997040,0.133233,-0.199850,4.495560,2.000000,4.500000,-0.000000,-0.000000,0.000000,-0.000000,0.000000,0.000000,-0.000000,-0.000000
7.370000,0.118781,-1.996470,2.994704,0.178172,-0.267258,4.492057,2.000000,4.500000,0.118781,-1.996470,2.994704,0.178172,-0.267258,4.492057,2.000000,4.500000,-0.000000,-0.000000,0.000000,-0.000000,0.000000,0.000000,-0.000000,-0.000000
7.380000,0.148714,-1.994463,2.991695,0.223071,-0.334607,4.487543,2.000000,4.500000,0.148714,-1.994463,2.991695,0.223071,-0.334607,4.487543,2.000000,4.500000,-0.000000,-0.000000,0.000000,-0.000000,0.000000,0.000000,-0.000000,-0.000000
7.390000,0.178613,-1.992008,2.988013,0.267920,-0.401880,4.482019,2.000000,4.500000,0.178613,-1.992008,2.988013,0.267920,-0.401880,4.482019,2.000000,4.500000,-0.000000,-0.000000,0.000000,-0.000000,0.000000,0.000000,-0.000000,-0.000000
7.400000,0.208472,-1.989105,2.983658,0.312708,-0.469062,4.475487,2.000000,4.500000,0.208472,-1.989105,2.983658,0.312708,-0.469062,4.475487,2.000000,4.500000,-0.000000,-0.000000,0.000000,-0.000000,0.000000,0.000000,-0.000000,-0.000000
7.410000,0.238284,-1.985754,2.978632,0.357426,-0.536139,4.467947,2.000000,4.500000,0.238284,-1.985754,2.978632,0.357426,-0.536139,4.467947,2.000000,4.500000,-0.000000,-0.000000,0.000000,-0.000000,0.000000,0.000000,-0.000000,-0.000000
7.420000,0.268042,-1.981957,2.972935,0.402064,-0.603095,4.459403,2.000000,4.500000,0.268042,-1.981957,2.972935,0.402064,-0.603096,4.459403,2.000000,4.500000,-0.000000,-0.000000,0.000000,-0.000000,0.000000,0.000000,-0.000000,-0.000000
7.430000,0.297741,-1.977713,2.966570,0.446611,-0.669916,4.449855,2.000000,4.500000,0.297741,-1.977713,2.966570,0.446611,-0.669916,4.449855,2.000000,4.500000,-0.000000,-0.000000,0.000000,-0.000000,0.000000,0.000000,-0.000000,-0.000000
7.440000,0.327372,-1.973025,2.959538,0.491057,-0.736586,4.439306,2.000000,4.500000,0.327372,-1.973025,2.959538,0.491057,-0.736586,4.439306,2.000000,4.500000,-0.000000,-0.000000,0.000000,-0.000000,0.000000,0.000000,-0.000000,-0.000000
7.450000,0.356929,-1.967893,2.951839,0.535394,-0.803090,4.427759,2.000000,4.500000,0.356929,-1.967893,2.951839,0.535394,-0.803090,4.427759,2.000000,4.500000,-0.000000,-0.000000,0.000000,-0.000000,0.000000,0.000000,-0.000000,-0.000000
7.460000,0.386406,-1.962318,2.943476,0.579609,-0.869414,4.415215,2.000000,4.500000,0.386406,-1.962318,2.943476,0.579609,-0.869414,4.415215,2.000000,4.500000,-0.000000,-0.000000,0.000000,-0.000000,0.000000,0.000000,-0.000000,-0.000000
7.470000,0.415796,-1.956301,2.934451,0.623695,-0.935542,4.401677,2.000000,4.500000,0.415796,-1.956301,2.934451,0.623695,-0.935542,4.401677,2.000000,4.500000,-0.000000,-0.000000,0.000000,-0.000000,0.000000,0.000000,-0.000000,-0.000000
7.480000,0.445093,-1.949844,2.924766,0.667640,-1.001459,4.387149,2.000000,4.500000,0.445093,-1.949844,2.924766,0.667640,-1.001459,4.387149,2.000000,4.500000,-0.000000,-0.000000,0.000000,-0.000000,0.000000,0.000000,-0.000000,-0.000000
7.490000,0.474290,-1.942949,2.914423,0.711434,-1.067151,4.371634,2.000000,4.500000,0.474290,-1.942949,2.914423,0.711434,-1.067151,4.371634,2.000000,4.500000,-0.000000,-0.000000,0.000000,-0.000000,0.000000,0.000000,-0.000000,-0.000000
7.500000,0.503379,-1.935616,2.903424,0.755069,-1.132603,4.355136,2.000000,4.500000,0.503379,-1.935616,2.903424,0.755069,-1.132603,4.355136,2.000000,4.500000,-0.000000,-0.000000,0.000000,-0.000000,0.000000,0.000000,-0.000000,-0.000000
7.510000,0.532356,-1.927848,2.891772,0.798534,-1.197801,4.337658,2.000000,4.500000,0.532356,-1.927848,2.891772,0.798534,-1.197801,4.337658,2.000000,4.500000,-0.000000,-0.000000,0.000000,-0.000000,0.000000,0.000000,-0.000000,-0.000000
7.520000,0.561213,-1.919646,2.879469,0.841819,-1.262728,4.319203,2.000000,4.500000,0.561213,-1.919646,2.879469,0.841819,-1.262728,4.319203,2.000000,4.500000,-0.000000,-0.000000,0.000000,-0.000000,0.000000,0.000000,-0.000000,-0.000000
7.530000,0.589943,-1.911012,2.866518,0.884915,-1.327372,4.299777,2.000000,4.500000,0.589943,-1.911012,2.866518,0.884915,-1.327372,4.299777,2.000000,4.500000,-0.000000,-0.000000,0.000000,-0.000000,0.000000,0.000000,-0.000000,-0.000000
7.540000,0.618541,-1.901948,2.852922,0.927811,-1.391717,4.279384,2.000000,4.500000,0.618541,-1.901948,2.852922,0.927811,-1.391717,4.279384,2.000000,4.500000,-0.000000,-0.000000,0.000000,-0.000000,0.000000,0.000000,-0.000000,-0.000000
7.550000,0.646999,-1.892457,2.838685,0.970499,-1.455749,4.258027,2.000000,4.500000,0.646999,-1.892457,2.838685,0.970499,-1.455749,4.258027,2.000000,4.500000,-0.000000,-0.000000,0.000000,-0.000000,0.000000,0.000000,-0.000000,-0.000000
7.560000,0.675312,-1.882539,2.823809,1.012969,-1.519453,4.235713,2.000000,4.500000,0.675312,-1.882539,2.823809,1.012969,-1.519453,4.235713,2.000000,4.500000,-0.000000,-0.000000,0.000000,-0.000000,0.000000,0.000000,-0.000000,-0.000000
7.570000,0.703473,-1.872198,2.808297,1.055210,-1.582815,4.212445,2.000000,4.500000,0.703473,-1.872198,2.808297,1.055210,-1.582815,4.212445,2.000000,4.500000,-0.000000,-0.000000,0.000000,-0.000000,0.000000,0.000000,-0.000000,-0.000000
7.580000,0.731476,-1.861436,2.792153,1.097214,-1.645821,4.188230,2.000000,4.500000,0.731476,-1.861436,2.792153,1.097214,-1.645821,4.188230,2.000000,4.500000,-0.000000,-0.000000,0.000000,-0.000000,0.000000,0.000000,-0.000000,-0.000000
7.590000,0.759314,-1.850254,2.775382,1.138972,-1.708457,4.163073,2.000000,4.500000,0.759314,-1.850254,2.775382,1.138972,-1.708457,4.163073,2.000000,4.500000,-0.000000,-0.000000,0.000000,-0.000000,0.000000,0.000000,-0.000000,-0.000000
7.600000,0.786982,-1.838657,2.757986,1.180473,-1.770709,4.136978,2.000000,4.500000,0.786982,-1.838657,2.757986,1.180473,-1.770709,4.136978,2.000000,4.500000,-0.000000,-0.000000,0.000000,-0.000000,0.000000,0.000000,-0.000000,-0.000000
7.610000,0.814472,-1.826646,2.739969,1.221708,-1.832562,4.109953,2.000000,4.500000,0.814472,-1.826646,2.739969,1.221708,-1.832562,4.109953,2.000000,4.500000,-0.000000,-0.000000,0.000000,-0.000000,0.000000,0.000000,-0.000000,-0.000000
7.620000,0.841779,-1.814224,2.721336,1.262669,-1.894003,4.082004,2.000000,4.500000,0.841779,-1.814224,2.721336,1.262669,-1.894003,4.082004,2.000000,4.500000,-0.000000,-0.000000,0.000000,-0.000000,0.000000,0.000000,-0.000000,-0.000000
7.630000,0.868897,-1.801394,2.702090,1.303345,-1.955018,4.053135,2.000000,4.500000,0.868897,-1.801393,2.702090,1.303345,-1.955018,4.053135,2.000000,4.500000,-0.000000,-0.000000,0.000000,-0.000000,0.000000,0.000000,-0.000000,-0.000000
7.640000,0.895819,-1.788158,2.682237,1.343728,-2.015592,4.023355,2.000000,4.500000,0.895819,-1.788158,2.682237,1.343728,-2.015592,4.023355,2.000000,4.500000,-0.000000,-0.000000,0.000000,-0.000000,0.000000,0.000000,-0.000000,-0.000000
7.650000,0.922539,-1.774520,2.661780,1.383809,-2.075714,3.992670,2.000000,4.500000,0.922539,-1.774520,2.661780,1.383809,-2.075714,3.992670,2.000000,4.500000,-0.000000,-0.000000,0.000000,-0.000000,0.000000,0.000000,-0.000000,-0.000000
7.660000,0.949052,-1.760483,2.640724,1.423579,-2.135368,3.961086,2.000000,4.500000,0.949052,-1.760483,2.640724,1.423579,-2.135368,3.961086,2.000000,4.500000,-0.000000,-0.000000,0.000000,-0.000000,0.000000,0.000000,-0.000000,-0.000000
7.670000,0.975352,-1.746049,2.619074,1.463028,-2.194542,3.928611,2.000000,4.500000,0.975352,-1.746049,2.619074,1.463028,-2.194542,3.928611,2.000000,4.500000,-0.000000,-0.000000,0.000000,-0.000000,0.000000,0.000000,-0.000000,-0.000000
7.680000,1.001432,-1.731223,2.596835,1.502148,-2.253222,3.895252,2.000000,4.500000,1.001432,-1.731223,2.596835,1.502148,-2.253222,3.895252,2.000000,4.500000,-0.000000,-0.000000,0.000000,-0.000000,0.000000,0.000000,-0.000000,-0.000000
7.690000,1.027287,-1.716008,2.574011,1.540930,-2.311395,3.861017,2.000000,4.500000,1.027287,-1.716008,2.574011,1.540930,-2.311395,3.861017,2.000000,4.500000,-0.000000,-0.000000,0.000000,-0.000000,0.000000,0.000000,-0.000000,-0.000000
7.700000,1.052910,-1.700406,2.550609,1.579365,-2.369048,3.825913,2.000000,4.500000,1.052910,-1.700406,2.550609,1.579365,-2.369048,3.825913,2.000000,4.500000,-0.000000,-0.000000,0.000000,-0.000000,0.000000,0.000000,-0.000000,-0.000000
7.710000,1.078297,-1.684421,2.526632,1.617445,-2.426168,3.789948,2.000000,4.500000,1.078297,-1.684421,2.526632,1.617445,-2.426168,3.789948,2.000000,4.500000,-0.000000,-0.000000,0.000000,-0.000000,0.000000,0.000000,-0.000000,-0.000000
7.720000,1.103441,-1.668058,2.502087,1.655161,-2.482742,3.753131,2.000000,4.500000,1.103441,-1.668058,2.502087,1.655162,-2.482742,3.753131,2.000000,4.500000,-0.000000,-0.000000,0.000000,-0.000000,0.000000,0.000000,-0.000000,-0.000000
7.730000,1.128337,-1.651319,2.476979,1.692505,-2.538758,3.715469,2.000000,4.500000,1.128337,-1.651319,2.476979,1.692505,-2.538758,3.715469,2.000000,4.500000,-0.000000,-0.000000,0.000000,-0.000000,0.000000,0.000000,-0.000000,-0.000000
7.740000,1.152979,-1.634209,2.451314,1.729468,-2.594202,3.676971,2.000000,4.500000,1.152979,-1.634209,2.451314,1.729468,-2.594202,3.676971,2.000000,4.500000,-0.000000,-0.000000,0.000000,-0.000000,0.000000,0.000000,-0.000000,-0.000000
7.750000,1.177361,-1.616731,2.425097,1.766042,-2.649063,3.637646,2.000000,4.500000,1.177361,-1.616731,2.425097,1.766042,-2.649063,3.637646,2.000000,4.500000,-0.000000,-0.000000,0.000000,-0.000000,0.000000,0.000000,-0.000000,-0.000000
7.760000,1.201479,-1.598890,2.398335,1.802218,-2.703327,3.597502,2.000000,4.500000,1.201479,-1.598890,2.398335,1.802218,-2.703327,3.597502,2.000000,4.500000,-0.000000,-0.000000,0.000000,-0.000000,0.000000,0.000000,-0.000000,-0.000000
7.770000,1.225326,-1.580688,2.371033,1.837989,-2.756984,3.556549,2.000000,4.500000,1.225326,-1.580688,2.371033,1.837989,-2.756984,3.556549,2.000000,4.500000,-0.000000,-0.000000,0.000000,-0.000000,0.000000,0.000000,-0.000000,-0.000000
7.780000,1.248898,-1.562131,2.343197,1.873347,-2.810020,3.514796,2.000000,4.500000,1.248898,-1.562131,2.343197,1.873347,-2.810020,3.514796,2.000000,4.500000,-0.000000,-0.000000,0.000000,-0.000000,0.000000,0.000000,-0.000000,-0.000000
7.790000,1.272188,-1.543223,2.314834,1.908282,-2.862424,3.472252,2.000000,4.500000,1.272188,-1.543223,2.314834,1.908282,-2.862424,3.472251,2.000000,4.500000,-0.000000,-0.000000,0.000000,-0.000000,0.000000,0.000000,-0.000000,-0.000000
7.800000,1.295193,-1.523967,2.285951,1.942789,-2.914184,3.428926,2.000000,4.500000,1.295193,-1.523967,2.285951,1.942789,-2.914184,3.428926,2.000000,4.500000,-0.000000,-0.000000,0.000000,-0.000000,0.000000,0.000000,-0.000000,-0.000000
7.810000,1.317906,-1.504369,2.256553,1.976858,-2.965288,3.384829,2.000000,4.500000,1.317906,-1.504369,2.256553,1.976858,-2.965288,3.384829,2.000000,4.500000,-0.000000,-0.000000,0.000000,-0.000000,0.000000,0.000000,-0.000000,-0.000000
7.820000,1.340322,-1.484431,2.226647,2.010483,-3.015725,3.339971,2.000000,4.500000,1.340322,-1.484431,2.226647,2.010483,-3.015725,3.339971,2.000000,4.500000,-0.000000,-0.000000,0.000000,-0.000000,0.000000,0.000000,-0.000000,-0.000000
7.830000,1.362437,-1.464160,2.196241,2.043655,-3.065483,3.294361,2.000000,4.500000,1.362437,-1.464160,2.196241,2.043655,-3.065483,3.294361,2.000000,4.500000,-0.000000,-0.000000,0.000000,-0.000000,0.000000,0.000000,-0.000000,-0.000000
7.840000,1.384245,-1.443560,2.165340,2.076368,-3.114552,3.248010,2.000000,4.500000,1.384245,-1.443560,2.165340,2.076368,-3.114552,3.248010,2.000000,4.500000,-0.000000,-0.000000,0.000000,-0.000000,0.000000,0.000000,-0.000000,-0.000000
7.850000,1.405742,-1.422635,2.133952,2.108613,-3.162920,3.200928,2.000000,4.500000,1.405742,-1.422635,2.133952,2.108613,-3.162920,3.200928,2.000000,4.500000,-0.000000,-0.000000,0.000000,-0.000000,0.000000,0.000000,-0.000000,-0.000000
7.860000,1.426923,-1.401389,2.102084,2.140384,-3.210576,3.153126,2.000000,4.500000,1.426923,-1.401389,2.102084,2.140384,-3.210576,3.153126,2.000000,4.500000,-0.000000,-0.000000,0.000000,-0.000000,0.000000,0.000000,-0.000000,-0.000000
7.870000,1.447782,-1.379829,2.069743,2.171673,-3.257510,3.104614,2.000000,4.500000,1.447782,-1.379829,2.069743,2.171673,-3.257510,3.104614,2.000000,4.500000,-0.000000,-0.000000,0.000000,-0.000000,0.000000,0.000000,-0.000000,-0.000000
7.880000,1.468316,-1.357957,2.036936,2.202474,-3.303711,3.055404,2.000000,4.500000,1.468316,-1.357957,2.036936,2.202474,-3.303711,3.055404,2.000000,4.500000,-0.000000,-0.000000,0.000000,-0.000000,0.000000,0.000000,-0.000000,-0.000000
7.890000,1.488519,-1.335781,2.003671,2.232779,-3.349169,3.005507,2.000000,4.500000,1.488519,-1.335781,2.003671,2.232779,-3.349169,3.005507,2.000000,4.500000,-0.000000,-0.000000,0.000000,-0.000000,0.000000,0.000000,-0.000000,-0.000000
7.900000,1.508388,-1.313303,1.969955,2.262582,-3.393873,2.954933,2.000000,4.500000,1.508388,-1.313303,1.969955,2.262582,-3.393873,2.954933,2.000000,4.500000,-0.000000,-0.000000,0.000000,-0.000000,0.000000,0.000000,-0.000000,-0.000000
7.910000,1.527917,-1.290531,1.935796,2.291875,-3.437813,2.903694,2.000000,4.500000,1.527917,-1.290531,1.935796,2.291875,-3.437813,2.903694,2.000000,4.500000,-0.000000,-0.000000,0.000000,-0.000000,0.000000,0.000000,-0.000000,-0.000000
7.920000,1.547102,-1.267468,1.901202,2.320653,-3.480980,2.851802,2.000000,4.500000,1.547102,-1.267468,1.901202,2.320654,-3.480980,2.851802,2.000000,4.500000,-0.000000,-0.000000,0.000000,-0.000000,0.000000,0.000000,-0.000000,-0.000000
7.930000,1.565940,-1.244119,1.866179,2.348909,-3.523364,2.799269,2.000000,4.500000,1.565940,-1.244119,1.866179,2.348909,-3.523364,2.799269,2.000000,4.500000,-0.000000,-0.000000,0.000000,-0.000000,0.000000,0.000000,-0.000000,-0.000000
7.940000,1.584425,-1.220491,1.830737,2.376637,-3.564955,2.746105,2.000000,4.500000,1.584425,-1.220491,1.830737,2.376637,-3.564955,2.746105,2.000000,4.500000,-0.000000,-0.000000,0.000000,-0.000000,0.000000,0.000000,-0.000000,-0.000000
7.950000,1.602553,-1.196588,1.794883,2.403829,-3.605744,2.692324,2.000000,4.500000,1.602553,-1.196588,1.794883,2.403829,-3.605744,2.692324,2.000000,4.500000,-0.000000,-0.000000,0.000000,-0.000000,0.000000,0.000000,-0.000000,-0.000000
7.960000,1.620321,-1.172416,1.758625,2.430481,-3.645722,2.637937,2.000000,4.500000,1.620321,-1.172416,1.758625,2.430481,-3.645722,2.637937,2.000000,4.500000,-0.000000,-0.000000,0.000000,-0.000000,0.000000,0.000000,-0.000000,-0.000000
7.970000,1.637724,-1.147981,1.721971,2.456586,-3.684879,2.582957,2.000000,4.500000,1.637724,-1.147981,1.721971,2.456586,-3.684879,2.582957,2.000000,4.500000,-0.000000,-0.000000,0.000000,-0.000000,0.000000,0.000000,-0.000000,-0.000000
7.980000,1.654759,-1.123287,1.684930,2.482138,-3.723208,2.527395,2.000000,4.500000,1.654759,-1.123287,1.684930,2.482138,-3.723208,2.527395,2.000000,4.500000,-0.000000,-0.000000,0.000000,-0.000000,0.000000,0.000000,-0.000000,-0.000000
7.990000,1.671421,-1.098340,1.647510,2.507132,-3.760698,2.471265,2.000000,4.500000,1.671421,-1.098340,1.647510,2.507132,-3.760698,2.471265,2.000000,4.500000,-0.000000,-0.000000,0.000000,-0.000000,0.000000,0.000000,-0.000000,-0.000000
8.000000,1.687708,-1.073146,1.609719,2.531562,-3.797343,2.414578,2.000000,4.500000,1.687708,-1.073146,1.609719,2.531562,-3.797343,2.414578,2.000000,4.500000,-0.000000,-0.000000,0.000000,-0.000000,0.000000,0.000000,-0.000000,-0.000000
8.010000,1.703615,-1.047710,1.571566,2.555422,-3.833133,2.357349,2.000000,4.500000,1.703615,-1.047710,1.571566,2.555422,-3.833133,2.357348,2.000000,4.500000,-0.000000,-0.000000,0.000000,-0.000000,0.000000,0.000000,-0.000000,-0.000000
8.020000,1.719138,-1.022039,1.533059,2.578707,-3.868061,2.299588,2.000000,4.500000,1.719138,-1.022039,1.533059,2.578707,-3.868061,2.299588,2.000000,4.500000,-0.000000,-0.000000,0.000000,-0.000000,0.000000,0.000000,-0.000000,-0.000000
8.030000,1.734275,-0.996138,1.494207,2.601412,-3.902118,2.241311,2.000000,4.500000,1.734275,-0.996138,1.494207,2.601412,-3.902118,2.241311,2.000000,4.500000,-0.000000,-0.000000,0.000000,-0.000000,0.000000,0.000000,-0.000000,-0.000000
8.040000,1.749021,-0.970013,1.455020,2.623532,-3.935297,2.182529,2.000000,4.500000,1.749021,-0.970013,1.455020,2.623532,-3.935297,2.182529,2.000000,4.500000,-0.000000,-0.000000,0.000000,-0.000000,0.000000,0.000000,-0.000000,-0.000000
8.050000,1.763374,-0.943670,1.415504,2.645061,-3.967591,2.123257,2.000000,4.500000,1.763374,-0.943670,1.415504,2.645061,-3.967591,2.123257,2.000000,4.500000,-0.000000,-0.000000,0.000000,-0.000000,0.000000,0.000000,-0.000000,-0.000000
8.060000,1.777330,-0.917114,1.375671,2.665995,-3.998993,2.063506,2.000000,4.500000,1.777330,-0.917114,1.375671,2.665995,-3.998993,2.063506,2.000000,4.500000,-0.000000,-0.000000,0.000000,-0.000000,0.000000,0.000000,-0.000000,-0.000000
8.070000,1.790886,-0.890352,1.335528,2.686330,-4.029494,2.003291,2.000000,4.500000,1.790886,-0.890352,1.335527,2.686330,-4.029494,2.003291,2.000000,4.500000,-0.000000,-0.000000,0.000000,-0.000000,0.000000,0.000000,-0.000000,-0.000000
8.080000,1.804040,-0.863389,1.295084,2.706059,-4.059089,1.942626,2.000000,4.500000,1.804040,-0.863389,1.295084,2.706059,-4.059089,1.942626,2.000000,4.500000,-0.000000,-0.000000,0.000000,-0.000000,0.000000,0.000000,-0.000000,-0.000000
8.090000,1.816787,-0.836233,1.254349,2.725181,-4.087771,1.881523,2.000000,4.500000,1.816787,-0.836233,1.254349,2.725181,-4.087771,1.881523,2.000000,4.500000,-0.000000,-0.000000,0.000000,-0.000000,0.000000,0.000000,-0.000000,-0.000000
8.100000,1.829126,-0.808888,1.213331,2.743689,-4.115533,1.819997,2.000000,4.500000,1.829126,-0.808888,1.213331,2.743689,-4.115533,1.819997,2.000000,4.500000,-0.000000,-0.000000,0.000000,-0.000000,0.000000,0.000000,-0.000000,-0.000000
8.110000,1.841053,-0.781361,1.172041,2.761579,-4.142369,1.758062,2.000000,4.500000,1.841053,-0.781361,1.172041,2.761579,-4.142369,1.758062,2.000000,4.500000,-0.000000,-0.000000,0.000000,-0.000000,0.000000,0.000000,-0.000000,-0.000000
8.120000,1.852566,-0.753658,1.130487,2.778848,-4.168273,1.695731,2.000000,4.500000,1.852566,-0.753658,1.130487,2.778848,-4.168273,1.695731,2.000000,4.500000,-0.000000,-0.000000,0.000000,-0.000000,0.000000,0.000000,-0.000000,-0.000000
8.130000,1.863662,-0.725786,1.088679,2.795492,-4.193239,1.633018,2.000000,4.500000,1.863662,-0.725786,1.088679,2.795493,-4.193239,1.633018,2.000000,4.500000,-0.000000,-0.000000,0.000000,-0.000000,0.000000,0.000000,-0.000000,-0.000000
8.140000,1.874338,-0.697750,1.046626,2.811508,-4.217261,1.569938,2.000000,4.500000,1.874338,-0.697750,1.046626,2.811508,-4.217261,1.569938,2.000000,4.500000,-0.000000,-0.000000,0.000000,-0.000000,0.000000,0.000000,-0.000000,-0.000000
8.150000,1.884593,-0.669558,1.004337,2.826890,-4.240335,1.506505,2.000000,4.500000,1.884593,-0.669558,1.004337,2.826890,-4.240335,1.506505,2.000000,4.500000,-0.000000,-0.000000,0.000000,-0.000000,0.000000,0.000000,-0.000000,-0.000000
8.160000,1.894424,-0.641215,0.961822,2.841637,-4.262455,1.442733,2.000000,4.500000,1.894424,-0.641215,0.961822,2.841637,-4.262455,1.442733,2.000000,4.500000,-0.000000,-0.000000,0.000000,-0.000000,0.000000,0.000000,-0.000000,-0.000000
8.170000,1.903829,-0.612727,0.919091,2.855744,-4.283616,1.378636,2.000000,4.500000,1.903829,-0.612727,0.919091,2.855744,-4.283616,1.378636,2.000000,4.500000,-0.000000,-0.000000,0.000000,-0.000000,0.000000,0.000000,-0.000000,-0.000000
8.180000,1.912805,-0.584102,0.876153,2.869208,-4.303812,1.314229,2.000000,4.500000,1.912806,-0.584102,0.876153,2.869208,-4.303812,1.314229,2.000000,4.500000,-0.000000,-0.000000,0.000000,-0.000000,0.000000,0.000000,-0.000000,-0.000000
8.190000,1.921352,-0.555345,0.833018,2.882027,-4.323041,1.249527,2.000000,4.500000,1.921352,-0.555345,0.833018,2.882027,-4.323041,1.249527,2.000000,4.500000,-0.000000,-0.000000,0.000000,-0.000000,0.000000,0.000000,-0.000000,-0.000000
8.200000,1.929465,-0.526464,0.789695,2.894198,-4.341297,1.184543,2.000000,4.500000,1.929465,-0.526464,0.789695,2.894198,-4.341297,1.184543,2.000000,4.500000,-0.000000,-0.000000,0.000000,-0.000000,0.000000,0.000000,-0.000000,-0.000000
8.210000,1.937145,-0.497463,0.746195,2.905717,-4.358576,1.119293,2.000000,4.500000,1.937145,-0.497463,0.746195,2.905717,-4.358576,1.119293,2.000000,4.500000,-0.000000,-0.000000,0.000000,-0.000000,0.000000,0.000000,-0.000000,-0.000000
8.220000,1.944389,-0.468351,0.702527,2.916583,-4.374874,1.053791,2.000000,4.500000,1.944389,-0.468351,0.702527,2.916583,-4.374874,1.053791,2.000000,4.500000,-0.000000,-0.000000,0.000000,-0.000000,0.000000,0.000000,-0.000000,-0.000000
8.230000,1.951195,-0.439134,0.658701,2.926792,-4.390188,0.988052,2.000000,4.500000,1.951195,-0.439134,0.658701,2.926792,-4.390188,0.988051,2.000000,4.500000,-0.000000,-0.000000,0.000000,-0.000000,0.000000,0.000000,-0.000000,-0.000000
8.240000,1.957562,-0.409818,0.614727,2.936343,-4.404515,0.922090,2.000000,4.500000,1.957562,-0.409818,0.614727,2.936343,-4.404515,0.922090,2.000000,4.500000,-0.000000,-0.000000,0.000000,-0.000000,0.000000,0.000000,-0.000000,-0.000000
8.250000,1.963489,-0.380409,0.570614,2.945233,-4.417850,0.855921,2.000000,4.500000,1.963489,-0.380409,0.570614,2.945233,-4.417850,0.855921,2.000000,4.500000,-0.000000,-0.000000,0.000000,-0.000000,0.000000,0.000000,-0.000000,-0.000000
8.260000,1.968974,-0.350915,0.526373,2.953461,-4.430191,0.789559,2.000000,4.500000,1.968974,-0.350915,0.526373,2.953461,-4.430191,0.789559,2.000000,4.500000,-0.000000,-0.000000,0.000000,-0.000000,0.000000,0.000000,-0.000000,-0.000000
8.270000,1.974016,-0.321342,0.482014,2.961024,-4.441536,0.723020,2.000000,4.500000,1.974016,-0.321342,0.482013,2.961024,-4.441536,0.723020,2.000000,4.500000,-0.000000,-0.000000,0.000000,-0.000000,0.000000,0.000000,-0.000000,-0.000000
8.280000,1.978614,-0.291697,0.437546,2.967921,-4.451881,0.656318,2.000000,4.500000,1.978614,-0.291697,0.437546,2.967921,-4.451881,0.656318,2.000000,4.500000,-0.000000,-0.000000,0.000000,-0.000000,0.000000,0.000000,-0.000000,-0.000000
8.290000,1.982767,-0.261986,0.392979,2.974150,-4.461225,0.589469,2.000000,4.500000,1.982767,-0.261986,0.392979,2.974150,-4.461225,0.589469,2.000000,4.500000,-0.000000,-0.000000,0.000000,-0.000000,0.000000,0.000000,-0.000000,-0.000000
8.300000,1.986473,-0.232216,0.348324,2.979710,-4.469565,0.522487,2.000000,4.500000,1.986473,-0.232216,0.348324,2.979710,-4.469565,0.522487,2.000000,4.500000,-0.000000,-0.000000,0.000000,-0.000000,0.000000,0.000000,-0.000000,-0.000000
8.310000,1.989733,-0.202394,0.303591,2.984599,-4.476899,0.455387,2.000000,4.500000,1.989733,-0.202394,0.303591,2.984599,-4.476899,0.455387,2.000000,4.500000,-0.000000,-0.000000,0.000000,-0.000000,0.000000,0.000000,-0.000000,-0.000000
8.320000,1.992545,-0.172527,0.258790,2.988817,-4.483226,0.388185,2.000000,4.500000,1.992545,-0.172527,0.258790,2.988817,-4.483226,0.388185,2.000000,4.500000,-0.000000,-0.000000,0.000000,-0.000000,0.000000,0.000000,-0.000000,-0.000000
8.330000,1.994908,-0.142620,0.213930,2.992363,-4.488544,0.320895,2.000000,4.500000,1.994908,-0.142620,0.213930,2.992363,-4.488544,0.320895,2.000000,4.500000,-0.000000,-0.000000,0.000000,-0.000000,0.000000,0.000000,-0.000000,-0.000000
8.340000,1.996823,-0.112682,0.169022,2.995235,-4.492852,0.253533,2.000000,4.500000,1.996823,-0.112682,0.169022,2.995235,-4.492852,0.253533,2.000000,4.500000,-0.000000,-0.000000,0.000000,-0.000000,0.000000,0.000000,-0.000000,-0.000000
8.350000,1.998289,-0.082718,0.124076,2.997433,-4.496150,0.186115,2.000000,4.500000,1.998289,-0.082718,0.124076,2.997433,-4.496150,0.186115,2.000000,4.500000,-0.000000,-0.000000,0.000000,-0.000000,0.000000,0.000000,-0.000000,-0.000000
8.360000,1.999305,-0.052735,0.079103,2.998957,-4.498435,0.118654,2.000000,4.500000,1.999305,-0.052735,0.079103,2.998957,-4.498435,0.118654,2.000000,4.500000,-0.000000,-0.000000,0.000000,-0.000000,0.000000,0.000000,-0.000000,-0.000000
8.370000,1.999871,-0.022741,0.034111,2.999806,-4.499709,0.051167,2.000000,4.500000,1.999871,-0.022741,0.034111,2.999806,-4.499709,0.051167,2.000000,4.500000,-0.000000,-0.000000,0.000000,-0.000000,0.000000,0.000000,-0.000000,-0.000000
8.380000,1.999987,0.007259,-0.010888,2.999980,-4.499970,-0.016332,2.000000,4.500000,1.999987,0.007259,-0.010888,2.999980,-4.499970,-0.016332,2.000000,4.500000,-0.000000,-0.000000,0.000000,-0.000000,0.000000,0.000000,-0.000000,-0.000000
8.390000,1.999653,0.037257,-0.055885,2.999479,-4.499219,-0.083827,2.000000,4.500000,1.999653,0.037257,-0.055885,2.999479,-4.499219,-0.083827,2.000000,4.500000,0.000000,-0.000000,0.000000,0.000000,-0.000000,0.000000,-0.000000,-0.000000
8.400000,1.998869,0.067246,-0.100869,2.998304,-4.497456,-0.151304,2.000000,4.500000,1.998869,0.067246,-0.100869,2.998304,-4.497456,-0.151304,2.000000,4.500000,0.000000,-0.000000,0.000000,0.000000,-0.000000,0.000000,-0.000000,-0.000000
8.410000,1.997636,0.097220,-0.145831,2.996453,-4.494680,-0.218746,2.000000,4.500000,1.997636,0.097220,-0.145831,2.996453,-4.494680,-0.218746,2.000000,4.500000,0.000000,-0.000000,0.000000,0.000000,-0.000000,0.000000,-0.000000,-0.000000
8.420000,1.995953,0.127173,-0.190759,2.993929,-4.490894,-0.286139,2.000000,4.500000,1.995953,0.127173,-0.190759,2.993929,-4.490894,-0.286139,2.000000,4.500000,0.000000,-0.000000,0.000000,0.000000,-0.000000,0.000000,-0.000000,-0.000000
8.430000,1.993821,0.157097,-0.235645,2.990731,-4.486096,-0.353468,2.000000,4.500000,1.993821,0.157097,-0.235645,2.990731,-4.486096,-0.353468,2.000000,4.500000,0.000000,-0.000000,0.000000,0.000000,-0.000000,0.000000,-0.000000,-0.000000
8.440000,1.991240,0.186985,-0.280478,2.986860,-4.480290,-0.420717,2.000000,4.500000,1.991240,0.186985,-0.280478,2.986860,-4.480290,-0.420717,2.000000,4.500000,0.000000,-0.000000,0.000000,0.000000,-0.000000,0.000000,-0.000000,-0.000000
8.450000,1.988211,0.216832,-0.325248,2.982317,-4.473475,-0.487871,2.000000,4.500000,1.988211,0.216832,-0.325248,2.982317,-4.473475,-0.487871,2.000000,4.500000,0.000000,-0.000000,0.000000,0.000000,-0.000000,0.000000,-0.000000,-0.000000
8.460000,1.984735,0.246629,-0.369944,2.977103,-4.465654,-0.554916,2.000000,4.500000,1.984735,0.246629,-0.369944,2.977103,-4.465654,-0.554916,2.000000,4.500000,0.000000,-0.000000,0.000000,0.000000,-0.000000,0.000000,-0.000000,-0.000000
8.470000,1.980813,0.276372,-0.414557,2.971219,-4.456828,-0.621836,2.000000,4.500000,1.980813,0.276372,-0.414557,2.971219,-4.456828,-0.621836,2.000000,4.500000,0.000000,-0.000000,0.000000,0.000000,-0.000000,0.000000,-0.000000,-0.000000
8.480000,1.976444,0.306052,-0.459077,2.964667,-4.447000,-0.688616,2.000000,4.500000,1.976444,0.306052,-0.459077,2.964667,-4.447000,-0.688616,2.000000,4.500000,0.000000,-0.000000,0.000000,0.000000,-0.000000,0.000000,-0.000000,-0.000000
8.490000,1.971631,0.335663,-0.503494,2.957447,-4.436171,-0.755241,2.000000,4.500000,1.971631,0.335663,-0.503494,2.957447,-4.436171,-0.755241,2.000000,4.500000,0.000000,-0.000000,0.000000,0.000000,-0.000000,0.000000,-0.000000,-0.000000
8.500000,1.966375,0.365198,-0.547797,2.949562,-4.424344,-0.821696,2.000000,4.500000,1.966375,0.365198,-0.547797,2.949562,-4.424344,-0.821696,2.000000,4.500000,0.000000,-0.000000,0.000000,0.000000,-0.000000,0.000000,-0.000000,-0.000000
8.510000,1.960676,0.394652,-0.591978,2.941014,-4.411521,-0.887966,2.000000,4.500000,1.960676,0.394652,-0.591978,2.941014,-4.411521,-0.887966,2.000000,4.500000,0.000000,-0.000000,0.000000,0.000000,-0.000000,0.000000,-0.000000,-0.000000
8.520000,1.954536,0.424016,-0.636024,2.931804,-4.397706,-0.954037,2.000000,4.500000,1.954536,0.424016,-0.636025,2.931804,-4.397706,-0.954037,2.000000,4.500000,0.000000,-0.000000,0.000000,0.000000,-0.000000,0.000000,-0.000000,-0.000000
8.530000,1.947956,0.453286,-0.679928,2.921934,-4.382901,-1.019893,2.000000,4.500000,1.947956,0.453286,-0.679928,2.921934,-4.382901,-1.019893,2.000000,4.500000,0.000000,-0.000000,0.000000,0.000000,-0.000000,0.000000,-0.000000,-0.000000
8.540000,1.940938,0.482453,-0.723679,2.911407,-4.367110,-1.085519,2.000000,4.500000,1.940938,0.482453,-0.723679,2.911407,-4.367110,-1.085519,2.000000,4.500000,0.000000,-0.000000,0.000000,0.000000,-0.000000,0.000000,-0.000000,-0.000000
8.550000,1.933483,0.511512,-0.767267,2.900224,-4.350336,-1.150901,2.000000,4.500000,1.933483,0.511512,-0.767267,2.900224,-4.350336,-1.150901,2.000000,4.500000,0.000000,-0.000000,0.000000,0.000000,-0.000000,0.000000,-0.000000,-0.000000
8.560000,1.925593,0.540455,-0.810683,2.888389,-4.332584,-1.216024,2.000000,4.500000,1.925593,0.540455,-0.810683,2.888389,-4.332584,-1.216024,2.000000,4.500000,0.000000,-0.000000,0.000000,0.000000,-0.000000,0.000000,-0.000000,-0.000000
8.570000,1.917270,0.569277,-0.853916,2.875905,-4.313857,-1.280874,2.000000,4.500000,1.917270,0.569277,-0.853916,2.875905,-4.313857,-1.280874,2.000000,4.500000,0.000000,-0.000000,0.000000,0.000000,-0.000000,0.000000,-0.000000,-0.000000
8.580000,1.908515,0.597971,-0.896957,2.862773,-4.294159,-1.345435,2.000000,4.500000,1.908515,0.597971,-0.896957,2.862773,-4.294159,-1.345435,2.000000,4.500000,0.000000,-0.000000,0.000000,0.000000,-0.000000,0.000000,-0.000000,-0.000000
8.590000,1.899331,0.626530,-0.939796,2.848997,-4.273496,-1.409694,2.000000,4.500000,1.899331,0.626530,-0.939796,2.848997,-4.273496,-1.409694,2.000000,4.500000,0.000000,-0.000000,0.000000,0.000000,-0.000000,0.000000,-0.000000,-0.000000
8.600000,1.889720,0.654949,-0.982423,2.834580,-4.251870,-1.473635,2.000000,4.500000,1.889720,0.654949,-0.982423,2.834580,-4.251870,-1.473635,2.000000,4.500000,0.000000,-0.000000,0.000000,0.000000,-0.000000,0.000000,-0.000000,-0.000000
8.610000,1.879684,0.683220,-1.024830,2.819525,-4.229288,-1.537245,2.000000,4.500000,1.879684,0.683220,-1.024830,2.819525,-4.229288,-1.537245,2.000000,4.500000,0.000000,-0.000000,0.000000,0.000000,-0.000000,0.000000,-0.000000,-0.000000
8.620000,1.869224,0.711337,-1.067006,2.803836,-4.205755,-1.600509,2.000000,4.500000,1.869224,0.711337,-1.067006,2.803836,-4.205755,-1.600509,2.000000,4.500000,0.000000,-0.000000,0.000000,0.000000,-0.000000,0.000000,-0.000000,-0.000000
8.630000,1.858344,0.739295,-1.108942,2.787516,-4.181275,-1.663413,2.000000,4.500000,1.858344,0.739295,-1.108942,2.787516,-4.181275,-1.663413,2.000000,4.500000,0.000000,-0.000000,0.000000,0.000000,-0.000000,0.000000,-0.000000,-0.000000
8.640000,1.847046,0.767086,-1.150628,2.770569,-4.155854,-1.725942,2.000000,4.500000,1.847046,0.767086,-1.150628,2.770569,-4.155854,-1.725942,2.000000,4.500000,0.000000,-0.000000,0.000000,0.000000,-0.000000,0.000000,-0.000000,-0.000000
8.650000,1.835333,0.794704,-1.192056,2.752999,-4.129498,-1.788084,2.000000,4.500000,1.835333,0.794704,-1.192056,2.752999,-4.129498,-1.788084,2.000000,4.500000,0.000000,-0.000000,0.000000,0.000000,-0.000000,0.000000,-0.000000,-0.000000
8.660000,1.823206,0.822143,-1.233215,2.734809,-4.102214,-1.849823,2.000000,4.500000,1.823206,0.822143,-1.233215,2.734809,-4.102214,-1.849823,2.000000,4.500000,0.000000,-0.000000,0.000000,0.000000,-0.000000,0.000000,-0.000000,-0.000000
8.670000,1.810669,0.849398,-1.274097,2.716004,-4.074006,-1.911145,2.000000,4.500000,1.810669,0.849398,-1.274097,2.716004,-4.074006,-1.911145,2.000000,4.500000,0.000000,-0.000000,0.000000,0.000000,-0.000000,0.000000,-0.000000,-0.000000
8.680000,1.797725,0.876461,-1.314692,2.696588,-4.044881,-1.972038,2.000000,4.500000,1.797725,0.876461,-1.314692,2.696588,-4.044881,-1.972038,2.000000,4.500000,0.000000,-0.000000,0.000000,0.000000,-0.000000,0.000000,-0.000000,-0.000000
8.690000,1.784376,0.903328,-1.354992,2.676565,-4.014847,-2.032487,2.000000,4.500000,1.784376,0.903328,-1.354992,2.676565,-4.014847,-2.032487,2.000000,4.500000,0.000000,-0.000000,0.000000,0.000000,-0.000000,0.000000,-0.000000,-0.000000
8.700000,1.770626,0.929991,-1.394986,2.655939,-3.983909,-2.092479,2.000000,4.500000,1.770626,0.929991,-1.394986,2.655939,-3.983909,-2.092479,2.000000,4.500000,0.000000,-0.000000,0.000000,0.000000,-0.000000,0.000000,-0.000000,-0.000000
8.710000,1.756478,0.956445,-1.434667,2.634717,-3.952075,-2.152000,2.000000,4.500000,1.756478,0.956445,-1.434667,2.634717,-3.952075,-2.152000,2.000000,4.500000,0.000000,-0.000000,0.000000,0.000000,-0.000000,0.000000,-0.000000,-0.000000
8.720000,1.741934,0.982683,-1.474025,2.612901,-3.919351,-2.211037,2.000000,4.500000,1.741934,0.982683,-1.474025,2.612901,-3.919351,-2.211037,2.000000,4.500000,0.000000,-0.000000,0.000000,0.000000,-0.000000,0.000000,-0.000000,-0.000000
8.730000,1.726998,1.008701,-1.513051,2.590497,-3.885746,-2.269576,2.000000,4.500000,1.726998,1.008701,-1.513051,2.590497,-3.885746,-2.269576,2.000000,4.500000,0.000000,-0.000000,0.000000,0.000000,-0.000000,0.000000,-0.000000,-0.000000
8.740000,1.711674,1.034491,-1.551737,2.567511,-3.851267,-2.327605,2.000000,4.500000,1.711674,1.034491,-1.551737,2.567511,-3.851267,-2.327605,2.000000,4.500000,0.000000,-0.000000,0.000000,0.000000,-0.000000,0.000000,-0.000000,-0.000000
8.750000,1.695965,1.060049,-1.590073,2.543947,-3.815921,-2.385110,2.000000,4.500000,1.695965,1.060049,-1.590073,2.543947,-3.815921,-2.385110,2.000000,4.500000,0.000000,-0.000000,0.000000,0.000000,-0.000000,0.000000,-0.000000,-0.000000
8.760000,1.679874,1.085368,-1.628052,2.519811,-3.779716,-2.442078,2.000000,4.500000,1.679874,1.085368,-1.628052,2.519811,-3.779716,-2.442078,2.000000,4.500000,0.000000,-0.000000,0.000000,0.000000,-0.000000,0.000000,-0.000000,-0.000000
8.770000,1.663405,1.110443,-1.665665,2.495107,-3.742661,-2.498497,2.000000,4.500000,1.663405,1.110443,-1.665665,2.495107,-3.742661,-2.498497,2.000000,4.500000,0.000000,-0.000000,0.000000,0.000000,-0.000000,0.000000,-0.000000,-0.000000
8.780000,1.646562,1.135268,-1.702903,2.469843,-3.704764,-2.554354,2.000000,4.500000,1.646562,1.135268,-1.702903,2.469843,-3.704764,-2.554354,2.000000,4.500000,0.000000,-0.000000,0.000000,0.000000,-0.000000,0.000000,-0.000000,-0.000000
8.790000,1.629348,1.159838,-1.739757,2.444022,-3.666033,-2.609636,2.000000,4.500000,1.629348,1.159838,-1.739757,2.444022,-3.666033,-2.609636,2.000000,4.500000,0.000000,-0.000000,0.000000,0.000000,-0.000000,0.000000,-0.000000,-0.000000
8.800000,1.611768,1.184147,-1.776221,2.417652,-3.626478,-2.664331,2.000000,4.500000,1.611768,1.184147,-1.776221,2.417652,-3.626478,-2.664331,2.000000,4.500000,0.000000,-0.000000,0.000000,0.000000,-0.000000,0.000000,-0.000000,-0.000000
8.810000,1.593825,1.208189,-1.812284,2.390738,-3.586106,-2.718426,2.000000,4.500000,1.593825,1.208189,-1.812284,2.390738,-3.586106,-2.718426,2.000000,4.500000,0.000000,-0.000000,0.000000,0.000000,-0.000000,0.000000,-0.000000,-0.000000
8.820000,1.575524,1.231960,-1.847940,2.363285,-3.544928,-2.771910,2.000000,4.500000,1.575524,1.231960,-1.847940,2.363285,-3.544928,-2.771910,2.000000,4.500000,0.000000,-0.000000,0.000000,0.000000,-0.000000,0.000000,-0.000000,-0.000000
8.830000,1.556868,1.255453,-1.883180,2.335301,-3.502952,-2.824770,2.000000,4.500000,1.556868,1.255453,-1.883180,2.335301,-3.502952,-2.824770,2.000000,4.500000,0.000000,-0.000000,0.000000,0.000000,-0.000000,0.000000,-0.000000,-0.000000
8.840000,1.537861,1.278664,-1.917996,2.306792,-3.460188,-2.876995,2.000000,4.500000,1.537861,1.278664,-1.917996,2.306792,-3.460188,-2.876995,2.000000,4.500000,0.000000,-0.000000,0.000000,0.000000,-0.000000,0.000000,-0.000000,-0.000000
8.850000,1.518509,1.301587,-1.952381,2.277764,-3.416646,-2.928572,2.000000,4.500000,1.518509,1.301587,-1.952381,2.277764,-3.416646,-2.928572,2.000000,4.500000,0.000000,-0.000000,0.000000,0.000000,-0.000000,0.000000,-0.000000,-0.000000
8.860000,1.498815,1.324218,-1.986327,2.248223,-3.372334,-2.979490,2.000000,4.500000,1.498815,1.324218,-1.986327,2.248223,-3.372334,-2.979490,2.000000,4.500000,0.000000,-0.000000,0.000000,0.000000,-0.000000,0.000000,-0.000000,-0.000000
8.870000,1.478784,1.346550,-2.019825,2.218176,-3.327264,-3.029738,2.000000,4.500000,1.478784,1.346550,-2.019825,2.218176,-3.327264,-3.029738,2.000000,4.500000,0.000000,-0.000000,0.000000,0.000000,-0.000000,0.000000,-0.000000,-0.000000
8.880000,1.458420,1.368580,-2.052870,2.187630,-3.281446,-3.079304,2.000000,4.500000,1.458420,1.368580,-2.052870,2.187630,-3.281446,-3.079304,2.000000,4.500000,0.000000,-0.000000,0.000000,0.000000,-0.000000,0.000000,-0.000000,-0.000000
8.890000,1.437728,1.390301,-2.085452,2.156592,-3.234889,-3.128178,2.000000,4.500000,1.437728,1.390301,-2.085452,2.156592,-3.234889,-3.128178,2.000000,4.500000,0.000000,-0.000000,0.000000,0.000000,-0.000000,0.000000,-0.000000,-0.000000
8.900000,1.416713,1.411710,-2.117565,2.125069,-3.187604,-3.176347,2.000000,4.500000,1.416713,1.411710,-2.117565,2.125069,-3.187604,-3.176347,2.000000,4.500000,0.000000,-0.000000,0.000000,0.000000,-0.000000,0.000000,-0.000000,-0.000000
8.910000,1.395379,1.432801,-2.149201,2.093068,-3.139602,-3.223802,2.000000,4.500000,1.395379,1.432801,-2.149202,2.093068,-3.139602,-3.223802,2.000000,4.500000,0.000000,-0.000000,0.000000,0.000000,-0.000000,0.000000,-0.000000,-0.000000
8.920000,1.373730,1.453570,-2.180355,2.060596,-3.090893,-3.270532,2.000000,4.500000,1.373730,1.453570,-2.180355,2.060596,-3.090893,-3.270532,2.000000,4.500000,0.000000,-0.000000,0.000000,0.000000,-0.000000,0.000000,-0.000000,-0.000000
8.930000,1.351773,1.474011,-2.211017,2.027660,-3.041489,-3.316526,2.000000,4.500000,1.351773,1.474011,-2.211017,2.027660,-3.041489,-3.316526,2.000000,4.500000,0.000000,-0.000000,0.000000,0.000000,-0.000000,0.000000,-0.000000,-0.000000
8.940000,1.329512,1.494121,-2.241182,1.994268,-2.991401,-3.361773,2.000000,4.500000,1.329512,1.494121,-2.241182,1.994268,-2.991401,-3.361773,2.000000,4.500000,0.000000,-0.000000,0.000000,0.000000,-0.000000,0.000000,-0.000000,-0.000000
8.950000,1.306951,1.513895,-2.270843,1.960427,-2.940640,-3.406264,2.000000,4.500000,1.306951,1.513895,-2.270843,1.960427,-2.940640,-3.406264,2.000000,4.500000,0.000000,-0.000000,0.000000,0.000000,-0.000000,0.000000,-0.000000,-0.000000
8.960000,1.284097,1.533328,-2.299993,1.926145,-2.889217,-3.449989,2.000000,4.500000,1.284097,1.533328,-2.299993,1.926145,-2.889217,-3.449989,2.000000,4.500000,0.000000,-0.000000,0.000000,0.000000,-0.000000,0.000000,-0.000000,-0.000000
8.970000,1.260953,1.552417,-2.328625,1.891430,-2.837144,-3.492937,2.000000,4.500000,1.260953,1.552417,-2.328625,1.891430,-2.837144,-3.492938,2.000000,4.500000,0.000000,-0.000000,0.000000,0.000000,-0.000000,0.000000,-0.000000,-0.000000
8.980000,1.237526,1.571156,-2.356733,1.856289,-2.784433,-3.535100,2.000000,4.500000,1.237526,1.571156,-2.356733,1.856289,-2.784433,-3.535100,2.000000,4.500000,0.000000,-0.000000,0.000000,0.000000,-0.000000,0.000000,-0.000000,-0.000000
8.990000,1.213820,1.589541,-2.384312,1.820730,-2.731095,-3.576467,2.000000,4.500000,1.213820,1.589541,-2.384312,1.820730,-2.731095,-3.576467,2.000000,4.500000,0.000000,-0.000000,0.000000,0.000000,-0.000000,0.000000,-0.000000,-0.000000
9.000000,1.189841,1.607569,-2.411353,1.784762,-2.677143,-3.617030,2.000000,4.500000,1.189841,1.607569,-2.411353,1.784762,-2.677143,-3.617030,2.000000,4.500000,0.000000,-0.000000,0.000000,0.000000,-0.000000,0.000000,-0.000000,-0.000000
9.010000,1.165595,1.625235,-2.437852,1.748392,-2.622588,-3.656779,2.000000,4.500000,1.165595,1.625235,-2.437852,1.748392,-2.622588,-3.656779,2.000000,4.500000,0.000000,-0.000000,0.000000,0.000000,-0.000000,0.000000,-0.000000,-0.000000
9.020000,1.141086,1.642535,-2.463803,1.711629,-2.567444,-3.695705,2.000000,4.500000,1.141086,1.642535,-2.463803,1.711629,-2.567444,-3.695705,2.000000,4.500000,0.000000,-0.000000,0.000000,0.000000,-0.000000,0.000000,-0.000000,-0.000000
9.030000,1.116321,1.659466,-2.489199,1.674481,-2.511721,-3.733799,2.000000,4.500000,1.116321,1.659466,-2.489199,1.674481,-2.511721,-3.733799,2.000000,4.500000,0.000000,-0.000000,0.000000,0.000000,-0.000000,0.000000,-0.000000,-0.000000
9.040000,1.091304,1.676024,-2.514036,1.636956,-2.455434,-3.771053,2.000000,4.500000,1.091304,1.676024,-2.514036,1.636956,-2.455434,-3.771053,2.000000,4.500000,0.000000,-0.000000,0.000000,0.000000,-0.000000,0.000000,-0.000000,-0.000000
9.050000,1.066042,1.692204,-2.538306,1.599063,-2.398594,-3.807459,2.000000,4.500000,1.066042,1.692204,-2.538306,1.599063,-2.398594,-3.807459,2.000000,4.500000,0.000000,-0.000000,0.000000,0.000000,-0.000000,0.000000,-0.000000,-0.000000
9.060000,1.040540,1.708004,-2.562006,1.560810,-2.341214,-3.843009,2.000000,4.500000,1.040540,1.708004,-2.562006,1.560810,-2.341214,-3.843009,2.000000,4.500000,0.000000,-0.000000,0.000000,0.000000,-0.000000,0.000000,-0.000000,-0.000000
9.070000,1.014804,1.723419,-2.585129,1.522205,-2.283308,-3.877693,2.000000,4.500000,1.014804,1.723419,-2.585129,1.522205,-2.283308,-3.877693,2.000000,4.500000,0.000000,-0.000000,0.000000,0.000000,-0.000000,0.000000,-0.000000,-0.000000
9.080000,0.988839,1.738447,-2.607670,1.483259,-2.224888,-3.911505,2.000000,4.500000,0.988839,1.738447,-2.607670,1.483259,-2.224888,-3.911505,2.000000,4.500000,0.000000,-0.000000,0.000000,0.000000,-0.000000,0.000000,-0.000000,-0.000000
9.090000,0.962652,1.753083,-2.629625,1.443978,-2.165967,-3.944437,2.000000,4.500000,0.962652,1.753083,-2.629625,1.443978,-2.165967,-3.944437,2.000000,4.500000,0.000000,-0.000000,0.000000,0.000000,-0.000000,0.000000,-0.000000,-0.000000
9.100000,0.936249,1.767325,-2.650988,1.404373,-2.106559,-3.976482,2.000000,4.500000,0.936249,1.767325,-2.650988,1.404373,-2.106559,-3.976482,2.000000,4.500000,0.000000,-0.000000,0.000000,0.000000,-0.000000,0.000000,-0.000000,-0.000000
9.110000,0.909634,1.781170,-2.671754,1.364452,-2.046677,-4.007632,2.000000,4.500000,0.909634,1.781170,-2.671754,1.364452,-2.046677,-4.007632,2.000000,4.500000,0.000000,-0.000000,0.000000,0.000000,-0.000000,0.000000,-0.000000,-0.000000
9.120000,0.882816,1.794613,-2.691920,1.324223,-1.986335,-4.037880,2.000000,4.500000,0.882816,1.794613,-2.691920,1.324223,-1.986335,-4.037880,2.000000,4.500000,0.000000,-0.000000,0.000000,0.000000,-0.000000,0.000000,-0.000000,-0.000000
9.130000,0.855798,1.807653,-2.711480,1.283697,-1.925546,-4.067219,2.000000,4.500000,0.855798,1.807653,-2.711480,1.283697,-1.925546,-4.067219,2.000000,4.500000,0.000000,-0.000000,0.000000,0.000000,-0.000000,0.000000,-0.000000,-0.000000
9.140000,0.828588,1.820286,-2.730429,1.242882,-1.864323,-4.095644,2.000000,4.500000,0.828588,1.820286,-2.730429,1.242882,-1.864323,-4.095644,2.000000,4.500000,0.000000,-0.000000,0.000000,0.000000,-0.000000,0.000000,-0.000000,-0.000000
9.150000,0.801191,1.832510,-2.748765,1.201787,-1.802681,-4.123147,2.000000,4.500000,0.801191,1.832510,-2.748765,1.201787,-1.802681,-4.123147,2.000000,4.500000,0.000000,-0.000000,0.000000,0.000000,-0.000000,0.000000,-0.000000,-0.000000
9.160000,0.773615,1.844321,-2.766482,1.160422,-1.740633,-4.149722,2.000000,4.500000,0.773615,1.844321,-2.766482,1.160422,-1.740633,-4.149722,2.000000,4.500000,0.000000,-0.000000,0.000000,0.000000,-0.000000,0.000000,-0.000000,-0.000000
9.170000,0.745864,1.855717,-2.783576,1.118796,-1.678194,-4.175364,2.000000,4.500000,0.745864,1.855717,-2.783576,1.118796,-1.678194,-4.175364,2.000000,4.500000,0.000000,-0.000000,0.000000,0.000000,-0.000000,0.000000,-0.000000,-0.000000
9.180000,0.717945,1.866696,-2.800044,1.076918,-1.615377,-4.200066,2.000000,4.500000,0.717945,1.866696,-2.800044,1.076918,-1.615377,-4.200066,2.000000,4.500000,0.000000,-0.000000,0.000000,0.000000,-0.000000,0.000000,-0.000000,-0.000000
9.190000,0.689865,1.877255,-2.815882,1.034798,-1.552197,-4.223824,2.000000,4.500000,0.689865,1.877255,-2.815882,1.034798,-1.552197,-4.223824,2.000000,4.500000,0.000000,-0.000000,0.000000,0.000000,-0.000000,0.000000,-0.000000,-0.000000
9.200000,0.661630,1.887391,-2.831087,0.992445,-1.488667,-4.246631,2.000000,4.500000,0.661630,1.887391,-2.831087,0.992445,-1.488667,-4.246631,2.000000,4.500000,0.000000,-0.000000,0.000000,0.000000,-0.000000,0.000000,-0.000000,-0.000000
9.210000,0.633246,1.897103,-2.845655,0.949868,-1.424802,-4.268482,2.000000,4.500000,0.633246,1.897103,-2.845655,0.949868,-1.424802,-4.268482,2.000000,4.500000,0.000000,-0.000000,0.000000,0.000000,-0.000000,0.000000,-0.000000,-0.000000
9.220000,0.604719,1.906388,-2.859582,0.907078,-1.360617,-4.289373,2.000000,4.500000,0.604719,1.906388,-2.859582,0.907078,-1.360617,-4.289373,2.000000,4.500000,0.000000,-0.000000,0.000000,0.000000,-0.000000,0.000000,-0.000000,-0.000000
9.230000,0.576056,1.915244,-2.872866,0.864084,-1.296126,-4.309299,2.000000,4.500000,0.576056,1.915244,-2.872866,0.864084,-1.296126,-4.309299,2.000000,4.500000,0.000000,-0.000000,0.000000,0.000000,-0.000000,0.000000,-0.000000,-0.000000
9.240000,0.547264,1.923669,-2.885504,0.820895,-1.231343,-4.328255,2.000000,4.500000,0.547264,1.923669,-2.885504,0.820895,-1.231343,-4.328255,2.000000,4.500000,0.000000,-0.000000,0.000000,0.000000,-0.000000,0.000000,-0.000000,-0.000000
9.250000,0.518348,1.931661,-2.897492,0.777522,-1.166283,-4.346238,2.000000,4.500000,0.518348,1.931661,-2.897492,0.777522,-1.166283,-4.346238,2.000000,4.500000,0.000000,-0.000000,0.000000,0.000000,-0.000000,0.000000,-0.000000,-0.000000
9.260000,0.489316,1.939219,-2.908828,0.733974,-1.100961,-4.363242,2.000000,4.500000,0.489316,1.939219,-2.908828,0.733974,-1.100961,-4.363242,2.000000,4.500000,0.000000,-0.000000,0.000000,0.000000,-0.000000,0.000000,-0.000000,-0.000000
9.270000,0.460174,1.946340,-2.919510,0.690261,-1.035391,-4.379265,2.000000,4.500000,0.460174,1.946340,-2.919510,0.690261,-1.035391,-4.379265,2.000000,4.500000,0.000000,-0.000000,0.000000,0.000000,-0.000000,0.000000,-0.000000,-0.000000
9.280000,0.430928,1.953024,-2.929535,0.646392,-0.969588,-4.394303,2.000000,4.500000,0.430928,1.953024,-2.929535,0.646392,-0.969588,-4.394303,2.000000,4.500000,0.000000,-0.000000,0.000000,0.000000,-0.000000,0.000000,-0.000000,-0.000000
9.290000,0.401585,1.959268,-2.938901,0.602378,-0.903567,-4.408352,2.000000,4.500000,0.401585,1.959268,-2.938901,0.602378,-0.903567,-4.408352,2.000000,4.500000,0.000000,-0.000000,0.000000,0.000000,-0.000000,0.000000,-0.000000,-0.000000
9.300000,0.372152,1.965071,-2.947606,0.558228,-0.837342,-4.421409,2.000000,4.500000,0.372152,1.965071,-2.947606,0.558228,-0.837342,-4.421409,2.000000,4.500000,0.000000,-0.000000,0.000000,0.000000,-0.000000,0.000000,-0.000000,-0.000000
9.310000,0.342635,1.970432,-2.955648,0.513953,-0.770929,-4.433471,2.000000,4.500000,0.342635,1.970432,-2.955648,0.513953,-0.770929,-4.433471,2.000000,4.500000,0.000000,-0.000000,0.000000,0.000000,-0.000000,0.000000,-0.000000,-0.000000
9.320000,0.313041,1.975349,-2.963024,0.469562,-0.704343,-4.444536,2.000000,4.500000,0.313041,1.975349,-2.963024,0.469562,-0.704343,-4.444536,2.000000,4.500000,0.000000,-0.000000,0.000000,0.000000,-0.000000,0.000000,-0.000000,-0.000000
9.330000,0.283377,1.979823,-2.969734,0.425066,-0.637598,-4.454601,2.000000,4.500000,0.283377,1.979823,-2.969734,0.425066,-0.637598,-4.454601,2.000000,4.500000,0.000000,-0.000000,0.000000,0.000000,-0.000000,0.000000,-0.000000,-0.000000
9.340000,0.253649,1.983850,-2.975776,0.380473,-0.570710,-4.463663,2.000000,4.500000,0.253649,1.983850,-2.975776,0.380473,-0.570710,-4.463663,2.000000,4.500000,0.000000,-0.000000,0.000000,0.000000,-0.000000,0.000000,-0.000000,-0.000000
9.350000,0.223864,1.987432,-2.981148,0.335796,-0.503694,-4.471721,2.000000,4.500000,0.223864,1.987432,-2.981148,0.335796,-0.503693,-4.471721,2.000000,4.500000,0.000000,-0.000000,0.000000,0.000000,-0.000000,0.000000,-0.000000,-0.000000
9.360000,0.194028,1.990566,-2.985849,0.291042,-0.436564,-4.478774,2.000000,4.500000,0.194028,1.990566,-2.985849,0.291042,-0.436564,-4.478774,2.000000,4.500000,0.000000,-0.000000,0.000000,0.000000,-0.000000,0.000000,-0.000000,-0.000000
9.370000,0.164149,1.993252,-2.989879,0.246224,-0.369335,-4.484818,2.000000,4.500000,0.164149,1.993252,-2.989879,0.246224,-0.369335,-4.484818,2.000000,4.500000,0.000000,-0.000000,0.000000,0.000000,-0.000000,0.000000,-0.000000,-0.000000
9.380000,0.134233,1.995490,-2.993235,0.201349,-0.302024,-4.489853,2.000000,4.500000,0.134233,1.995490,-2.993235,0.201349,-0.302024,-4.489853,2.000000,4.500000,0.000000,-0.000000,0.000000,0.000000,-0.000000,0.000000,-0.000000,-0.000000
9.390000,0.104287,1.997279,-2.995919,0.156430,-0.234645,-4.493878,2.000000,4.500000,0.104287,1.997279,-2.995919,0.156430,-0.234645,-4.493878,2.000000,4.500000,0.000000,-0.000000,0.000000,0.000000,-0.000000,0.000000,-0.000000,-0.000000
9.400000,0.074317,1.998619,-2.997928,0.111475,-0.167213,-4.496892,2.000000,4.500000,0.074317,1.998619,-2.997928,0.111475,-0.167213,-4.496892,2.000000,4.500000,0.000000,-0.000000,0.000000,0.000000,-0.000000,0.000000,-0.000000,-0.000000
9.410000,0.044330,1.999509,-2.999263,0.066495,-0.099743,-4.498894,2.000000,4.500000,0.044330,1.999509,-2.999263,0.066495,-0.099743,-4.498894,2.000000,4.500000,0.000000,-0.000000,0.000000,0.000000,-0.000000,0.000000,-0.000000,-0.000000
9.420000,0.014334,1.999949,-2.999923,0.021501,-0.032251,-4.499884,2.000000,4.500000,0.014334,1.999949,-2.999923,0.021501,-0.032251,-4.499884,2.000000,4.500000,0.000000,-0.000000,0.000000,0.000000,-0.000000,0.000000,-0.000000,-0.000000
9.430000,-0.015666,1.999939,-2.999908,-0.023499,0.035248,-4.499862,2.000000,4.500000,-0.015666,1.999939,-2.999908,-0.023499,0.035248,-4.499862,2.000000,4.500000,0.000000,-0.000000,0.000000,0.000000,-0.000000,0.000000,-0.000000,-0.000000
9.440000,-0.045662,1.999479,-2.999218,-0.068493,0.102740,-4.498827,2.000000,4.500000,-0.045662,1.999479,-2.999218,-0.068493,0.102740,-4.498827,2.000000,4.500000,0.000000,0.000000,-0.000000,0.000000,-0.000000,-0.000000,-0.000000,-0.000000
9.450000,-0.075648,1.998569,-2.997853,-0.113472,0.170208,-4.496780,2.000000,4.500000,-0.075648,1.998569,-2.997853,-0.113472,0.170208,-4.496780,2.000000,4.500000,0.000000,0.000000,-0.000000,0.000000,-0.000000,-0.000000,-0.000000,-0.000000
9.460000,-0.105617,1.997209,-2.995814,-0.158425,0.237638,-4.493721,2.000000,4.500000,-0.105617,1.997209,-2.995814,-0.158425,0.237638,-4.493721,2.000000,4.500000,0.000000,0.000000,-0.000000,0.000000,-0.000000,-0.000000,-0.000000,-0.000000
9.470000,-0.135562,1.995400,-2.993101,-0.203343,0.305015,-4.489651,2.000000,4.500000,-0.135562,1.995400,-2.993101,-0.203343,0.305015,-4.489651,2.000000,4.500000,0.000000,0.000000,-0.000000,0.000000,-0.000000,-0.000000,-0.000000,-0.000000
9.480000,-0.165477,1.993143,-2.989714,-0.248215,0.372323,-4.484571,2.000000,4.500000,-0.165477,1.993143,-2.989714,-0.248215,0.372323,-4.484571,2.000000,4.500000,0.000000,0.000000,-0.000000,0.000000,-0.000000,-0.000000,-0.000000,-0.000000
9.490000,-0.195354,1.990436,-2.985654,-0.293031,0.439547,-4.478482,2.000000,4.500000,-0.195354,1.990436,-2.985654,-0.293031,0.439547,-4.478482,2.000000,4.500000,0.000000,0.000000,-0.000000,0.000000,-0.000000,-0.000000,-0.000000,-0.000000
9.500000,-0.225188,1.987282,-2.980923,-0.337781,0.506672,-4.471385,2.000000,4.500000,-0.225188,1.987282,-2.980923,-0.337781,0.506672,-4.471385,2.000000,4.500000,0.000000,0.000000,-0.000000,0.000000,-0.000000,-0.000000,-0.000000,-0.000000
9.510000,-0.254970,1.983681,-2.975521,-0.382456,0.573683,-4.463282,2.000000,4.500000,-0.254970,1.983681,-2.975521,-0.382456,0.573683,-4.463282,2.000000,4.500000,0.000000,0.000000,-0.000000,0.000000,-0.000000,-0.000000,-0.000000,-0.000000
9.520000,-0.284696,1.979633,-2.969450,-0.427044,0.640565,-4.454175,2.000000,4.500000,-0.284696,1.979633,-2.969450,-0.427044,0.640566,-4.454175,2.000000,4.500000,0.000000,0.000000,-0.000000,0.000000,-0.000000,-0.000000,-0.000000,-0.000000
9.530000,-0.314357,1.975140,-2.962711,-0.471536,0.707304,-4.444066,2.000000,4.500000,-0.314357,1.975140,-2.962711,-0.471536,0.707304,-4.444066,2.000000,4.500000,0.000000,0.000000,-0.000000,0.000000,-0.000000,-0.000000,-0.000000,-0.000000
9.540000,-0.343948,1.970203,-2.955305,-0.515922,0.773882,-4.432957,2.000000,4.500000,-0.343948,1.970203,-2.955305,-0.515922,0.773882,-4.432957,2.000000,4.500000,0.000000,0.000000,-0.000000,0.000000,-0.000000,-0.000000,-0.000000,-0.000000
9.550000,-0.373461,1.964822,-2.947234,-0.560192,0.840287,-4.420850,2.000000,4.500000,-0.373461,1.964822,-2.947234,-0.560192,0.840287,-4.420850,2.000000,4.500000,0.000000,0.000000,-0.000000,0.000000,-0.000000,-0.000000,-0.000000,-0.000000
9.560000,-0.402890,1.959000,-2.938499,-0.604335,0.906503,-4.407749,2.000000,4.500000,-0.402890,1.959000,-2.938499,-0.604335,0.906503,-4.407749,2.000000,4.500000,0.000000,0.000000,-0.000000,0.000000,-0.000000,-0.000000,-0.000000,-0.000000
9.570000,-0.432229,1.952736,-2.929104,-0.648343,0.972515,-4.393656,2.000000,4.500000,-0.432229,1.952736,-2.929104,-0.648343,0.972515,-4.393656,2.000000,4.500000,0.000000,0.000000,-0.000000,0.000000,-0.000000,-0.000000,-0.000000,-0.000000
9.580000,-0.461470,1.946033,-2.919050,-0.692205,1.038308,-4.378575,2.000000,4.500000,-0.461470,1.946033,-2.919050,-0.692205,1.038308,-4.378575,2.000000,4.500000,0.000000,0.000000,-0.000000,0.000000,-0.000000,-0.000000,-0.000000,-0.000000
9.590000,-0.490608,1.938893,-2.908339,-0.735911,1.103867,-4.362508,2.000000,4.500000,-0.490608,1.938893,-2.908339,-0.735911,1.103867,-4.362508,2.000000,4.500000,0.000000,0.000000,-0.000000,0.000000,-0.000000,-0.000000,-0.000000,-0.000000
9.600000,-0.519635,1.931316,-2.896973,-0.779452,1.169178,-4.345460,2.000000,4.500000,-0.519635,1.931316,-2.896973,-0.779452,1.169178,-4.345460,2.000000,4.500000,0.000000,0.000000,-0.000000,0.000000,-0.000000,-0.000000,-0.000000,-0.000000
9.610000,-0.548545,1.923304,-2.884956,-0.822817,1.234226,-4.327434,2.000000,4.500000,-0.548545,1.923304,-2.884956,-0.822817,1.234226,-4.327434,2.000000,4.500000,0.000000,0.000000,-0.000000,0.000000,-0.000000,-0.000000,-0.000000,-0.000000
9.620000,-0.577332,1.914860,-2.872290,-0.865997,1.298996,-4.308435,2.000000,4.500000,-0.577332,1.914860,-2.872290,-0.865998,1.298996,-4.308435,2.000000,4.500000,0.000000,0.000000,-0.000000,0.000000,-0.000000,-0.000000,-0.000000,-0.000000
9.630000,-0.605989,1.905985,-2.858977,-0.908983,1.363474,-4.288466,2.000000,4.500000,-0.605989,1.905985,-2.858977,-0.908983,1.363474,-4.288466,2.000000,4.500000,0.000000,0.000000,-0.000000,0.000000,-0.000000,-0.000000,-0.000000,-0.000000
9.640000,-0.634509,1.896681,-2.845021,-0.951764,1.427645,-4.267532,2.000000,4.500000,-0.634509,1.896681,-2.845021,-0.951764,1.427645,-4.267532,2.000000,4.500000,0.000000,0.000000,-0.000000,0.000000,-0.000000,-0.000000,-0.000000,-0.000000
9.650000,-0.662887,1.886950,-2.830425,-0.994330,1.491495,-4.245638,2.000000,4.500000,-0.662887,1.886950,-2.830425,-0.994330,1.491495,-4.245638,2.000000,4.500000,0.000000,0.000000,-0.000000,0.000000,-0.000000,-0.000000,-0.000000,-0.000000
9.660000,-0.691115,1.876795,-2.815192,-1.036673,1.555010,-4.222789,2.000000,4.500000,-0.691115,1.876795,-2.815192,-1.036673,1.555010,-4.222789,2.000000,4.500000,0.000000,0.000000,-0.000000,0.000000,-0.000000,-0.000000,-0.000000,-0.000000
9.670000,-0.719189,1.866218,-2.799326,-1.078783,1.618174,-4.198989,2.000000,4.500000,-0.719189,1.866218,-2.799326,-1.078783,1.618174,-4.198989,2.000000,4.500000,0.000000,0.000000,-0.000000,0.000000,-0.000000,-0.000000,-0.000000,-0.000000
9.680000,-0.747100,1.855220,-2.782830,-1.120650,1.680975,-4.174245,2.000000,4.500000,-0.747100,1.855220,-2.782830,-1.120650,1.680975,-4.174245,2.000000,4.500000,0.000000,0.000000,-0.000000,0.000000,-0.000000,-0.000000,-0.000000,-0.000000
9.690000,-0.774843,1.843805,-2.765708,-1.162265,1.743397,-4.148562,2.000000,4.500000,-0.774843,1.843805,-2.765708,-1.162265,1.743397,-4.148562,2.000000,4.500000,0.000000,0.000000,-0.000000,0.000000,-0.000000,-0.000000,-0.000000,-0.000000
9.700000,-0.802412,1.831976,-2.747964,-1.203618,1.805427,-4.121945,2.000000,4.500000,-0.802412,1.831976,-2.747964,-1.203618,1.805427,-4.121945,2.000000,4.500000,0.000000,0.000000,-0.000000,0.000000,-0.000000,-0.000000,-0.000000,-0.000000
9.710000,-0.829800,1.819734,-2.729601,-1.244700,1.867051,-4.094401,2.000000,4.500000,-0.829800,1.819734,-2.729601,-1.244700,1.867051,-4.094401,2.000000,4.500000,0.000000,0.000000,-0.000000,0.000000,-0.000000,-0.000000,-0.000000,-0.000000
9.720000,-0.857002,1.807083,-2.710624,-1.285503,1.928254,-4.065936,2.000000,4.500000,-0.857002,1.807083,-2.710624,-1.285503,1.928254,-4.065936,2.000000,4.500000,0.000000,0.000000,-0.000000,0.000000,-0.000000,-0.000000,-0.000000,-0.000000
9.730000,-0.884011,1.794025,-2.691037,-1.326016,1.989024,-4.036556,2.000000,4.500000,-0.884011,1.794025,-2.691037,-1.326016,1.989024,-4.036556,2.000000,4.500000,0.000000,0.000000,-0.000000,0.000000,-0.000000,-0.000000,-0.000000,-0.000000
9.740000,-0.910821,1.780563,-2.670845,-1.366231,2.049346,-4.006267,2.000000,4.500000,-0.910821,1.780563,-2.670845,-1.366231,2.049346,-4.006267,2.000000,4.500000,0.000000,0.000000,-0.000000,0.000000,-0.000000,-0.000000,-0.000000,-0.000000
9.750000,-0.937426,1.766701,-2.650052,-1.406138,2.109208,-3.975078,2.000000,4.500000,-0.937426,1.766701,-2.650052,-1.406138,2.109208,-3.975078,2.000000,4.500000,0.000000,0.000000,-0.000000,0.000000,-0.000000,-0.000000,-0.000000,-0.000000
9.760000,-0.963820,1.752442,-2.628662,-1.445730,2.168594,-3.942994,2.000000,4.500000,-0.963820,1.752442,-2.628662,-1.445730,2.168594,-3.942994,2.000000,4.500000,0.000000,0.000000,-0.000000,0.000000,-0.000000,-0.000000,-0.000000,-0.000000
9.770000,-0.989997,1.737788,-2.606682,-1.484995,2.227493,-3.910022,2.000000,4.500000,-0.989997,1.737788,-2.606682,-1.484995,2.227493,-3.910022,2.000000,4.500000,0.000000,0.000000,-0.000000,0.000000,-0.000000,-0.000000,-0.000000,-0.000000
9.780000,-1.015951,1.722743,-2.584114,-1.523927,2.285891,-3.876171,2.000000,4.500000,-1.015951,1.722743,-2.584114,-1.523927,2.285891,-3.876171,2.000000,4.500000,0.000000,0.000000,-0.000000,0.000000,-0.000000,-0.000000,-0.000000,-0.000000
9.790000,-1.041677,1.707310,-2.560965,-1.562516,2.343774,-3.841448,2.000000,4.500000,-1.041677,1.707310,-2.560965,-1.562516,2.343774,-3.841448,2.000000,4.500000,0.000000,0.000000,-0.000000,0.000000,-0.000000,-0.000000,-0.000000,-0.000000
9.800000,-1.067169,1.691494,-2.537241,-1.600753,2.401130,-3.805861,2.000000,4.500000,-1.067169,1.691494,-2.537240,-1.600753,2.401130,-3.805861,2.000000,4.500000,0.000000,0.000000,-0.000000,0.000000,-0.000000,-0.000000,-0.000000,-0.000000
9.810000,-1.092420,1.675296,-2.512945,-1.638630,2.457945,-3.769417,2.000000,4.500000,-1.092420,1.675296,-2.512945,-1.638630,2.457945,-3.769417,2.000000,4.500000,0.000000,0.000000,-0.000000,0.000000,-0.000000,-0.000000,-0.000000,-0.000000
9.820000,-1.117426,1.658722,-2.488083,-1.676139,2.514208,-3.732125,2.000000,4.500000,-1.117426,1.658722,-2.488083,-1.676139,2.514208,-3.732125,2.000000,4.500000,0.000000,0.000000,-0.000000,0.000000,-0.000000,-0.000000,-0.000000,-0.000000
9.830000,-1.142180,1.641775,-2.462662,-1.713270,2.569905,-3.693994,2.000000,4.500000,-1.142180,1.641775,-2.462662,-1.713270,2.569905,-3.693994,2.000000,4.500000,0.000000,0.000000,-0.000000,0.000000,-0.000000,-0.000000,-0.000000,-0.000000
9.840000,-1.166677,1.624458,-2.436687,-1.750016,2.625024,-3.655031,2.000000,4.500000,-1.166677,1.624458,-2.436687,-1.750016,2.625024,-3.655031,2.000000,4.500000,0.000000,0.000000,-0.000000,0.000000,-0.000000,-0.000000,-0.000000,-0.000000
9.850000,-1.190912,1.606776,-2.410164,-1.786368,2.679552,-3.615246,2.000000,4.500000,-1.190912,1.606776,-2.410164,-1.786368,2.679552,-3.615246,2.000000,4.500000,0.000000,0.000000,-0.000000,0.000000,-0.000000,-0.000000,-0.000000,-0.000000
9.860000,-1.214879,1.588732,-2.383098,-1.822318,2.733477,-3.574647,2.000000,4.500000,-1.214879,1.588732,-2.383098,-1.822318,2.733477,-3.574647,2.000000,4.500000,0.000000,0.000000,-0.000000,0.000000,-0.000000,-0.000000,-0.000000,-0.000000
9.870000,-1.238572,1.570331,-2.355496,-1.857858,2.786787,-3.533245,2.000000,4.500000,-1.238572,1.570331,-2.355496,-1.857858,2.786787,-3.533245,2.000000,4.500000,0.000000,0.000000,-0.000000,0.000000,-0.000000,-0.000000,-0.000000,-0.000000
9.880000,-1.261987,1.551576,-2.327365,-1.892980,2.839470,-3.491047,2.000000,4.500000,-1.261987,1.551576,-2.327365,-1.892980,2.839470,-3.491047,2.000000,4.500000,0.000000,0.000000,-0.000000,0.000000,-0.000000,-0.000000,-0.000000,-0.000000
9.890000,-1.285118,1.532473,-2.298709,-1.927676,2.891515,-3.448064,2.000000,4.500000,-1.285118,1.532473,-2.298709,-1.927676,2.891515,-3.448064,2.000000,4.500000,0.000000,0.000000,-0.000000,0.000000,-0.000000,-0.000000,-0.000000,-0.000000
9.900000,-1.307959,1.513024,-2.269536,-1.961939,2.942908,-3.404305,2.000000,4.500000,-1.307959,1.513024,-2.269536,-1.961939,2.942908,-3.404305,2.000000,4.500000,0.000000,0.000000,-0.000000,0.000000,-0.000000,-0.000000,-0.000000,-0.000000
9.910000,-1.330507,1.493235,-2.239853,-1.995760,2.993640,-3.359780,2.000000,4.500000,-1.330507,1.493235,-2.239853,-1.995760,2.993640,-3.359780,2.000000,4.500000,0.000000,0.000000,-0.000000,0.000000,-0.000000,-0.000000,-0.000000,-0.000000
9.920000,-1.352755,1.473111,-2.209666,-2.029132,3.043698,-3.314499,2.000000,4.500000,-1.352755,1.473111,-2.209666,-2.029132,3.043698,-3.314499,2.000000,4.500000,0.000000,0.000000,-0.000000,0.000000,-0.000000,-0.000000,-0.000000,-0.000000
9.930000,-1.374698,1.452654,-2.178981,-2.062047,3.093071,-3.268472,2.000000,4.500000,-1.374698,1.452654,-2.178981,-2.062047,3.093071,-3.268472,2.000000,4.500000,0.000000,0.000000,-0.000000,0.000000,-0.000000,-0.000000,-0.000000,-0.000000
9.940000,-1.396333,1.431871,-2.147807,-2.094499,3.141748,-3.221710,2.000000,4.500000,-1.396333,1.431871,-2.147807,-2.094499,3.141748,-3.221710,2.000000,4.500000,0.000000,0.000000,-0.000000,0.000000,-0.000000,-0.000000,-0.000000,-0.000000
9.950000,-1.417653,1.410766,-2.116149,-2.126479,3.189719,-3.174223,2.000000,4.500000,-1.417653,1.410766,-2.116149,-2.126479,3.189719,-3.174223,2.000000,4.500000,0.000000,0.000000,-0.000000,0.000000,-0.000000,-0.000000,-0.000000,-0.000000
9.960000,-1.438654,1.389343,-2.084015,-2.157981,3.236972,-3.126022,2.000000,4.500000,-1.438654,1.389343,-2.084015,-2.157981,3.236972,-3.126022,2.000000,4.500000,0.000000,0.000000,-0.000000,0.000000,-0.000000,-0.000000,-0.000000,-0.000000
9.970000,-1.459332,1.367608,-2.051412,-2.188997,3.283496,-3.077118,2.000000,4.500000,-1.459332,1.367608,-2.051412,-2.188997,3.283496,-3.077118,2.000000,4.500000,0.000000,0.000000,-0.000000,0.000000,-0.000000,-0.000000,-0.000000,-0.000000
9.980000,-1.479681,1.345565,-2.018347,-2.219521,3.329282,-3.027521,2.000000,4.500000,-1.479681,1.345565,-2.018347,-2.219521,3.329282,-3.027521,2.000000,4.500000,0.000000,0.000000,-0.000000,0.000000,-0.000000,-0.000000,-0.000000,-0.000000
9.990000,-1.499697,1.323219,-1.984829,-2.249545,3.374318,-2.977243,2.000000,4.500000,-1.499697,1.323219,-1.984829,-2.249545,3.374318,-2.977243,2.000000,4.500000,0.000000,0.000000,-0.000000,0.000000,-0.000000,-0.000000,-0.000000,-0.000000
10.000000,-1.519376,1.300576,-1.950864,-2.279064,3.418596,-2.926295,2.000000,4.500000,-1.519376,1.300576,-1.950864,-2.279064,3.418596,-2.926295,2.000000,4.500000,0.000000,0.000000,-0.000000,0.000000,-0.000000,-0.000000,-0.000000,-0.000000
