Time,X,Y,Vx,Vy,Ax,Ay,Radius,KineticEnergy,XExact,YExact,VxExact,VyExact,AxExact,AyExact,RadiusExact,KineticEnergyExact,XError,YError,VxError,VyError,AxError,AyError,KineticEnergyError,RadiusError
0.000000,2.000000,0.000000,0.000000,3.000000,-4.500000,-0.000000,2.000000,4.500000,2.000000,0.000000,-0.000000,3.000000,-4.500000,-0.000000,2.000000,4.500000,0.000000,0.000000,0.000000,0.000000,0.000000,0.000000,0.000000,0.000000
0.010000,2.000000,0.030000,-0.045000,3.000000,-4.500000,-0.067500,2.000225,4.501012,1.999775,0.029999,-0.044998,2.999663,-4.499494,-0.067497,2.000000,4.500000,0.000225,0.000001,-0.000002,0.000337,-0.000506,-0.000003,0.001012,0.000225
0.020000,1.999550,0.060000,-0.090000,2.999325,-4.498988,-0.135000,2.000450,4.502025,1.999100,0.059991,-0.089987,2.998650,-4.497975,-0.134980,2.000000,4.500000,0.000450,0.000009,-0.000013,0.000675,-0.001012,-0.000020,0.002025,0.000450
0.030000,1.998650,0.089993,-0.134990,2.997975,-4.496963,-0.202485,2.000675,4.503038,1.997975,0.089970,-0.134954,2.996963,-4.495445,-0.202432,2.000000,4.500000,0.000675,0.000024,-0.000035,0.001012,-0.001518,-0.000053,0.003038,0.000675
0.040000,1.997300,0.119973,-0.179960,2.995950,-4.493925,-0.269939,2.000900,4.504051,1.996401,0.119928,-0.179892,2.994602,-4.491902,-0.269838,2.000000,4.500000,0.000899,0.000045,-0.000067,0.001349,-0.002023,-0.000101,0.004051,0.000900
0.050000,1.995501,0.149933,-0.224899,2.993251,-4.489876,-0.337348,2.001125,4.505065,1.994378,0.149859,-0.224789,2.991566,-4.487350,-0.337184,2.000000,4.500000,0.001123,0.000073,-0.000110,0.001684,-0.002526,-0.000164,0.005065,0.001125
0.060000,1.993252,0.179865,-0.269798,2.989877,-4.484816,-0.404696,2.001350,4.506078,1.991905,0.179757,-0.269636,2.987858,-4.481787,-0.404453,2.000000,4.500000,0.001346,0.000108,-0.000162,0.002019,-0.003029,-0.000243,0.006078,0.001350
0.070000,1.990554,0.209764,-0.314646,2.985830,-4.478745,-0.471969,2.001575,4.507092,1.988985,0.209614,-0.314422,2.983478,-4.475217,-0.471632,2.000000,4.500000,0.001568,0.000149,-0.000224,0.002353,-0.003529,-0.000336,0.007092,0.001575
0.080000,1.987407,0.239622,-0.359433,2.981111,-4.471666,-0.539150,2.001801,4.508106,1.985617,0.239424,-0.359137,2.978426,-4.467639,-0.538705,2.000000,4.500000,0.001790,0.000198,-0.000297,0.002685,-0.004027,-0.000445,0.008106,0.001801
0.090000,1.983813,0.269433,-0.404150,2.975719,-4.463579,-0.606225,2.002026,4.509121,1.981803,0.269181,-0.403771,2.972704,-4.459056,-0.605656,2.000000,4.500000,0.002010,0.000253,-0.000379,0.003015,-0.004523,-0.000568,0.009121,0.002026
0.100000,1.979771,0.299190,-0.448786,2.969657,-4.454485,-0.673178,2.002251,4.510135,1.977542,0.298876,-0.448314,2.966313,-4.449470,-0.672472,2.000000,4.500000,0.002229,0.000314,-0.000471,0.003344,-0.005015,-0.000707,0.010135,0.002251
0.110000,1.975283,0.328887,-0.493330,2.962925,-4.444388,-0.739996,2.002476,4.511150,1.972837,0.328505,-0.492757,2.959255,-4.438883,-0.739135,2.000000,4.500000,0.002447,0.000382,-0.000573,0.003670,-0.005505,-0.000860,0.011150,0.002476
0.120000,1.970350,0.358516,-0.537774,2.955525,-4.433288,-0.806661,2.002702,4.512165,1.967687,0.358059,-0.537089,2.951531,-4.427297,-0.805633,2.000000,4.500000,0.002663,0.000457,-0.000686,0.003994,-0.005991,-0.001028,0.012165,0.002702
0.130000,1.964972,0.388071,-0.582107,2.947459,-4.421188,-0.873161,2.002927,4.513180,1.962095,0.387533,-0.581300,2.943143,-4.414715,-0.871949,2.000000,4.500000,0.002877,0.000538,-0.000808,0.004316,-0.006473,-0.001211,0.013180,0.002927
0.140000,1.959151,0.417546,-0.626319,2.938727,-4.408090,-0.939479,2.003152,4.514196,1.956062,0.416920,-0.625380,2.934093,-4.401139,-0.938070,2.000000,4.500000,0.003089,0.000626,-0.000939,0.004634,-0.006951,-0.001409,0.014196,0.003152
0.150000,1.952888,0.446933,-0.670400,2.929332,-4.393998,-1.005600,2.003377,4.515211,1.949588,0.446213,-0.669319,2.924382,-4.386573,-1.003979,2.000000,4.500000,0.003300,0.000721,-0.001081,0.004950,-0.007425,-0.001621,0.015211,0.003377
0.160000,1.946184,0.476227,-0.714340,2.919276,-4.378914,-1.071510,2.003603,4.516227,1.942676,0.475405,-0.713108,2.914014,-4.371021,-1.069662,2.000000,4.500000,0.003508,0.000821,-0.001232,0.005262,-0.007893,-0.001848,0.016227,0.003603
0.170000,1.939041,0.505419,-0.758129,2.908561,-4.362842,-1.137194,2.003828,4.517244,1.935327,0.504491,-0.756736,2.902990,-4.354485,-1.135104,2.000000,4.500000,0.003714,0.000929,-0.001393,0.005571,-0.008357,-0.002089,0.017244,0.003828
0.180000,1.931459,0.534505,-0.801758,2.897189,-4.345784,-1.202636,2.004054,4.518260,1.927542,0.533463,-0.800194,2.891313,-4.336969,-1.200291,2.000000,4.500000,0.003918,0.001042,-0.001563,0.005876,-0.008815,-0.002345,0.018260,0.004054
0.190000,1.923442,0.563477,-0.845215,2.885163,-4.327744,-1.267823,2.004279,4.519277,1.919323,0.562315,-0.843472,2.878985,-4.318477,-1.265209,2.000000,4.500000,0.004119,0.001162,-0.001743,0.006178,-0.009267,-0.002614,0.019277,0.004279
0.200000,1.914990,0.592329,-0.888493,2.872485,-4.308727,-1.332739,2.004505,4.520293,1.910673,0.591040,-0.886561,2.866009,-4.299014,-1.329841,2.000000,4.500000,0.004317,0.001288,-0.001932,0.006475,-0.009713,-0.002898,0.020293,0.004505
0.210000,1.906105,0.621053,-0.931580,2.859157,-4.288736,-1.397370,2.004730,4.521310,1.901593,0.619633,-0.929449,2.852389,-4.278584,-1.394174,2.000000,4.500000,0.004512,0.001420,-0.002131,0.006768,-0.010152,-0.003196,0.021310,0.004730
0.220000,1.896789,0.649645,-0.974467,2.845183,-4.267775,-1.461701,2.004956,4.522328,1.892085,0.648086,-0.972129,2.838127,-4.257191,-1.458194,2.000000,4.500000,0.004704,0.001559,-0.002338,0.007056,-0.010585,-0.003507,0.022328,0.004956
0.230000,1.887044,0.678097,-1.017145,2.830566,-4.245850,-1.525718,2.005181,4.523345,1.882151,0.676393,-1.014590,2.823226,-4.234840,-1.521885,2.000000,4.500000,0.004893,0.001703,-0.002555,0.007340,-0.011010,-0.003833,0.023345,0.005181
0.240000,1.876873,0.706402,-1.059604,2.815309,-4.222964,-1.589405,2.005407,4.524363,1.871794,0.704548,-1.056823,2.807690,-4.211536,-1.585234,2.000000,4.500000,0.005079,0.001854,-0.002781,0.007619,-0.011428,-0.004171,0.024363,0.005407
0.250000,1.866277,0.734556,-1.101833,2.799415,-4.199123,-1.652750,2.005632,4.525381,1.861015,0.732545,-1.098818,2.791523,-4.187284,-1.648226,2.000000,4.500000,0.005262,0.002010,-0.003016,0.007892,-0.011838,-0.004524,0.025381,0.005632
0.260000,1.855258,0.762550,-1.143825,2.782888,-4.174332,-1.715737,2.005858,4.526399,1.849818,0.760377,-1.140565,2.774727,-4.162091,-1.710848,2.000000,4.500000,0.005440,0.002173,-0.003259,0.008160,-0.012241,-0.004889,0.026399,0.005858
0.270000,1.843820,0.790379,-1.185568,2.765730,-4.148595,-1.778352,2.006084,4.527418,1.838205,0.788038,-1.182056,2.757307,-4.135961,-1.773084,2.000000,4.500000,0.005615,0.002341,-0.003512,0.008423,-0.012635,-0.005267,0.027418,0.006084
0.280000,1.831965,0.818036,-1.227054,2.747947,-4.121920,-1.840581,2.006309,4.528436,1.826178,0.815521,-1.223281,2.739267,-4.108900,-1.834922,2.000000,4.500000,0.005787,0.002515,-0.003772,0.008680,-0.013020,-0.005659,0.028436,0.006309
0.290000,1.819694,0.845515,-1.268273,2.729541,-4.094311,-1.902409,2.006535,4.529455,1.813740,0.842821,-1.264231,2.720610,-4.080915,-1.896347,2.000000,4.500000,0.005954,0.002695,-0.004042,0.008931,-0.013396,-0.006063,0.029455,0.006535
0.300000,1.807011,0.872811,-1.309216,2.710517,-4.065775,-1.963824,2.006761,4.530474,1.800894,0.869931,-1.304897,2.701341,-4.052012,-1.957345,2.000000,4.500000,0.006117,0.002880,-0.004320,0.009176,-0.013763,-0.006479,0.030474,0.006761
0.310000,1.793919,0.899916,-1.349874,2.690879,-4.036318,-2.024811,2.006986,4.531494,1.787643,0.896846,-1.345268,2.681465,-4.022197,-2.017903,2.000000,4.500000,0.006276,0.003070,-0.004605,0.009414,-0.014121,-0.006908,0.031494,0.006986
0.320000,1.780420,0.926825,-1.390237,2.670631,-4.005946,-2.085356,2.007212,4.532513,1.773990,0.923558,-1.385338,2.660985,-3.991477,-2.078006,2.000000,4.500000,0.006431,0.003266,-0.004900,0.009646,-0.014469,-0.007349,0.032513,0.007212
0.330000,1.766518,0.953531,-1.430296,2.649777,-3.974665,-2.145445,2.007438,4.533533,1.759937,0.950063,-1.425095,2.639906,-3.959859,-2.137642,2.000000,4.500000,0.006581,0.003468,-0.005202,0.009871,-0.014806,-0.007802,0.033533,0.007438
0.340000,1.752215,0.980029,-1.470043,2.628323,-3.942484,-2.205065,2.007664,4.534553,1.745489,0.976354,-1.464532,2.618234,-3.927350,-2.196798,2.000000,4.500000,0.006726,0.003674,-0.005511,0.010089,-0.015134,-0.008267,0.034553,0.007664
0.350000,1.737515,1.006312,-1.509468,2.606272,-3.909408,-2.264202,2.007890,4.535573,1.730648,1.002426,-1.503639,2.595972,-3.893958,-2.255459,2.000000,4.500000,0.006867,0.003886,-0.005829,0.010300,-0.015450,-0.008743,0.035573,0.007890
0.360000,1.722420,1.032375,-1.548562,2.583630,-3.875445,-2.322843,2.008116,4.536594,1.715417,1.028272,-1.542408,2.573126,-3.859689,-2.313612,2.000000,4.500000,0.007003,0.004103,-0.006154,0.010504,-0.015756,-0.009231,0.036594,0.008116
0.370000,1.706934,1.058211,-1.587317,2.560401,-3.840602,-2.380975,2.008341,4.537615,1.699801,1.053887,-1.580830,2.549701,-3.824552,-2.371245,2.000000,4.500000,0.007133,0.004324,-0.006487,0.010700,-0.016050,-0.009730,0.037615,0.008341
0.380000,1.691061,1.083815,-1.625723,2.536592,-3.804888,-2.438584,2.008567,4.538636,1.683802,1.079264,-1.618896,2.525703,-3.788554,-2.428344,2.000000,4.500000,0.007259,0.004551,-0.006826,0.010889,-0.016333,-0.010240,0.038636,0.008567
0.390000,1.674804,1.109181,-1.663771,2.512206,-3.768309,-2.495657,2.008793,4.539657,1.667424,1.104399,-1.656598,2.501136,-3.751704,-2.484897,2.000000,4.500000,0.007380,0.004782,-0.007173,0.011070,-0.016604,-0.010760,0.039657,0.008793
0.400000,1.658166,1.134303,-1.701454,2.487249,-3.730874,-2.552182,2.009019,4.540678,1.650671,1.129285,-1.693927,2.476007,-3.714010,-2.540891,2.000000,4.500000,0.007495,0.005018,-0.007527,0.011242,-0.016864,-0.011291,0.040678,0.009019
0.410000,1.641152,1.159175,-1.738763,2.461727,-3.692591,-2.608145,2.009245,4.541700,1.633547,1.153917,-1.730876,2.450320,-3.675481,-2.596313,2.000000,4.500000,0.007605,0.005258,-0.007888,0.011407,-0.017111,-0.011832,0.041700,0.009245
0.420000,1.623764,1.183793,-1.775689,2.435646,-3.653469,-2.663534,2.009471,4.542722,1.616055,1.178290,-1.767434,2.424083,-3.636124,-2.651151,2.000000,4.500000,0.007709,0.005503,-0.008255,0.011563,-0.017345,-0.012382,0.042722,0.009471
0.430000,1.606007,1.208149,-1.812224,2.409011,-3.613516,-2.718336,2.009697,4.543744,1.598200,1.202397,-1.803595,2.397299,-3.595949,-2.705393,2.000000,4.500000,0.007808,0.005752,-0.008629,0.011711,-0.017567,-0.012943,0.043744,0.009697
0.440000,1.587885,1.232239,-1.848359,2.381827,-3.572741,-2.772539,2.009923,4.544766,1.579984,1.226234,-1.839351,2.369977,-3.554965,-2.759026,2.000000,4.500000,0.007900,0.006006,-0.009008,0.011851,-0.017776,-0.013513,0.044766,0.009923
0.450000,1.569401,1.256058,-1.884086,2.354102,-3.531153,-2.826130,2.010150,4.545789,1.561414,1.249795,-1.874692,2.342121,-3.513181,-2.812038,2.000000,4.500000,0.007987,0.006263,-0.009394,0.011981,-0.017972,-0.014092,0.045789,0.010150
0.460000,1.550560,1.279599,-1.919398,2.325841,-3.488761,-2.879097,2.010376,4.546812,1.542492,1.273074,-1.909612,2.313738,-3.470607,-2.864417,2.000000,4.500000,0.008068,0.006524,-0.009786,0.012103,-0.018154,-0.014680,0.046812,0.010376
0.470000,1.531366,1.302857,-1.954286,2.297050,-3.445575,-2.931428,2.010602,4.547835,1.523223,1.296068,-1.944101,2.284835,-3.427252,-2.916152,2.000000,4.500000,0.008143,0.006789,-0.010184,0.012215,-0.018323,-0.015276,0.047835,0.010602
0.480000,1.511824,1.325828,-1.988741,2.267735,-3.401603,-2.983112,2.010828,4.548858,1.503611,1.318769,-1.978154,2.255417,-3.383126,-2.967231,2.000000,4.500000,0.008212,0.007058,-0.010587,0.012318,-0.018477,-0.015881,0.048858,0.010828
0.490000,1.491936,1.348505,-2.022757,2.237904,-3.356856,-3.034136,2.011054,4.549881,1.483662,1.341174,-2.011761,2.225492,-3.338238,-3.017642,2.000000,4.500000,0.008275,0.007331,-0.010996,0.012412,-0.018618,-0.016494,0.049881,0.011054
0.500000,1.471709,1.370884,-2.056326,2.207563,-3.311344,-3.084489,2.011280,4.550905,1.463378,1.363278,-2.044916,2.195067,-3.292600,-3.067374,2.000000,4.500000,0.008331,0.007606,-0.011410,0.012496,-0.018744,-0.017114,0.050905,0.011280
0.510000,1.451145,1.392960,-2.089439,2.176718,-3.265077,-3.134159,2.011507,4.551929,1.442765,1.385074,-2.077611,2.164147,-3.246221,-3.116416,2.000000,4.500000,0.008381,0.007886,-0.011828,0.012571,-0.018856,-0.017743,0.051929,0.011507
0.520000,1.430251,1.414727,-2.122090,2.145376,-3.218065,-3.183135,2.011733,4.552953,1.421827,1.406559,-2.109838,2.132741,-3.199111,-3.164757,2.000000,4.500000,0.008424,0.008168,-0.012252,0.012636,-0.018954,-0.018378,0.052953,0.011733
0.530000,1.409030,1.436180,-2.154271,2.113545,-3.170318,-3.231406,2.011959,4.553978,1.400570,1.427727,-2.141591,2.100854,-3.151281,-3.212386,2.000000,4.500000,0.008461,0.008453,-0.012680,0.012691,-0.019036,-0.019020,0.053978,0.011959
0.540000,1.387487,1.457316,-2.185974,2.081231,-3.121847,-3.278961,2.012186,4.555002,1.378997,1.448574,-2.172862,2.068495,-3.102743,-3.259292,2.000000,4.500000,0.008490,0.008742,-0.013112,0.012736,-0.019104,-0.019669,0.055002,0.012186
0.550000,1.365628,1.478128,-2.217192,2.048441,-3.072662,-3.325789,2.012412,4.556027,1.357114,1.469096,-2.203643,2.035671,-3.053506,-3.305465,2.000000,4.500000,0.008514,0.009033,-0.013549,0.012771,-0.019156,-0.020324,0.056027,0.012412
0.560000,1.343456,1.498613,-2.247919,2.015184,-3.022775,-3.371879,2.012638,4.557052,1.334926,1.489286,-2.233929,2.002388,-3.003583,-3.350894,2.000000,4.500000,0.008530,0.009326,-0.013990,0.012795,-0.019193,-0.020984,0.057052,0.012638
0.570000,1.320976,1.518765,-2.278147,1.981465,-2.972197,-3.417220,2.012865,4.558078,1.312437,1.509142,-2.263713,1.968656,-2.952983,-3.395569,2.000000,4.500000,0.008539,0.009623,-0.014434,0.012809,-0.019214,-0.021651,0.058078,0.012865
0.580000,1.298195,1.538579,-2.307869,1.947293,-2.920939,-3.461803,2.013091,4.559103,1.289653,1.528658,-2.292987,1.934480,-2.901719,-3.439480,2.000000,4.500000,0.008542,0.009921,-0.014882,0.012813,-0.019219,-0.022323,0.059103,0.013091
0.590000,1.275116,1.558052,-2.337078,1.912675,-2.869012,-3.505617,2.013318,4.560129,1.266579,1.547830,-2.321745,1.899869,-2.849803,-3.482617,2.000000,4.500000,0.008537,0.010222,-0.015333,0.012806,-0.019209,-0.023000,0.060129,0.013318
0.600000,1.251746,1.577179,-2.365768,1.877618,-2.816427,-3.548652,2.013544,4.561155,1.243220,1.566654,-2.349981,1.864830,-2.797245,-3.524971,2.000000,4.500000,0.008526,0.010525,-0.015788,0.012788,-0.019183,-0.023681,0.061155,0.013544
0.610000,1.228088,1.595955,-2.393933,1.842132,-2.763198,-3.590899,2.013771,4.562181,1.219581,1.585125,-2.377688,1.829372,-2.744058,-3.566532,2.000000,4.500000,0.008507,0.010830,-0.016245,0.012760,-0.019140,-0.024367,0.062181,0.013771
0.620000,1.204149,1.614376,-2.421564,1.806223,-2.709334,-3.632347,2.013997,4.563208,1.195668,1.603240,-2.404860,1.793502,-2.690253,-3.607290,2.000000,4.500000,0.008481,0.011136,-0.016705,0.012721,-0.019081,-0.025057,0.063208,0.013997
0.630000,1.179933,1.632439,-2.448658,1.769899,-2.654849,-3.672987,2.014224,4.564234,1.171486,1.620994,-2.431491,1.757229,-2.635843,-3.647236,2.000000,4.500000,0.008447,0.011445,-0.017167,0.012671,-0.019006,-0.025751,0.064234,0.014224
0.640000,1.155446,1.650138,-2.475206,1.733169,-2.599754,-3.712809,2.014450,4.565261,1.147040,1.638383,-2.457575,1.720560,-2.580840,-3.686362,2.000000,4.500000,0.008406,0.011754,-0.017632,0.012610,-0.018914,-0.026447,0.065261,0.014450
0.650000,1.130694,1.667469,-2.501204,1.696041,-2.544062,-3.751806,2.014677,4.566289,1.122336,1.655404,-2.483106,1.683504,-2.525256,-3.724658,2.000000,4.500000,0.008358,0.012065,-0.018098,0.012537,-0.018806,-0.027147,0.066289,0.014677
0.660000,1.105682,1.684430,-2.526644,1.658523,-2.487785,-3.789967,2.014904,4.567316,1.097380,1.672052,-2.508078,1.646070,-2.469104,-3.762117,2.000000,4.500000,0.008303,0.012378,-0.018567,0.012454,-0.018681,-0.027850,0.067316,0.014904
0.670000,1.080416,1.701015,-2.551522,1.620624,-2.430935,-3.827284,2.015130,4.568344,1.072176,1.688324,-2.532486,1.608265,-2.412397,-3.798729,2.000000,4.500000,0.008239,0.012691,-0.019036,0.012359,-0.018539,-0.028555,0.068344,0.015130
0.680000,1.054901,1.717221,-2.575832,1.582351,-2.373526,-3.863748,2.015357,4.569372,1.046732,1.704216,-2.556324,1.570098,-2.355147,-3.834486,2.000000,4.500000,0.008169,0.013005,-0.019508,0.012253,-0.018379,-0.029261,0.069372,0.015357
0.690000,1.029142,1.733045,-2.599567,1.543713,-2.315570,-3.899350,2.015584,4.570400,1.021052,1.719725,-2.579587,1.531578,-2.297367,-3.869381,2.000000,4.500000,0.008090,0.013320,-0.019980,0.012136,-0.018203,-0.029970,0.070400,0.015584
0.700000,1.003147,1.748482,-2.622723,1.504720,-2.257080,-3.934084,2.015810,4.571428,0.995142,1.734846,-2.602270,1.492713,-2.239070,-3.903405,2.000000,4.500000,0.008004,0.013635,-0.020453,0.012007,-0.018010,-0.030679,0.071428,0.015810
0.710000,0.976919,1.763529,-2.645293,1.465379,-2.198069,-3.967940,2.016037,4.572457,0.969008,1.749578,-2.624367,1.453513,-2.180269,-3.936550,2.000000,4.500000,0.007911,0.013951,-0.020927,0.011866,-0.017800,-0.031390,0.072457,0.016037
0.720000,0.950466,1.778183,-2.667274,1.425700,-2.138549,-4.000911,2.016264,4.573485,0.942657,1.763916,-2.645873,1.413985,-2.120978,-3.968810,2.000000,4.500000,0.007810,0.014267,-0.021401,0.011715,-0.017572,-0.032101,0.073485,0.016264
0.730000,0.923794,1.792440,-2.688660,1.385690,-2.078536,-4.032989,2.016491,4.574514,0.916093,1.777856,-2.666785,1.374139,-2.061209,-4.000177,2.000000,4.500000,0.007701,0.014583,-0.021875,0.011551,-0.017327,-0.032812,0.074514,0.016491
0.740000,0.896907,1.806297,-2.709445,1.345361,-2.018041,-4.064167,2.016718,4.575544,0.889323,1.791397,-2.687096,1.333985,-2.000977,-4.030644,2.000000,4.500000,0.007584,0.014899,-0.022349,0.011376,-0.017064,-0.033523,0.075544,0.016718
0.750000,0.869813,1.819750,-2.729625,1.304719,-1.957078,-4.094438,2.016944,4.576573,0.862353,1.804535,-2.706803,1.293530,-1.940294,-4.060204,2.000000,4.500000,0.007460,0.015215,-0.022823,0.011189,-0.016784,-0.034234,0.076573,0.016944
0.760000,0.842516,1.832797,-2.749196,1.263775,-1.895662,-4.123794,2.017171,4.577603,0.835189,1.817267,-2.725900,1.252784,-1.879175,-4.088851,2.000000,4.500000,0.007327,0.015530,-0.023296,0.010991,-0.016487,-0.034944,0.077603,0.017171
0.770000,0.815024,1.845435,-2.768153,1.222537,-1.833805,-4.152229,2.017398,4.578633,0.807837,1.829590,-2.744385,1.211756,-1.817633,-4.116577,2.000000,4.500000,0.007187,0.015845,-0.023768,0.010781,-0.016172,-0.035652,0.078633,0.017398
0.780000,0.787343,1.857661,-2.786491,1.181014,-1.771521,-4.179736,2.017625,4.579663,0.780303,1.841501,-2.762252,1.170455,-1.755683,-4.143378,2.000000,4.500000,0.007040,0.016159,-0.024239,0.010559,-0.015839,-0.036359,0.079663,0.017625
0.790000,0.759478,1.869471,-2.804206,1.139217,-1.708825,-4.206309,2.017852,4.580693,0.752594,1.852998,-2.779497,1.128891,-1.693337,-4.169246,2.000000,4.500000,0.006884,0.016473,-0.024709,0.010326,-0.015489,-0.037063,0.080693,0.017852
0.800000,0.731436,1.880863,-2.821294,1.097154,-1.645731,-4.231941,2.018079,4.581724,0.724716,1.864078,-2.796117,1.087073,-1.630610,-4.194176,2.000000,4.500000,0.006720,0.016785,-0.025177,0.010081,-0.015121,-0.037766,0.081724,0.018079
0.810000,0.703223,1.891834,-2.837752,1.054834,-1.582252,-4.256627,2.018306,4.582755,0.696674,1.874739,-2.812108,1.045011,-1.567516,-4.218162,2.000000,4.500000,0.006549,0.017096,-0.025643,0.009824,-0.014735,-0.038465,0.082755,0.018306
0.820000,0.674845,1.902383,-2.853574,1.012268,-1.518402,-4.280361,2.018533,4.583786,0.668475,1.884978,-2.827466,1.002713,-1.504070,-4.241200,2.000000,4.500000,0.006370,0.017405,-0.026108,0.009555,-0.014332,-0.039162,0.083786,0.018533
0.830000,0.646310,1.912505,-2.868758,0.969465,-1.454197,-4.303137,2.018760,4.584817,0.640127,1.894792,-2.842188,0.960190,-1.440285,-4.263283,2.000000,4.500000,0.006183,0.017713,-0.026570,0.009275,-0.013912,-0.039855,0.084817,0.018760
0.840000,0.617622,1.922200,-2.883300,0.926433,-1.389650,-4.324950,2.018987,4.585849,0.611634,1.904181,-2.856271,0.917451,-1.376176,-4.284407,2.000000,4.500000,0.005988,0.018019,-0.027029,0.008982,-0.013474,-0.040544,0.085849,0.018987
0.850000,0.588789,1.931464,-2.897197,0.883184,-1.324776,-4.345795,2.019215,4.586881,0.583003,1.913141,-2.869711,0.874505,-1.311758,-4.304566,2.000000,4.500000,0.005786,0.018324,-0.027486,0.008679,-0.013018,-0.041229,0.086881,0.019215
0.860000,0.559817,1.940296,-2.910444,0.839726,-1.259589,-4.365667,2.019442,4.587913,0.554242,1.921670,-2.882505,0.831363,-1.247044,-4.323758,2.000000,4.500000,0.005575,0.018626,-0.027939,0.008363,-0.012545,-0.041909,0.087913,0.019442
0.870000,0.530713,1.948694,-2.923040,0.796069,-1.194104,-4.384560,2.019669,4.588945,0.525355,1.929767,-2.894651,0.788033,-1.182050,-4.341976,2.000000,4.500000,0.005357,0.018926,-0.028389,0.008036,-0.012054,-0.042584,0.088945,0.019669
0.880000,0.501482,1.956654,-2.934981,0.752223,-1.128335,-4.402472,2.019896,4.589978,0.496351,1.937430,-2.906145,0.744526,-1.116790,-4.359218,2.000000,4.500000,0.005131,0.019224,-0.028836,0.007697,-0.011546,-0.043254,0.089978,0.019896
0.890000,0.472132,1.964176,-2.946265,0.708199,-1.062298,-4.419397,2.020123,4.591010,0.467235,1.944657,-2.916986,0.700852,-1.051278,-4.375479,2.000000,4.500000,0.004898,0.019519,-0.029279,0.007347,-0.011020,-0.043918,0.091010,0.020123
0.900000,0.442670,1.971258,-2.956888,0.664005,-0.996007,-4.435331,2.020351,4.592043,0.438013,1.951447,-2.927170,0.657020,-0.985530,-4.390755,2.000000,4.500000,0.004656,0.019812,-0.029718,0.006985,-0.010477,-0.044576,0.092043,0.020351
0.910000,0.413101,1.977898,-2.966848,0.619651,-0.929477,-4.450272,2.020578,4.593077,0.408693,1.957797,-2.936696,0.613040,-0.919560,-4.405044,2.000000,4.500000,0.004407,0.020101,-0.030152,0.006611,-0.009917,-0.045228,0.093077,0.020578
0.920000,0.383432,1.984095,-2.976142,0.575149,-0.862723,-4.464214,2.020805,4.594110,0.379282,1.963707,-2.945561,0.568922,-0.853384,-4.418341,2.000000,4.500000,0.004151,0.020388,-0.030582,0.006226,-0.009339,-0.045873,0.094110,0.020805
0.930000,0.353671,1.989846,-2.984770,0.530507,-0.795760,-4.477155,2.021032,4.595144,0.349784,1.969175,-2.953763,0.524677,-0.787015,-4.430644,2.000000,4.500000,0.003887,0.020671,-0.031007,0.005830,-0.008745,-0.046510,0.095144,0.021032
0.940000,0.323823,1.995152,-2.992727,0.485735,-0.728603,-4.489091,2.021260,4.596178,0.320209,1.974200,-2.961300,0.480313,-0.720469,-4.441950,2.000000,4.500000,0.003615,0.020951,-0.031427,0.005422,-0.008133,-0.047141,0.096178,0.021260
0.950000,0.293896,2.000009,-3.000013,0.440844,-0.661266,-4.500020,2.021487,4.597212,0.290561,1.978781,-2.968172,0.435841,-0.653762,-4.452257,2.000000,4.500000,0.003335,0.021228,-0.031842,0.005003,-0.007505,-0.047763,0.097212,0.021487
0.960000,0.263896,2.004417,-3.006626,0.395844,-0.593766,-4.509939,2.021715,4.598246,0.260847,1.982917,-2.974375,0.391271,-0.586907,-4.461563,2.000000,4.500000,0.003049,0.021501,-0.032251,0.004573,-0.006859,-0.048376,0.098246,0.021715
0.970000,0.233830,2.008376,-3.012564,0.350745,-0.526117,-4.518845,2.021942,4.599281,0.231075,1.986606,-2.979909,0.346613,-0.519920,-4.469864,2.000000,4.500000,0.002754,0.021770,-0.032654,0.004131,-0.006197,-0.048982,0.099281,0.021942
0.980000,0.203704,2.011883,-3.017825,0.305556,-0.458334,-4.526737,2.022169,4.600316,0.201251,1.989849,-2.984773,0.301877,-0.452816,-4.477160,2.000000,4.500000,0.002453,0.022035,-0.033052,0.003679,-0.005518,-0.049578,0.100316,0.022169
0.990000,0.173526,2.014939,-3.022408,0.260289,-0.390433,-4.533612,2.022397,4.601351,0.171382,1.992644,-2.988965,0.257073,-0.385610,-4.483448,2.000000,4.500000,0.002144,0.022295,-0.033443,0.003215,-0.004823,-0.050164,0.101351,0.022397
1.000000,0.143302,2.017542,-3.026313,0.214953,-0.322429,-4.539469,2.022624,4.602386,0.141474,1.994990,-2.992485,0.212212,-0.318317,-4.488727,2.000000,4.500000,0.001827,0.022552,-0.033828,0.002741,-0.004112,-0.050741,0.102386,0.022624
1.010000,0.113039,2.019691,-3.029537,0.169558,-0.254337,-4.544305,2.022852,4.603422,0.111535,1.996888,-2.995331,0.167302,-0.250953,-4.492997,2.000000,4.500000,0.001504,0.022804,-0.034205,0.002256,-0.003384,-0.051308,0.103422,0.022852
1.020000,0.082743,2.021387,-3.032080,0.124115,-0.186172,-4.548120,2.023080,4.604457,0.081570,1.998336,-2.997504,0.122355,-0.183533,-4.496256,2.000000,4.500000,0.001173,0.023051,-0.034576,0.001760,-0.002640,-0.051864,0.104457,0.023080
1.030000,0.052422,2.022628,-3.033942,0.078634,-0.117951,-4.550913,2.023307,4.605493,0.051587,1.999335,-2.999002,0.077380,-0.116071,-4.498503,2.000000,4.500000,0.000836,0.023293,-0.034940,0.001253,-0.001880,-0.052410,0.105493,0.023307
1.040000,0.022083,2.023414,-3.035121,0.033125,-0.049687,-4.552682,2.023535,4.606530,0.021592,1.999883,-2.999825,0.032388,-0.048583,-4.499738,2.000000,4.500000,0.000491,0.023531,-0.035296,0.000736,-0.001104,-0.052944,0.106530,0.023535
1.050000,-0.008268,2.023746,-3.035618,-0.012402,0.018603,-4.553427,2.023762,4.607566,-0.008407,1.999982,-2.999973,-0.012611,0.018916,-4.499960,2.000000,4.500000,0.000139,0.023763,-0.035645,0.000209,-0.000313,-0.053467,0.107566,0.023762
1.060000,-0.038624,2.023621,-3.035432,-0.057937,0.086905,-4.553148,2.023990,4.608603,-0.038405,1.999631,-2.999447,-0.057607,0.086411,-4.499170,2.000000,4.500000,-0.000219,0.023990,-0.035985,-0.000329,0.000494,-0.053978,0.108603,0.023990
1.070000,-0.068979,2.023042,-3.034563,-0.103468,0.155202,-4.551845,2.024218,4.609640,-0.068394,1.998830,-2.998245,-0.102591,0.153887,-4.497368,2.000000,4.500000,-0.000585,0.024212,-0.036318,-0.000877,0.001316,-0.054477,0.109640,0.024218
1.080000,-0.099324,2.022007,-3.033011,-0.148986,0.223480,-4.549517,2.024445,4.610677,-0.098368,1.997579,-2.996369,-0.147551,0.221327,-4.494554,2.000000,4.500000,-0.000957,0.024428,-0.036642,-0.001435,0.002153,-0.054963,0.110677,0.024445
1.090000,-0.129654,2.020518,-3.030776,-0.194482,0.291722,-4.546165,2.024673,4.611714,-0.128319,1.995879,-2.993819,-0.192479,0.288718,-4.490728,2.000000,4.500000,-0.001335,0.024638,-0.036957,-0.002003,0.003004,-0.055436,0.111714,0.024673
1.100000,-0.159962,2.018573,-3.027859,-0.239943,0.359915,-4.541789,2.024901,4.612752,-0.158242,1.993730,-2.990595,-0.237363,0.356044,-4.485893,2.000000,4.500000,-0.001720,0.024843,-0.037264,-0.002581,0.003871,-0.055896,0.112752,0.024901
1.110000,-0.190241,2.016173,-3.024260,-0.285361,0.428042,-4.536390,2.025129,4.613790,-0.188129,1.991132,-2.986698,-0.282193,0.423290,-4.480048,2.000000,4.500000,-0.002112,0.025041,-0.037562,-0.003168,0.004752,-0.056342,0.113790,0.025129
1.120000,-0.220483,2.013320,-3.019980,-0.330725,0.496088,-4.529969,2.025357,4.614828,-0.217974,1.988086,-2.982130,-0.326960,0.490440,-4.473194,2.000000,4.500000,-0.002510,0.025233,-0.037850,-0.003765,0.005647,-0.056775,0.114828,0.025357
1.130000,-0.250683,2.010012,-3.015019,-0.376025,0.564037,-4.522528,2.025584,4.615866,-0.247769,1.984593,-2.976890,-0.371654,0.557481,-4.465335,2.000000,4.500000,-0.002914,0.025419,-0.038129,-0.004371,0.006557,-0.057193,0.115866,0.025584
1.140000,-0.280833,2.006252,-3.009378,-0.421250,0.631875,-4.514067,2.025812,4.616905,-0.277509,1.980654,-2.970980,-0.416264,0.624395,-4.456471,2.000000,4.500000,-0.003324,0.025599,-0.038398,-0.004986,0.007480,-0.057597,0.116905,0.025812
1.150000,-0.310927,2.002040,-3.003060,-0.466391,0.699586,-4.504589,2.026040,4.617944,-0.307187,1.976268,-2.964402,-0.460780,0.691170,-4.446604,2.000000,4.500000,-0.003741,0.025771,-0.038657,-0.005611,0.008416,-0.057986,0.117944,0.026040
1.160000,-0.340958,1.997376,-2.996064,-0.511437,0.767155,-4.494096,2.026268,4.618983,-0.336795,1.971438,-2.957158,-0.505192,0.757789,-4.435736,2.000000,4.500000,-0.004163,0.025937,-0.038906,-0.006244,0.009366,-0.058359,0.118983,0.026268
1.170000,-0.370918,1.992261,-2.988392,-0.556378,0.834566,-4.482588,2.026496,4.620022,-0.366327,1.966165,-2.949247,-0.549491,0.824237,-4.423871,2.000000,4.500000,-0.004591,0.026097,-0.039145,-0.006886,0.010330,-0.058717,0.120022,0.026496
1.180000,-0.400802,1.986698,-2.980046,-0.601203,0.901805,-4.470070,2.026724,4.621061,-0.395778,1.960449,-2.940673,-0.593666,0.890500,-4.411010,2.000000,4.500000,-0.005025,0.026249,-0.039373,-0.007537,0.011306,-0.059060,0.121061,0.026724
1.190000,-0.430603,1.980686,-2.971028,-0.645904,0.968856,-4.456543,2.026952,4.622101,-0.425139,1.954292,-2.931438,-0.637708,0.956562,-4.397157,2.000000,4.500000,-0.005464,0.026394,-0.039591,-0.008196,0.012294,-0.059386,0.122101,0.026952
1.200000,-0.460313,1.974227,-2.961340,-0.690470,1.035704,-4.442010,2.027180,4.623141,-0.454404,1.947695,-2.921543,-0.681606,1.022409,-4.382314,2.000000,4.500000,-0.005909,0.026531,-0.039797,-0.008863,0.013295,-0.059695,0.123141,0.027180
1.210000,-0.489926,1.967322,-2.950983,-0.734890,1.102335,-4.426474,2.027408,4.624181,-0.483567,1.940660,-2.910991,-0.725351,1.088027,-4.366486,2.000000,4.500000,-0.006359,0.026662,-0.039992,-0.009539,0.014308,-0.059988,0.124181,0.027408
1.220000,-0.519436,1.959973,-2.939959,-0.779154,1.168732,-4.409939,2.027636,4.625222,-0.512622,1.933189,-2.899783,-0.768933,1.153399,-4.349675,2.000000,4.500000,-0.006814,0.026784,-0.040176,-0.010222,0.015333,-0.060264,0.125222,0.027636
1.230000,-0.548836,1.952181,-2.928272,-0.823254,1.234881,-4.392408,2.027864,4.626262,-0.541561,1.925282,-2.887923,-0.812341,1.218512,-4.331885,2.000000,4.500000,-0.007275,0.026899,-0.040349,-0.010912,0.016369,-0.060523,0.126262,0.027864
1.240000,-0.578119,1.943949,-2.915923,-0.867178,1.300767,-4.373885,2.028092,4.627303,-0.570378,1.916943,-2.875414,-0.855567,1.283351,-4.313121,2.000000,4.500000,-0.007740,0.027006,-0.040510,-0.011611,0.017416,-0.060764,0.127303,0.028092
1.250000,-0.607278,1.935277,-2.902916,-0.910917,1.366375,-4.354374,2.028320,4.628344,-0.599067,1.908172,-2.862257,-0.898601,1.347901,-4.293386,2.000000,4.500000,-0.008211,0.027106,-0.040658,-0.012316,0.018474,-0.060988,0.128344,0.028320
1.260000,-0.636307,1.926168,-2.889252,-0.954460,1.431691,-4.333878,2.028549,4.629386,-0.627621,1.898971,-2.848457,-0.941432,1.412148,-4.272685,2.000000,4.500000,-0.008686,0.027197,-0.040795,-0.013029,0.019543,-0.061193,0.129386,0.028549
1.270000,-0.665200,1.916623,-2.874935,-0.997799,1.496699,-4.312403,2.028777,4.630427,-0.656034,1.889344,-2.834015,-0.984051,1.476077,-4.251023,2.000000,4.500000,-0.009166,0.027280,-0.040920,-0.013748,0.020622,-0.061379,0.130427,0.028777
1.280000,-0.693949,1.906645,-2.859968,-1.040923,1.561385,-4.289952,2.029005,4.631469,-0.684299,1.879291,-2.818936,-1.026449,1.539673,-4.228405,2.000000,4.500000,-0.009650,0.027354,-0.041032,-0.014474,0.021712,-0.061547,0.131469,0.029005
1.290000,-0.722549,1.896236,-2.844354,-1.083823,1.625734,-4.266531,2.029233,4.632511,-0.712411,1.868815,-2.803223,-1.068616,1.602924,-4.204835,2.000000,4.500000,-0.010138,0.027421,-0.041131,-0.015207,0.022810,-0.061697,0.132511,0.029233
1.300000,-0.750992,1.885398,-2.828097,-1.126488,1.689732,-4.242145,2.029462,4.633554,-0.740362,1.857919,-2.786879,-1.110542,1.665814,-4.180319,2.000000,4.500000,-0.010630,0.027478,-0.041218,-0.015946,0.023918,-0.061827,0.133554,0.029462
1.310000,-0.779273,1.874133,-2.811200,-1.168910,1.753364,-4.216799,2.029690,4.634596,-0.768146,1.846605,-2.769908,-1.152219,1.728329,-4.154862,2.000000,4.500000,-0.011127,0.027528,-0.041291,-0.016690,0.025036,-0.061937,0.134596,0.029690
1.320000,-0.807385,1.862444,-2.793666,-1.211078,1.816616,-4.190499,2.029918,4.635639,-0.795758,1.834876,-2.752314,-1.193637,1.790455,-4.128471,2.000000,4.500000,-0.011627,0.027568,-0.041352,-0.017441,0.026161,-0.062028,0.135639,0.029918
1.330000,-0.835322,1.850333,-2.775500,-1.252983,1.879474,-4.163250,2.030147,4.636682,-0.823190,1.822734,-2.734100,-1.234785,1.852178,-4.101151,2.000000,4.500000,-0.012131,0.027600,-0.041399,-0.018197,0.027296,-0.062099,0.136682,0.030147
1.340000,-0.863077,1.837803,-2.756705,-1.294615,1.941923,-4.135057,2.030375,4.637725,-0.850438,1.810181,-2.715272,-1.275657,1.913485,-4.072908,2.000000,4.500000,-0.012639,0.027622,-0.041433,-0.018959,0.028438,-0.062150,0.137725,0.030375
1.350000,-0.890644,1.824857,-2.737286,-1.335966,2.003948,-4.105929,2.030603,4.638769,-0.877494,1.797221,-2.695832,-1.316241,1.974361,-4.043748,2.000000,4.500000,-0.013150,0.027636,-0.041454,-0.019725,0.029588,-0.062181,0.138769,0.030603
1.360000,-0.918017,1.811498,-2.717246,-1.377025,2.065537,-4.075869,2.030832,4.639812,-0.904352,1.783857,-2.675786,-1.356528,2.034793,-4.013679,2.000000,4.500000,-0.013664,0.027640,-0.041460,-0.020496,0.030745,-0.062190,0.139812,0.030832
1.370000,-0.945189,1.797727,-2.696591,-1.417784,2.126675,-4.044886,2.031060,4.640856,-0.931007,1.770092,-2.655138,-1.396511,2.094767,-3.982707,2.000000,4.500000,-0.014182,0.027635,-0.041453,-0.021272,0.031909,-0.062180,0.140856,0.031060
1.380000,-0.972155,1.783549,-2.675324,-1.458232,2.187349,-4.012986,2.031289,4.641901,-0.957453,1.755928,-2.633892,-1.436180,2.154269,-3.950838,2.000000,4.500000,-0.014702,0.027621,-0.041432,-0.022053,0.033079,-0.062148,0.141901,0.031289
1.390000,-0.998908,1.768967,-2.653451,-1.498362,2.247544,-3.980176,2.031517,4.642945,-0.983683,1.741369,-2.612054,-1.475525,2.213287,-3.918081,2.000000,4.500000,-0.015225,0.027598,-0.041397,-0.022837,0.034256,-0.062095,0.142945,0.031517
1.400000,-1.025443,1.753983,-2.630975,-1.538164,2.307246,-3.946463,2.031746,4.643990,-1.009692,1.726419,-2.589628,-1.514538,2.271807,-3.884442,2.000000,4.500000,-0.015751,0.027565,-0.041347,-0.023626,0.035439,-0.062021,0.143990,0.031746
1.410000,-1.051752,1.738602,-2.607903,-1.577629,2.366443,-3.911854,2.031974,4.645035,-1.035474,1.711080,-2.566620,-1.553211,2.329816,-3.849929,2.000000,4.500000,-0.016279,0.027522,-0.041283,-0.024418,0.036627,-0.061925,0.145035,0.031974
1.420000,-1.077832,1.722826,-2.584238,-1.616747,2.425121,-3.876358,2.032203,4.646080,-1.061023,1.695356,-2.543034,-1.591534,2.387301,-3.814550,2.000000,4.500000,-0.016809,0.027470,-0.041205,-0.025213,0.037820,-0.061807,0.146080,0.032203
1.430000,-1.103674,1.706658,-2.559987,-1.655511,2.483266,-3.839981,2.032432,4.647125,-1.086333,1.679250,-2.518875,-1.629499,2.444249,-3.778313,2.000000,4.500000,-0.017341,0.027408,-0.041112,-0.026012,0.039018,-0.061668,0.147125,0.032432
1.440000,-1.129274,1.690103,-2.535154,-1.693911,2.540866,-3.802732,2.032660,4.648171,-1.111398,1.662767,-2.494150,-1.667097,2.500646,-3.741226,2.000000,4.500000,-0.017875,0.027336,-0.041004,-0.026813,0.040220,-0.061506,0.148171,0.032660
1.450000,-1.154625,1.673164,-2.509746,-1.731938,2.597907,-3.764619,2.032889,4.649217,-1.136214,1.645910,-2.468864,-1.704321,2.556481,-3.703296,2.000000,4.500000,-0.018411,0.027254,-0.040882,-0.027617,0.041426,-0.061322,0.149217,0.032889
1.460000,-1.179723,1.655844,-2.483767,-1.769584,2.654376,-3.725650,2.033118,4.650263,-1.160774,1.628682,-2.443023,-1.741161,2.611741,-3.664534,2.000000,4.500000,-0.018949,0.027163,-0.040744,-0.028424,0.042635,-0.061116,0.150263,0.033118
1.470000,-1.204560,1.638149,-2.457223,-1.806841,2.710261,-3.685834,2.033346,4.651309,-1.185072,1.611088,-2.416631,-1.777609,2.666413,-3.624947,2.000000,4.500000,-0.019488,0.027061,-0.040592,-0.029232,0.043848,-0.060887,0.151309,0.033346
1.480000,-1.229133,1.620080,-2.430120,-1.843699,2.765549,-3.645181,2.033575,4.652356,-1.209105,1.593131,-2.389696,-1.813657,2.720485,-3.584545,2.000000,4.500000,-0.020028,0.026949,-0.040424,-0.030042,0.045063,-0.060636,0.152356,0.033575
1.490000,-1.253434,1.601643,-2.402465,-1.880151,2.820226,-3.603697,2.033804,4.653402,-1.232865,1.574816,-2.362224,-1.849297,2.773945,-3.543336,2.000000,4.500000,-0.020569,0.026827,-0.040241,-0.030854,0.046281,-0.060362,0.153402,0.033804
1.500000,-1.277459,1.582842,-2.374263,-1.916188,2.874282,-3.561394,2.034033,4.654449,-1.256347,1.556146,-2.334220,-1.884521,2.826781,-3.501329,2.000000,4.500000,-0.021111,0.026695,-0.040043,-0.031667,0.047500,-0.060065,0.154449,0.034033
1.510000,-1.301201,1.563680,-2.345520,-1.951802,2.927703,-3.518280,2.034261,4.655497,-1.279547,1.537127,-2.305690,-1.919321,2.878981,-3.458535,2.000000,4.500000,-0.021654,0.026553,-0.039830,-0.032481,0.048721,-0.059744,0.155497,0.034261
1.520000,-1.324656,1.544162,-2.316243,-1.986985,2.980477,-3.474364,2.034490,4.656544,-1.302459,1.517761,-2.276642,-1.953689,2.930533,-3.414963,2.000000,4.500000,-0.022197,0.026400,-0.039601,-0.033296,0.049943,-0.059401,0.156544,0.034490
1.530000,-1.347819,1.524292,-2.286438,-2.021728,3.032592,-3.429657,2.034719,4.657592,-1.325078,1.498055,-2.247082,-1.987618,2.981426,-3.370623,2.000000,4.500000,-0.022740,0.026237,-0.039356,-0.034111,0.051166,-0.059034,0.157592,0.034719
1.540000,-1.370683,1.504075,-2.256112,-2.056025,3.084037,-3.384168,2.034948,4.658640,-1.347399,1.478011,-2.217016,-2.021099,3.031648,-3.325524,2.000000,4.500000,-0.023284,0.026064,-0.039096,-0.034926,0.052389,-0.058644,0.158640,0.034948
1.550000,-1.393244,1.483514,-2.225272,-2.089866,3.134800,-3.337908,2.035177,4.659688,-1.369417,1.457634,-2.186451,-2.054126,3.081188,-3.279677,2.000000,4.500000,-0.023827,0.025880,-0.038821,-0.035741,0.053611,-0.058231,0.159688,0.035177
1.560000,-1.415497,1.462616,-2.193924,-2.123245,3.184868,-3.290886,2.035406,4.660736,-1.391127,1.436930,-2.155394,-2.086690,3.130035,-3.233092,2.000000,4.500000,-0.024370,0.025686,-0.038529,-0.036556,0.054833,-0.057794,0.160736,0.035406
1.570000,-1.437436,1.441383,-2.162075,-2.156154,3.234232,-3.243113,2.035635,4.661785,-1.412523,1.415902,-2.123853,-2.118785,3.178177,-3.185779,2.000000,4.500000,-0.024913,0.025482,-0.038222,-0.037369,0.056054,-0.057333,0.161785,0.035635
1.580000,-1.459057,1.419822,-2.129733,-2.188585,3.282878,-3.194599,2.035864,4.662834,-1.433602,1.394555,-2.091833,-2.150403,3.225605,-3.137750,2.000000,4.500000,-0.025455,0.025266,-0.037900,-0.038182,0.057273,-0.056849,0.162834,0.035864
1.590000,-1.480354,1.397936,-2.096904,-2.220531,3.330797,-3.145356,2.036093,4.663883,-1.454358,1.372895,-2.059343,-2.181538,3.272306,-3.089015,2.000000,4.500000,-0.025996,0.025041,-0.037561,-0.038994,0.058491,-0.056341,0.163883,0.036093
1.600000,-1.501323,1.375731,-2.063596,-2.251985,3.377978,-3.095394,2.036322,4.664932,-1.474787,1.350926,-2.026390,-2.212181,3.318272,-3.039584,2.000000,4.500000,-0.026536,0.024804,-0.037206,-0.039804,0.059706,-0.055810,0.164932,0.036322
1.610000,-1.521959,1.353211,-2.029816,-2.282939,3.424408,-3.044724,2.036551,4.665982,-1.494885,1.328653,-1.992980,-2.242327,3.363490,-2.989470,2.000000,4.500000,-0.027075,0.024557,-0.036836,-0.040612,0.060918,-0.055254,0.165982,0.036551
1.620000,-1.542257,1.330381,-1.995572,-2.313386,3.470079,-2.993358,2.036780,4.667032,-1.514646,1.306082,-1.959122,-2.271968,3.407952,-2.938683,2.000000,4.500000,-0.027612,0.024300,-0.036450,-0.041418,0.062127,-0.054675,0.167032,0.036780
1.630000,-1.562213,1.307248,-1.960871,-2.343320,3.514980,-2.941307,2.037009,4.668082,-1.534066,1.283216,-1.924824,-2.301098,3.451648,-2.887235,2.000000,4.500000,-0.028148,0.024032,-0.036048,-0.042221,0.063332,-0.054072,0.168082,0.037009
1.640000,-1.581822,1.283814,-1.925722,-2.372733,3.559099,-2.888582,2.037238,4.669132,-1.553141,1.260061,-1.890092,-2.329711,3.494566,-2.835138,2.000000,4.500000,-0.028681,0.023753,-0.035630,-0.043022,0.064533,-0.053444,0.169132,0.037238
1.650000,-1.601079,1.260087,-1.890131,-2.401619,3.602428,-2.835196,2.037467,4.670183,-1.571866,1.236623,-1.854935,-2.357799,3.536699,-2.782402,2.000000,4.500000,-0.029213,0.023464,-0.035196,-0.043820,0.065729,-0.052793,0.170183,0.037467
1.660000,-1.619980,1.236071,-1.854106,-2.429971,3.644956,-2.781159,2.037697,4.671234,-1.590238,1.212907,-1.819361,-2.385357,3.578035,-2.729041,2.000000,4.500000,-0.029743,0.023164,-0.034746,-0.044614,0.066921,-0.052119,0.171234,0.037697
1.670000,-1.638521,1.211771,-1.817657,-2.457782,3.686673,-2.726485,2.037926,4.672285,-1.608252,1.188918,-1.783377,-2.412378,3.618567,-2.675065,2.000000,4.500000,-0.030270,0.022853,-0.034280,-0.045404,0.068107,-0.051420,0.172285,0.037926
1.680000,-1.656698,1.187193,-1.780790,-2.485047,3.727571,-2.671185,2.038155,4.673336,-1.625904,1.164661,-1.746992,-2.438856,3.658284,-2.620488,2.000000,4.500000,-0.030794,0.022532,-0.033798,-0.046191,0.069286,-0.050697,0.173336,0.038155
1.690000,-1.674506,1.162343,-1.743514,-2.511759,3.767638,-2.615271,2.038384,4.674387,-1.643190,1.140143,-1.710214,-2.464786,3.697178,-2.565321,2.000000,4.500000,-0.031316,0.022200,-0.033300,-0.046973,0.070460,-0.049950,0.174387,0.038384
1.700000,-1.691941,1.137225,-1.705838,-2.537912,3.806867,-2.558757,2.038614,4.675439,-1.660107,1.115367,-1.673051,-2.490161,3.735241,-2.509577,2.000000,4.500000,-0.031834,0.021858,-0.032787,-0.047751,0.071627,-0.049180,0.175439,0.038614
1.710000,-1.708999,1.111846,-1.667769,-2.563499,3.845249,-2.501654,2.038843,4.676491,-1.676650,1.090341,-1.635512,-2.514975,3.772463,-2.453268,2.000000,4.500000,-0.032349,0.021505,-0.032257,-0.048524,0.072786,-0.048386,0.176491,0.038843
1.720000,-1.725677,1.086211,-1.629317,-2.588516,3.882774,-2.443975,2.039072,4.677543,-1.692816,1.065070,-1.597605,-2.539224,3.808836,-2.396407,2.000000,4.500000,-0.032861,0.021141,-0.031712,-0.049292,0.073937,-0.047568,0.177543,0.039072
1.730000,-1.741970,1.060326,-1.590489,-2.612955,3.919433,-2.385733,2.039302,4.678596,-1.708601,1.039559,-1.559338,-2.562902,3.844352,-2.339007,2.000000,4.500000,-0.033369,0.020767,-0.031151,-0.050054,0.075081,-0.046726,0.178596,0.039302
1.740000,-1.757875,1.034196,-1.551295,-2.636813,3.955219,-2.326942,2.039531,4.679648,-1.724002,1.013814,-1.520721,-2.586003,3.879004,-2.281081,2.000000,4.500000,-0.033874,0.020383,-0.030574,-0.050810,0.076215,-0.045861,0.179648,0.039531
1.750000,-1.773388,1.007828,-1.511742,-2.660082,3.990123,-2.267614,2.039761,4.680701,-1.739014,0.987841,-1.481761,-2.608522,3.912782,-2.222641,2.000000,4.500000,-0.034374,0.019988,-0.029982,-0.051561,0.077341,-0.044972,0.180701,0.039761
1.760000,-1.788506,0.981227,-1.471841,-2.682758,4.024138,-2.207762,2.039990,4.681755,-1.753636,0.961645,-1.442468,-2.630454,3.945681,-2.163702,2.000000,4.500000,-0.034870,0.019582,-0.029373,-0.052305,0.078457,-0.044060,0.181755,0.039990
1.770000,-1.803224,0.954400,-1.431600,-2.704836,4.057254,-2.147400,2.040220,4.682808,-1.767863,0.935233,-1.402850,-2.651794,3.977691,-2.104275,2.000000,4.500000,-0.035361,0.019166,-0.028750,-0.053042,0.079563,-0.043124,0.182808,0.040220
1.780000,-1.817540,0.927352,-1.391027,-2.726310,4.089465,-2.086541,2.040449,4.683862,-1.781692,0.908611,-1.362917,-2.672538,4.008806,-2.044376,2.000000,4.500000,-0.035848,0.018740,-0.028110,-0.053772,0.080659,-0.042165,0.183862,0.040449
1.790000,-1.831450,0.900088,-1.350133,-2.747175,4.120763,-2.025199,2.040679,4.684915,-1.795120,0.881785,-1.322677,-2.692680,4.039020,-1.984016,2.000000,4.500000,-0.036330,0.018304,-0.027456,-0.054495,0.081743,-0.041183,0.184915,0.040679
1.800000,-1.844952,0.872617,-1.308925,-2.767427,4.151141,-1.963388,2.040908,4.685970,-1.808144,0.854760,-1.282140,-2.712216,4.068325,-1.923209,2.000000,4.500000,-0.036807,0.017857,-0.026785,-0.055211,0.082816,-0.040178,0.185970,0.040908
1.810000,-1.858041,0.844942,-1.267414,-2.787061,4.180592,-1.901120,2.041138,4.687024,-1.820762,0.827542,-1.241314,-2.731143,4.096714,-1.861971,2.000000,4.500000,-0.037279,0.017400,-0.026100,-0.055919,0.083878,-0.039150,0.187024,0.041138
1.820000,-1.870715,0.817072,-1.225608,-2.806072,4.209109,-1.838412,2.041367,4.688078,-1.832970,0.800139,-1.200208,-2.749454,4.124182,-1.800313,2.000000,4.500000,-0.037745,0.016933,-0.025399,-0.056618,0.084927,-0.038099,0.188078,0.041367
1.830000,-1.882971,0.789011,-1.183517,-2.824457,4.236685,-1.775275,2.041597,4.689133,-1.844765,0.772555,-1.158833,-2.767148,4.150721,-1.738250,2.000000,4.500000,-0.038206,0.016456,-0.024683,-0.057309,0.085964,-0.037025,0.189133,0.041597
1.840000,-1.894806,0.760766,-1.141150,-2.842209,4.263314,-1.711725,2.041827,4.690188,-1.856145,0.744798,-1.117197,-2.784218,4.176327,-1.675796,2.000000,4.500000,-0.038661,0.015968,-0.023953,-0.057991,0.086987,-0.035929,0.190188,0.041827
1.850000,-1.906218,0.732344,-1.098517,-2.859327,4.288990,-1.647775,2.042056,4.691244,-1.867108,0.716873,-1.075310,-2.800662,4.200993,-1.612965,2.000000,4.500000,-0.039110,0.015471,-0.023207,-0.058664,0.087997,-0.034810,0.191244,0.042056
1.860000,-1.917203,0.703751,-1.055627,-2.875804,4.313707,-1.583440,2.042286,4.692299,-1.877651,0.688787,-1.033180,-2.816476,4.224714,-1.549771,2.000000,4.500000,-0.039552,0.014964,-0.022446,-0.059328,0.088992,-0.033669,0.192299,0.042286
1.870000,-1.927759,0.674993,-1.012490,-2.891639,4.337458,-1.518734,2.042516,4.693355,-1.887771,0.660546,-0.990819,-2.831656,4.247485,-1.486228,2.000000,4.500000,-0.039988,0.014447,-0.021671,-0.059982,0.089973,-0.032507,0.193355,0.042516
1.880000,-1.937884,0.646077,-0.969115,-2.906826,4.360239,-1.453673,2.042746,4.694411,-1.897466,0.632156,-0.948234,-2.846200,4.269299,-1.422351,2.000000,4.500000,-0.040418,0.013921,-0.020881,-0.060626,0.090940,-0.031322,0.194411,0.042746
1.890000,-1.947575,0.617008,-0.925513,-2.921363,4.382044,-1.388269,2.042975,4.695467,-1.906735,0.603624,-0.905436,-2.860102,4.290154,-1.358154,2.000000,4.500000,-0.040840,0.013385,-0.020077,-0.061260,0.091891,-0.030115,0.195467,0.042975
1.900000,-1.956830,0.587795,-0.881692,-2.935246,4.402868,-1.322538,2.043205,4.696524,-1.915574,0.574956,-0.862434,-2.873362,4.310043,-1.293651,2.000000,4.500000,-0.041256,0.012839,-0.019258,-0.061884,0.092826,-0.028887,0.196524,0.043205
1.910000,-1.965647,0.558442,-0.837664,-2.948471,4.422706,-1.256495,2.043435,4.697580,-1.923983,0.546159,-0.819238,-2.885974,4.328962,-1.228857,2.000000,4.500000,-0.041664,0.012284,-0.018425,-0.062496,0.093745,-0.027638,0.197580,0.043435
1.920000,-1.974024,0.528958,-0.793436,-2.961036,4.441554,-1.190155,2.043665,4.698637,-1.931959,0.517239,-0.775858,-2.897938,4.346907,-1.163787,2.000000,4.500000,-0.042065,0.011719,-0.017578,-0.063098,0.094647,-0.026368,0.198637,0.043665
1.930000,-1.981958,0.499347,-0.749021,-2.972937,4.459406,-1.123531,2.043895,4.699695,-1.939500,0.488202,-0.732303,-2.909249,4.363874,-1.098455,2.000000,4.500000,-0.042459,0.011145,-0.016718,-0.063688,0.095532,-0.025076,0.199695,0.043895
1.940000,-1.989448,0.469618,-0.704427,-2.984173,4.476259,-1.056640,2.044125,4.700752,-1.946604,0.459056,-0.688584,-2.919906,4.379859,-1.032876,2.000000,4.500000,-0.042844,0.010562,-0.015843,-0.064266,0.096400,-0.023765,0.200752,0.044125
1.950000,-1.996493,0.439776,-0.659664,-2.994739,4.492109,-0.989496,2.044355,4.701810,-1.953271,0.429806,-0.644709,-2.929906,4.394859,-0.967064,2.000000,4.500000,-0.043222,0.009970,-0.014955,-0.064833,0.097250,-0.022432,0.201810,0.044355
1.960000,-2.003089,0.409829,-0.614743,-3.004634,4.506951,-0.922115,2.044585,4.702868,-1.959498,0.400460,-0.600690,-2.939247,4.408870,-0.901035,2.000000,4.500000,-0.043592,0.009369,-0.014053,-0.065387,0.098081,-0.021080,0.202868,0.044585
1.970000,-2.009237,0.379782,-0.569674,-3.013855,4.520783,-0.854511,2.044815,4.703926,-1.965284,0.371024,-0.556535,-2.947926,4.421889,-0.834803,2.000000,4.500000,-0.043953,0.008759,-0.013138,-0.065929,0.098894,-0.019708,0.203926,0.044815
1.980000,-2.014934,0.349644,-0.524466,-3.022400,4.533600,-0.786699,2.045045,4.704984,-1.970628,0.341504,-0.512255,-2.955942,4.433913,-0.768383,2.000000,4.500000,-0.044305,0.008140,-0.012210,-0.066458,0.099687,-0.018316,0.204984,0.045045
1.990000,-2.020178,0.319420,-0.479130,-3.030267,4.545401,-0.718695,2.045275,4.706043,-1.975529,0.311907,-0.467860,-2.963293,4.444940,-0.701791,2.000000,4.500000,-0.044649,0.007513,-0.011269,-0.066974,0.100461,-0.016904,0.206043,0.045275
2.000000,-2.024970,0.289117,-0.433676,-3.037454,4.556181,-0.650514,2.045505,4.707102,-1.979985,0.282240,-0.423360,-2.969977,4.454966,-0.635040,2.000000,4.500000,-0.044985,0.006877,-0.010316,-0.067477,0.101215,-0.015474,0.207102,0.045505
2.010000,-2.029306,0.258743,-0.388114,-3.043959,4.565939,-0.582171,2.045735,4.708161,-1.983996,0.252510,-0.378764,-2.975994,4.463990,-0.568147,2.000000,4.500000,-0.045311,0.006233,-0.009350,-0.067966,0.101949,-0.014024,0.208161,0.045735
2.020000,-2.033187,0.228303,-0.342455,-3.049781,4.574672,-0.513682,2.045965,4.709220,-1.987560,0.222722,-0.334084,-2.981340,4.472010,-0.501125,2.000000,4.500000,-0.045627,0.005581,-0.008371,-0.068441,0.102662,-0.012557,0.209220,0.045965
2.030000,-2.036612,0.197805,-0.296708,-3.054918,4.582377,-0.445062,2.046195,4.710280,-1.990677,0.192885,-0.289328,-2.986016,4.479024,-0.433991,2.000000,4.500000,-0.045935,0.004920,-0.007380,-0.068902,0.103353,-0.011071,0.210280,0.046195
2.040000,-2.039579,0.167256,-0.250884,-3.059369,4.589053,-0.376326,2.046425,4.711339,-1.993346,0.163004,-0.244506,-2.990019,4.485029,-0.366760,2.000000,4.500000,-0.046233,0.004252,-0.006378,-0.069349,0.104024,-0.009567,0.211339,0.046425
2.050000,-2.042088,0.136662,-0.204994,-3.063132,4.594698,-0.307490,2.046656,4.712399,-1.995567,0.133087,-0.199630,-2.993351,4.490026,-0.299446,2.000000,4.500000,-0.046521,0.003576,-0.005363,-0.069781,0.104672,-0.008045,0.212399,0.046656
2.060000,-2.044138,0.106031,-0.159047,-3.066207,4.599310,-0.238570,2.046886,4.713460,-1.997339,0.103140,-0.154709,-2.996008,4.494012,-0.232064,2.000000,4.500000,-0.046799,0.002892,-0.004337,-0.070199,0.105298,-0.006506,0.213460,0.046886
2.070000,-2.045728,0.075369,-0.113054,-3.068592,4.602889,-0.169580,2.047116,4.714520,-1.998661,0.073169,-0.109753,-2.997992,4.496988,-0.164630,2.000000,4.500000,-0.047067,0.002200,-0.003300,-0.070601,0.105901,-0.004950,0.214520,0.047116
2.080000,-2.046859,0.044683,-0.067025,-3.070288,4.605432,-0.100537,2.047346,4.715581,-1.999534,0.043182,-0.064773,-2.999301,4.498951,-0.097159,2.000000,4.500000,-0.047325,0.001501,-0.002252,-0.070988,0.106481,-0.003378,0.215581,0.047346
2.090000,-2.047529,0.013980,-0.020970,-3.071294,4.606940,-0.031456,2.047577,4.716642,-1.999957,0.013185,-0.019778,-2.999935,4.499902,-0.029667,2.000000,4.500000,-0.047573,0.000795,-0.001193,-0.071359,0.107038,-0.001789,0.216642,0.047577
2.100000,-2.047739,-0.016733,0.025099,-3.071608,4.607412,0.037649,2.047807,4.717703,-1.999929,-0.016814,0.025222,-2.999894,4.499841,0.037833,2.000000,4.500000,-0.047809,0.000082,-0.000123,-0.071714,0.107571,-0.000184,0.217703,0.047807
2.110000,-2.047488,-0.047449,0.071173,-3.071232,4.606847,0.106760,2.048037,4.718765,-1.999452,-0.046810,0.070216,-2.999178,4.498767,0.105323,2.000000,4.500000,-0.048036,-0.000638,0.000958,-0.072053,0.108080,0.001436,0.218765,0.048037
2.120000,-2.046776,-0.078161,0.117242,-3.070164,4.605246,0.175862,2.048268,4.719826,-1.998525,-0.076796,0.115194,-2.997788,4.496681,0.172791,2.000000,4.500000,-0.048251,-0.001365,0.002048,-0.072376,0.108565,0.003072,0.219826,0.048268
2.130000,-2.045604,-0.108863,0.163294,-3.068405,4.602608,0.244941,2.048498,4.720888,-1.997148,-0.106764,0.160146,-2.995722,4.493584,0.240219,2.000000,4.500000,-0.048455,-0.002099,0.003148,-0.072683,0.109024,0.004722,0.220888,0.048498
2.140000,-2.043971,-0.139547,0.209320,-3.065956,4.598934,0.313980,2.048729,4.721951,-1.995322,-0.136708,0.205062,-2.992983,4.489475,0.307593,2.000000,4.500000,-0.048648,-0.002839,0.004258,-0.072973,0.109459,0.006387,0.221951,0.048729
2.150000,-2.041877,-0.170206,0.255310,-3.062816,4.594224,0.382964,2.048959,4.723013,-1.993047,-0.166621,0.249932,-2.989571,4.484356,0.374898,2.000000,4.500000,-0.048830,-0.003585,0.005378,-0.073245,0.109868,0.008066,0.223013,0.048959
2.160000,-2.039324,-0.200835,0.301252,-3.058987,4.588480,0.451878,2.049190,4.724076,-1.990324,-0.196497,0.294746,-2.985486,4.478229,0.442119,2.000000,4.500000,-0.049001,-0.004337,0.006506,-0.073501,0.110251,0.009759,0.224076,0.049190
2.170000,-2.036312,-0.231424,0.347137,-3.054468,4.581702,0.520705,2.049420,4.725139,-1.987153,-0.226329,0.339493,-2.980729,4.471093,0.509240,2.000000,4.500000,-0.049159,-0.005096,0.007643,-0.073739,0.110608,0.011465,0.225139,0.049420
2.180000,-2.032840,-0.261969,0.392954,-3.049261,4.573891,0.589430,2.049651,4.726202,-1.983534,-0.256110,0.384164,-2.975301,4.462952,0.576246,2.000000,4.500000,-0.049306,-0.005860,0.008789,-0.073959,0.110939,0.013184,0.226202,0.049651
2.190000,-2.028911,-0.292462,0.438693,-3.043366,4.565050,0.658039,2.049881,4.727265,-1.979470,-0.285833,0.428749,-2.969204,4.453806,0.643123,2.000000,4.500000,-0.049441,-0.006629,0.009944,-0.074162,0.111243,0.014915,0.227265,0.049881
2.200000,-2.024524,-0.322895,0.484343,-3.036786,4.555179,0.726515,2.050112,4.728329,-1.974960,-0.315491,0.473237,-2.962439,4.443659,0.709856,2.000000,4.500000,-0.049564,-0.007404,0.011106,-0.074347,0.111520,0.016659,0.228329,0.050112
2.210000,-2.019681,-0.353263,0.529895,-3.029521,4.544281,0.794842,2.050343,4.729393,-1.970005,-0.345079,0.517619,-2.955008,4.432512,0.776428,2.000000,4.500000,-0.049675,-0.008184,0.012276,-0.074513,0.111770,0.018414,0.229393,0.050343
2.220000,-2.014382,-0.383558,0.575338,-3.021572,4.532359,0.863006,2.050573,4.730457,-1.964608,-0.374589,0.561884,-2.946911,4.420367,0.842826,2.000000,4.500000,-0.049774,-0.008969,0.013454,-0.074661,0.111992,0.020180,0.230457,0.050573
2.230000,-2.008628,-0.413774,0.620661,-3.012942,4.519414,0.930992,2.050804,4.731521,-1.958768,-0.404015,0.606023,-2.938152,4.407228,0.909034,2.000000,4.500000,-0.049860,-0.009759,0.014638,-0.074791,0.112186,0.021958,0.231521,0.050804
2.240000,-2.002422,-0.443904,0.665855,-3.003633,4.505449,0.998783,2.051035,4.732586,-1.952488,-0.433350,0.650025,-2.928731,4.393097,0.975038,2.000000,4.500000,-0.049934,-0.010553,0.015830,-0.074901,0.112352,0.023745,0.232586,0.051035
2.250000,-1.995763,-0.473940,0.710910,-2.993645,4.490467,1.066365,2.051265,4.733651,-1.945768,-0.462588,0.693881,-2.918652,4.377978,1.040822,2.000000,4.500000,-0.049995,-0.011352,0.017028,-0.074993,0.112489,0.025543,0.233651,0.051265
2.260000,-1.988654,-0.503876,0.755814,-2.982981,4.474472,1.133722,2.051496,4.734716,-1.938610,-0.491721,0.737582,-2.907916,4.361873,1.106372,2.000000,4.500000,-0.050044,-0.012155,0.018233,-0.075065,0.112598,0.027349,0.234716,0.051496
2.270000,-1.981096,-0.533706,0.800559,-2.971644,4.457466,1.200839,2.051727,4.735781,-1.931017,-0.520744,0.781116,-2.896525,4.344788,1.171673,2.000000,4.500000,-0.050079,-0.012962,0.019444,-0.075119,0.112678,0.029165,0.235781,0.051727
2.280000,-1.973090,-0.563423,0.845134,-2.959635,4.439453,1.267701,2.051958,4.736847,-1.922989,-0.549649,0.824474,-2.884483,4.326725,1.236711,2.000000,4.500000,-0.050102,-0.013773,0.020660,-0.075152,0.112729,0.030990,0.236847,0.051958
2.290000,-1.964639,-0.593019,0.889528,-2.946958,4.420438,1.334293,2.052188,4.737912,-1.914528,-0.578431,0.867647,-2.871792,4.307688,1.301470,2.000000,4.500000,-0.050111,-0.014588,0.021882,-0.075166,0.112750,0.032822,0.237912,0.052188
2.300000,-1.955744,-0.622489,0.933733,-2.933615,4.400423,1.400599,2.052419,4.738978,-1.905636,-0.607083,0.910625,-2.858455,4.287682,1.365937,2.000000,4.500000,-0.050107,-0.015405,0.023108,-0.075161,0.112741,0.034662,0.238978,0.052419
2.310000,-1.946406,-0.651825,0.977737,-2.919609,4.379414,1.466606,2.052650,4.740045,-1.896316,-0.635598,0.953397,-2.844474,4.266711,1.430096,2.000000,4.500000,-0.050090,-0.016226,0.024340,-0.075135,0.112703,0.036510,0.240045,0.052650
2.320000,-1.936629,-0.681021,1.021531,-2.904943,4.357415,1.532297,2.052881,4.741111,-1.886569,-0.663970,0.995956,-2.829854,4.244781,1.493933,2.000000,4.500000,-0.050060,-0.017050,0.025576,-0.075090,0.112634,0.038363,0.241111,0.052881
2.330000,-1.926414,-0.710070,1.065105,-2.889620,4.334431,1.597658,2.053112,4.742178,-1.876398,-0.692193,1.038290,-2.814597,4.221895,1.557435,2.000000,4.500000,-0.050016,-0.017877,0.026816,-0.075024,0.112536,0.040223,0.242178,0.053112
2.340000,-1.915763,-0.738966,1.108450,-2.873644,4.310466,1.662674,2.053343,4.743245,-1.865804,-0.720260,1.080390,-2.798706,4.198059,1.620585,2.000000,4.500000,-0.049958,-0.018706,0.028059,-0.074938,0.112406,0.042089,0.243245,0.053343
2.350000,-1.904678,-0.767703,1.151554,-2.857017,4.285526,1.727331,2.053574,4.744312,-1.854791,-0.748165,1.122248,-2.782186,4.173279,1.683372,2.000000,4.500000,-0.049887,-0.019538,0.029306,-0.074831,0.112246,0.043960,0.244312,0.053574
2.360000,-1.893163,-0.796273,1.194410,-2.839744,4.259616,1.791614,2.053805,4.745380,-1.843360,-0.775902,1.163853,-2.765040,4.147560,1.745779,2.000000,4.500000,-0.049802,-0.020371,0.030557,-0.074704,0.112056,0.045835,0.245380,0.053805
2.370000,-1.881218,-0.824670,1.237006,-2.821828,4.232742,1.855509,2.054036,4.746447,-1.831515,-0.803464,1.205196,-2.747272,4.120908,1.807794,2.000000,4.500000,-0.049704,-0.021207,0.031810,-0.074556,0.111834,0.047715,0.246447,0.054036
2.380000,-1.868848,-0.852889,1.279333,-2.803273,4.204909,1.919000,2.054267,4.747515,-1.819257,-0.830845,1.246268,-2.728886,4.093328,1.869402,2.000000,4.500000,-0.049591,-0.022044,0.033065,-0.074387,0.111581,0.049598,0.247515,0.054267
2.390000,-1.856055,-0.880921,1.321382,-2.784083,4.176124,1.982073,2.054498,4.748583,-1.806590,-0.858040,1.287059,-2.709885,4.064828,1.930589,2.000000,4.500000,-0.049465,-0.022882,0.034323,-0.074197,0.111296,0.051484,0.248583,0.054498
2.400000,-1.842841,-0.908762,1.363143,-2.764262,4.146393,2.044715,2.054729,4.749652,-1.793517,-0.885041,1.327561,-2.690275,4.035413,1.991342,2.000000,4.500000,-0.049324,-0.023721,0.035582,-0.073987,0.110980,0.053373,0.249652,0.054729
2.410000,-1.829210,-0.936405,1.404607,-2.743815,4.115722,2.106911,2.054961,4.750721,-1.780040,-0.911843,1.367765,-2.670060,4.005090,2.051647,2.000000,4.500000,-0.049170,-0.024562,0.036843,-0.073755,0.110632,0.055264,0.250721,0.054961
2.420000,-1.815164,-0.963843,1.445765,-2.722746,4.084118,2.168647,2.055192,4.751789,-1.766163,-0.938440,1.407660,-2.649244,3.973866,2.111490,2.000000,4.500000,-0.049001,-0.025403,0.038104,-0.073502,0.110253,0.057157,0.251789,0.055192
2.430000,-1.800706,-0.991071,1.486606,-2.701059,4.051589,2.229909,2.055423,4.752859,-1.751888,-0.964826,1.447239,-2.627832,3.941748,2.170858,2.000000,4.500000,-0.048818,-0.026245,0.039367,-0.073227,0.109841,0.059050,0.252859,0.055423
2.440000,-1.785840,-1.018081,1.527122,-2.678760,4.018140,2.290682,2.055654,4.753928,-1.737219,-0.990995,1.486492,-2.605828,3.908742,2.229738,2.000000,4.500000,-0.048621,-0.027086,0.040630,-0.072932,0.109398,0.060944,0.253928,0.055654
2.450000,-1.770569,-1.044869,1.567303,-2.655853,3.983780,2.350955,2.055885,4.754998,-1.722159,-1.016941,1.525411,-2.583239,3.874858,2.288116,2.000000,4.500000,-0.048410,-0.027928,0.041892,-0.072615,0.108922,0.062838,0.254998,0.055885
2.460000,-1.754896,-1.071427,1.607141,-2.632344,3.948516,2.410711,2.056117,4.756067,-1.706712,-1.042658,1.563986,-2.560068,3.840102,2.345980,2.000000,4.500000,-0.048184,-0.028770,0.043154,-0.072276,0.108414,0.064732,0.256067,0.056117
2.470000,-1.738824,-1.097751,1.646626,-2.608237,3.912355,2.469939,2.056348,4.757138,-1.690881,-1.068140,1.602210,-2.536321,3.804481,2.403315,2.000000,4.500000,-0.047944,-0.029611,0.044416,-0.071916,0.107874,0.066624,0.257138,0.056348
2.480000,-1.722358,-1.123833,1.685750,-2.583537,3.875306,2.528624,2.056579,4.758208,-1.674669,-1.093382,1.640073,-2.512003,3.768005,2.460110,2.000000,4.500000,-0.047689,-0.030451,0.045676,-0.071534,0.107301,0.068515,0.258208,0.056579
2.490000,-1.705501,-1.149668,1.724503,-2.558251,3.837376,2.586754,2.056811,4.759279,-1.658080,-1.118378,1.677567,-2.487120,3.730681,2.516351,2.000000,4.500000,-0.047420,-0.031290,0.046935,-0.071131,0.106696,0.070403,0.259279,0.056811
2.500000,-1.688256,-1.175251,1.762876,-2.532383,3.798575,2.644315,2.057042,4.760349,-1.641119,-1.143123,1.714684,-2.461678,3.692517,2.572026,2.000000,4.500000,-0.047137,-0.032128,0.048192,-0.070705,0.106058,0.072289,0.260349,0.057042
2.510000,-1.670627,-1.200575,1.800862,-2.505940,3.758910,2.701293,2.057273,4.761420,-1.623788,-1.167610,1.751415,-2.435682,3.653523,2.627122,2.000000,4.500000,-0.046839,-0.032965,0.049447,-0.070258,0.105388,0.074171,0.261420,0.057273
2.520000,-1.652618,-1.225634,1.838451,-2.478927,3.718391,2.757677,2.057505,4.762492,-1.606092,-1.191834,1.787752,-2.409138,3.613706,2.681628,2.000000,4.500000,-0.046526,-0.033800,0.050700,-0.069790,0.104685,0.076049,0.262492,0.057505
2.530000,-1.634234,-1.250423,1.875635,-2.451351,3.677026,2.813453,2.057736,4.763563,-1.588034,-1.215791,1.823686,-2.382051,3.573077,2.735529,2.000000,4.500000,-0.046200,-0.034633,0.051949,-0.069299,0.103949,0.077923,0.263563,0.057736
2.540000,-1.615477,-1.274937,1.912405,-2.423216,3.634824,2.868608,2.057968,4.764635,-1.569619,-1.239474,1.859211,-2.354429,3.531644,2.788816,2.000000,4.500000,-0.045858,-0.035463,0.053195,-0.068787,0.103180,0.079792,0.264635,0.057968
2.550000,-1.596353,-1.299169,1.948754,-2.394530,3.591795,2.923130,2.058199,4.765707,-1.550851,-1.262878,1.894316,-2.326277,3.489416,2.841475,2.000000,4.500000,-0.045502,-0.036291,0.054437,-0.068253,0.102379,0.081656,0.265707,0.058199
2.560000,-1.576866,-1.323114,1.984672,-2.365299,3.547948,2.977007,2.058431,4.766779,-1.531734,-1.285997,1.928996,-2.297602,3.446403,2.893494,2.000000,4.500000,-0.045131,-0.037117,0.055675,-0.067697,0.101545,0.083513,0.266779,0.058431
2.570000,-1.557019,-1.346767,2.020151,-2.335529,3.503293,3.030227,2.058662,4.767852,-1.512273,-1.308828,1.963242,-2.268409,3.402614,2.944863,2.000000,4.500000,-0.044746,-0.037939,0.056909,-0.067119,0.100679,0.085364,0.267852,0.058662
2.580000,-1.536818,-1.370123,2.055184,-2.305226,3.457839,3.082776,2.058894,4.768925,-1.492471,-1.331364,1.997046,-2.238707,3.358060,2.995569,2.000000,4.500000,-0.044346,-0.038759,0.058138,-0.066520,0.099779,0.087207,0.268925,0.058894
2.590000,-1.516266,-1.393175,2.089762,-2.274399,3.411598,3.134644,2.059126,4.769998,-1.472333,-1.353600,2.030401,-2.208500,3.312750,3.045601,2.000000,4.500000,-0.043932,-0.039575,0.059362,-0.065898,0.098847,0.089043,0.269998,0.059126
2.600000,-1.495368,-1.415919,2.123878,-2.243052,3.364578,3.185818,2.059357,4.771071,-1.451865,-1.375532,2.063298,-2.177797,3.266695,3.094948,2.000000,4.500000,-0.043503,-0.040387,0.060580,-0.065255,0.097883,0.090870,0.271071,0.059357
2.610000,-1.474129,-1.438349,2.157524,-2.211194,3.316791,3.236286,2.059589,4.772145,-1.431069,-1.397155,2.095732,-2.146604,3.219905,3.143598,2.000000,4.500000,-0.043060,-0.041195,0.061792,-0.064590,0.096886,0.092688,0.272145,0.059589
2.620000,-1.452554,-1.460461,2.190692,-2.178831,3.268247,3.286038,2.059821,4.773218,-1.409952,-1.418463,2.127694,-2.114927,3.172391,3.191541,2.000000,4.500000,-0.042603,-0.041999,0.062998,-0.063904,0.095856,0.094497,0.273218,0.059821
2.630000,-1.430647,-1.482250,2.223375,-2.145971,3.218956,3.335062,2.060052,4.774292,-1.388517,-1.439452,2.159178,-2.082775,3.124163,3.238766,2.000000,4.500000,-0.042130,-0.042798,0.064197,-0.063196,0.094793,0.096295,0.274292,0.060052
2.640000,-1.408413,-1.503709,2.255564,-2.112620,3.168930,3.383346,2.060284,4.775366,-1.366770,-1.460117,2.190175,-2.050154,3.075232,3.285263,2.000000,4.500000,-0.041644,-0.043593,0.065389,-0.062466,0.093698,0.098083,0.275366,0.060284
2.650000,-1.385858,-1.524836,2.287253,-2.078787,3.118180,3.430880,2.060516,4.776441,-1.344715,-1.480453,2.220680,-2.017072,3.025609,3.331020,2.000000,4.500000,-0.041143,-0.044382,0.066574,-0.061714,0.092571,0.099860,0.276441,0.060516
2.660000,-1.362985,-1.545623,2.318435,-2.044478,3.066717,3.477653,2.060748,4.777516,-1.322358,-1.500457,2.250685,-1.983537,2.975305,3.376027,2.000000,4.500000,-0.040628,-0.045167,0.067750,-0.060941,0.091412,0.101625,0.277516,0.060748
2.670000,-1.339801,-1.566068,2.349102,-2.009701,3.014552,3.523654,2.060979,4.778591,-1.299703,-1.520122,2.280184,-1.949554,2.924332,3.420276,2.000000,4.500000,-0.040098,-0.045946,0.068919,-0.060147,0.090220,0.103378,0.278591,0.060979
2.680000,-1.316310,-1.586165,2.379248,-1.974465,2.961697,3.568872,2.061211,4.779666,-1.276756,-1.539446,2.309169,-1.915134,2.872700,3.463754,2.000000,4.500000,-0.039554,-0.046719,0.070078,-0.059331,0.088997,0.105118,0.279666,0.061211
2.690000,-1.292517,-1.605910,2.408865,-1.938776,2.908164,3.613297,2.061443,4.780741,-1.253521,-1.558424,2.337636,-1.880282,2.820423,3.506453,2.000000,4.500000,-0.038996,-0.047486,0.071229,-0.058494,0.087741,0.106844,0.280741,0.061443
2.700000,-1.268429,-1.625298,2.437946,-1.902643,2.853965,3.656920,2.061675,4.781817,-1.230005,-1.577051,2.365576,-1.845007,2.767511,3.548364,2.000000,4.500000,-0.038424,-0.048247,0.072371,-0.057636,0.086454,0.108556,0.281817,0.061675
2.710000,-1.244049,-1.644324,2.466486,-1.866074,2.799111,3.699729,2.061907,4.782893,-1.206212,-1.595322,2.392984,-1.809317,2.713976,3.589476,2.000000,4.500000,-0.037838,-0.049002,0.073502,-0.056757,0.085135,0.110254,0.282893,0.061907
2.720000,-1.219384,-1.662985,2.494477,-1.829077,2.743615,3.741716,2.062139,4.783969,-1.182147,-1.613235,2.419853,-1.773220,2.659830,3.629780,2.000000,4.500000,-0.037238,-0.049749,0.074624,-0.055856,0.083784,0.111936,0.283969,0.062139
2.730000,-1.194440,-1.681276,2.521913,-1.791659,2.687489,3.782870,2.062371,4.785045,-1.157816,-1.630786,2.446178,-1.736724,2.605087,3.669267,2.000000,4.500000,-0.036623,-0.050490,0.075735,-0.054935,0.082403,0.113603,0.285045,0.062371
2.740000,-1.169220,-1.699192,2.548788,-1.753831,2.630746,3.823182,2.062603,4.786122,-1.133225,-1.647969,2.471953,-1.699838,2.549757,3.707930,2.000000,4.500000,-0.035995,-0.051223,0.076835,-0.053993,0.080989,0.115253,0.286122,0.062603
2.750000,-1.143733,-1.716730,2.575096,-1.715599,2.573398,3.862644,2.062835,4.787199,-1.108379,-1.664781,2.497172,-1.662569,2.493853,3.745757,2.000000,4.500000,-0.035354,-0.051949,0.077924,-0.053030,0.079545,0.116886,0.287199,0.062835
2.760000,-1.117982,-1.733886,2.600830,-1.676972,2.515459,3.901245,2.063067,4.788276,-1.083284,-1.681219,2.521828,-1.624925,2.437388,3.782742,2.000000,4.500000,-0.034698,-0.052668,0.079002,-0.052047,0.078071,0.118502,0.288276,0.063067
2.770000,-1.091973,-1.750656,2.625984,-1.637960,2.456940,3.938976,2.063299,4.789353,-1.057944,-1.697278,2.545917,-1.586917,2.380375,3.818876,2.000000,4.500000,-0.034029,-0.053378,0.080067,-0.051043,0.076565,0.120100,0.289353,0.063299
2.780000,-1.065713,-1.767036,2.650554,-1.598570,2.397855,3.975831,2.063531,4.790431,-1.032367,-1.712956,2.569434,-1.548551,2.322826,3.854151,2.000000,4.500000,-0.033346,-0.054080,0.081120,-0.050020,0.075029,0.121680,0.290431,0.063531
2.790000,-1.039208,-1.783022,2.674532,-1.558812,2.338218,4.011798,2.063763,4.791509,-1.006558,-1.728248,2.592372,-1.509836,2.264755,3.888558,2.000000,4.500000,-0.032650,-0.054773,0.082160,-0.048975,0.073463,0.123240,0.291509,0.063763
2.800000,-1.012463,-1.798610,2.697914,-1.518694,2.278041,4.046872,2.063995,4.792587,-0.980522,-1.743152,2.614727,-1.470782,2.206174,3.922091,2.000000,4.500000,-0.031941,-0.055458,0.083187,-0.047911,0.071867,0.124781,0.292587,0.063995
2.810000,-0.985483,-1.813797,2.720695,-1.478225,2.217338,4.081042,2.064228,4.793665,-0.954265,-1.757663,2.636494,-1.431398,2.147096,3.954741,2.000000,4.500000,-0.031218,-0.056134,0.084201,-0.046828,0.070242,0.126301,0.293665,0.064228
2.820000,-0.958277,-1.828579,2.742868,-1.437415,2.156122,4.114302,2.064460,4.794744,-0.927794,-1.771778,2.657668,-1.391691,2.087536,3.986501,2.000000,4.500000,-0.030483,-0.056800,0.085201,-0.045724,0.068586,0.127801,0.294744,0.064460
2.830000,-0.930848,-1.842953,2.764429,-1.396272,2.094408,4.146644,2.064692,4.795823,-0.901114,-1.785495,2.678243,-1.351671,2.027506,4.017365,2.000000,4.500000,-0.029734,-0.057457,0.086186,-0.044601,0.066902,0.129279,0.295823,0.064692
2.840000,-0.903204,-1.856916,2.785374,-1.354805,2.032208,4.178060,2.064924,4.796902,-0.874231,-1.798811,2.698216,-1.311346,1.967019,4.047324,2.000000,4.500000,-0.028973,-0.058105,0.087157,-0.043459,0.065189,0.130736,0.296902,0.064924
2.850000,-0.875350,-1.870464,2.805696,-1.313025,1.969537,4.208543,2.065157,4.797981,-0.847151,-1.811721,2.717582,-1.270727,1.906091,4.076373,2.000000,4.500000,-0.028198,-0.058742,0.088113,-0.042298,0.063447,0.132170,0.297981,0.065157
2.860000,-0.847293,-1.883594,2.825391,-1.270939,1.906409,4.238086,2.065389,4.799060,-0.819881,-1.824224,2.736337,-1.229822,1.844733,4.104505,2.000000,4.500000,-0.027412,-0.059370,0.089054,-0.041117,0.061676,0.133582,0.299060,0.065389
2.870000,-0.819039,-1.896303,2.844455,-1.228558,1.842838,4.266683,2.065621,4.800140,-0.792427,-1.836317,2.754475,-1.188640,1.782960,4.131713,2.000000,4.500000,-0.026612,-0.059986,0.089980,-0.039918,0.059878,0.134969,0.300140,0.065621
2.880000,-0.790594,-1.908589,2.862883,-1.185892,1.778837,4.294325,2.065854,4.801220,-0.764794,-1.847996,2.771994,-1.147191,1.720786,4.157992,2.000000,4.500000,-0.025801,-0.060593,0.090889,-0.038701,0.058051,0.136333,0.301220,0.065854
2.890000,-0.761966,-1.920448,2.880672,-1.142948,1.714423,4.321008,2.066086,4.802301,-0.736989,-1.859260,2.788890,-1.105483,1.658225,4.183335,2.000000,4.500000,-0.024977,-0.061188,0.091782,-0.037465,0.056198,0.137673,0.302301,0.066086
2.900000,-0.733159,-1.931877,2.897816,-1.099738,1.649607,4.346724,2.066318,4.803381,-0.709018,-1.870105,2.805158,-1.063527,1.595291,4.207737,2.000000,4.500000,-0.024141,-0.061772,0.092658,-0.036211,0.054317,0.138987,0.303381,0.066318
2.910000,-0.704181,-1.942875,2.914312,-1.056271,1.584407,4.371468,2.066551,4.804462,-0.680888,-1.880530,2.820794,-1.021332,1.531998,4.231192,2.000000,4.500000,-0.023293,-0.062345,0.093518,-0.034939,0.052409,0.140276,0.304462,0.066551
2.920000,-0.675038,-1.953437,2.930156,-1.012556,1.518835,4.395234,2.066783,4.805543,-0.652604,-1.890531,2.835797,-0.978907,1.468360,4.253695,2.000000,4.500000,-0.022433,-0.062906,0.094360,-0.033650,0.050475,0.141539,0.305543,0.066783
2.930000,-0.645736,-1.963563,2.945345,-0.968604,1.452906,4.418017,2.067016,4.806624,-0.624174,-1.900107,2.850161,-0.936261,1.404392,4.275241,2.000000,4.500000,-0.021562,-0.063456,0.095184,-0.032343,0.048514,0.142776,0.306624,0.067016
2.940000,-0.616283,-1.973249,2.959874,-0.924424,1.386636,4.439810,2.067248,4.807706,-0.595603,-1.909256,2.863883,-0.893405,1.340107,4.295825,2.000000,4.500000,-0.020679,-0.063994,0.095990,-0.031019,0.046528,0.143985,0.307706,0.067248
2.950000,-0.586684,-1.982493,2.973740,-0.880026,1.320039,4.460610,2.067481,4.808787,-0.566899,-1.917974,2.876962,-0.850348,1.275522,4.315443,2.000000,4.500000,-0.019785,-0.064519,0.096778,-0.029678,0.044517,0.145167,0.308787,0.067481
2.960000,-0.556946,-1.991294,2.986940,-0.835420,1.253129,4.480410,2.067714,4.809869,-0.538066,-1.926262,2.889393,-0.807099,1.210649,4.334089,2.000000,4.500000,-0.018880,-0.065032,0.097548,-0.028320,0.042481,0.146321,0.309869,0.067714
2.970000,-0.527077,-1.999648,2.999472,-0.790616,1.185923,4.499207,2.067946,4.810951,-0.509113,-1.934116,2.901174,-0.763669,1.145504,4.351761,2.000000,4.500000,-0.017964,-0.065532,0.098298,-0.026946,0.040419,0.147447,0.310951,0.067946
2.980000,-0.497082,-2.007554,3.011331,-0.745623,1.118435,4.516996,2.068179,4.812034,-0.480045,-1.941535,2.912302,-0.720067,1.080101,4.368453,2.000000,4.500000,-0.017037,-0.066019,0.099029,-0.025556,0.038334,0.148543,0.312034,0.068179
2.990000,-0.466969,-2.015010,3.022515,-0.700454,1.050680,4.533773,2.068411,4.813117,-0.450869,-1.948517,2.922775,-0.676303,1.014455,4.384162,2.000000,4.500000,-0.016100,-0.066493,0.099740,-0.024150,0.036225,0.149610,0.313117,0.068411
3.000000,-0.436744,-2.022015,3.033022,-0.655116,0.982674,4.549533,2.068644,4.814200,-0.421592,-1.955060,2.932590,-0.632387,0.948581,4.398886,2.000000,4.500000,-0.015152,-0.066954,0.100432,-0.022728,0.034093,0.150647,0.314200,0.068644
3.010000,-0.406414,-2.028566,3.042849,-0.609620,0.914431,4.564273,2.068877,4.815283,-0.392219,-1.961164,2.941746,-0.588329,0.882494,4.412619,2.000000,4.500000,-0.014194,-0.067402,0.101103,-0.021291,0.031937,0.151654,0.315283,0.068877
3.020000,-0.375985,-2.034662,3.051993,-0.563978,0.845967,4.577990,2.069110,4.816366,-0.362759,-1.966826,2.950240,-0.544138,0.816207,4.425359,2.000000,4.500000,-0.013226,-0.067836,0.101753,-0.019839,0.029759,0.152630,0.316366,0.069110
3.030000,-0.345465,-2.040302,3.060453,-0.518198,0.777297,4.590679,2.069342,4.817450,-0.333217,-1.972046,2.958069,-0.499825,0.749738,4.437104,2.000000,4.500000,-0.012248,-0.068256,0.102383,-0.018373,0.027559,0.153575,0.317450,0.069342
3.040000,-0.314861,-2.045484,3.068226,-0.472291,0.708437,4.602339,2.069575,4.818534,-0.303600,-1.976823,2.965234,-0.455400,0.683099,4.447851,2.000000,4.500000,-0.011261,-0.068661,0.102992,-0.016891,0.025337,0.154488,0.318534,0.069575
3.050000,-0.284178,-2.050207,3.075310,-0.426268,0.639401,4.612965,2.069808,4.819618,-0.273914,-1.981154,2.971731,-0.410872,0.616307,4.457596,2.000000,4.500000,-0.010264,-0.069053,0.103579,-0.015396,0.023094,0.155369,0.319618,0.069808
3.060000,-0.253425,-2.054469,3.081704,-0.380138,0.570207,4.622556,2.070041,4.820702,-0.244167,-1.985040,2.977559,-0.366251,0.549376,4.466339,2.000000,4.500000,-0.009258,-0.069430,0.104145,-0.013887,0.020831,0.156217,0.320702,0.070041
3.070000,-0.222608,-2.058271,3.087406,-0.333912,0.500869,4.631109,2.070274,4.821787,-0.214365,-1.988479,2.982718,-0.321548,0.482322,4.474077,2.000000,4.500000,-0.008243,-0.069792,0.104688,-0.012364,0.018547,0.157032,0.321787,0.070274
3.080000,-0.191734,-2.061610,3.092415,-0.287601,0.431402,4.638622,2.070507,4.822872,-0.184515,-1.991470,2.987206,-0.276773,0.415159,4.480808,2.000000,4.500000,-0.007219,-0.070140,0.105209,-0.010829,0.016243,0.157814,0.322872,0.070507
3.090000,-0.160810,-2.064486,3.096729,-0.241215,0.361823,4.645093,2.070739,4.823957,-0.154624,-1.994014,2.991021,-0.231935,0.347903,4.486531,2.000000,4.500000,-0.006187,-0.070472,0.105708,-0.009280,0.013920,0.158562,0.323957,0.070739
3.100000,-0.129843,-2.066898,3.100347,-0.194764,0.292146,4.650521,2.070972,4.825043,-0.124697,-1.996109,2.994163,-0.187046,0.280568,4.491245,2.000000,4.500000,-0.005146,-0.070789,0.106184,-0.007719,0.011578,0.159276,0.325043,0.070972
3.110000,-0.098839,-2.068846,3.103269,-0.148259,0.222388,4.654903,2.071205,4.826128,-0.094742,-1.997755,2.996632,-0.142114,0.213171,4.494948,2.000000,4.500000,-0.004097,-0.071091,0.106636,-0.006145,0.009218,0.159955,0.326128,0.071205
3.120000,-0.067807,-2.070328,3.105492,-0.101710,0.152565,4.658239,2.071438,4.827214,-0.064767,-1.998951,2.998427,-0.097150,0.145725,4.497640,2.000000,4.500000,-0.003040,-0.071377,0.107066,-0.004560,0.006840,0.160599,0.327214,0.071438
3.130000,-0.036752,-2.071345,3.107018,-0.055128,0.082691,4.660527,2.071671,4.828300,-0.034776,-1.999698,2.999546,-0.052164,0.078246,4.499320,2.000000,4.500000,-0.001976,-0.071648,0.107472,-0.002963,0.004445,0.161207,0.328300,0.071671
3.140000,-0.005682,-2.071897,3.107845,-0.008522,0.012783,4.661767,2.071904,4.829387,-0.004778,-1.999994,2.999991,-0.007167,0.010750,4.499987,2.000000,4.500000,-0.000904,-0.071902,0.107854,-0.001355,0.002033,0.161780,0.329387,0.071904
3.150000,0.025397,-2.071982,3.107973,0.038095,-0.057143,4.661959,2.072138,4.830473,0.025221,-1.999841,2.999761,0.037832,-0.056748,4.499642,2.000000,4.500000,0.000176,-0.072141,0.108211,0.000263,-0.000395,0.162317,0.330473,0.072138
3.160000,0.056477,-2.071601,3.107401,0.084715,-0.127072,4.661102,2.072371,4.831560,0.055215,-1.999238,2.998857,0.082823,-0.124234,4.498285,2.000000,4.500000,0.001262,-0.072363,0.108545,0.001892,-0.002839,0.162817,0.331560,0.072371
3.170000,0.087551,-2.070754,3.106131,0.131326,-0.196989,4.659196,2.072604,4.832647,0.085196,-1.998185,2.997277,0.127794,-0.191692,4.495915,2.000000,4.500000,0.002354,-0.072569,0.108854,0.003532,-0.005297,0.163281,0.332647,0.072604
3.180000,0.118612,-2.069441,3.104161,0.177918,-0.266877,4.656241,2.072837,4.833734,0.115158,-1.996682,2.995023,0.172737,-0.259106,4.492534,2.000000,4.500000,0.003454,-0.072759,0.109138,0.005180,-0.007771,0.163707,0.333734,0.072837
3.190000,0.149654,-2.067661,3.101492,0.224480,-0.336721,4.652238,2.073070,4.834822,0.145094,-1.994730,2.992095,0.217642,-0.326463,4.488142,2.000000,4.500000,0.004559,-0.072931,0.109397,0.006839,-0.010258,0.164096,0.334822,0.073070
3.200000,0.180668,-2.065417,3.098125,0.271003,-0.406504,4.647187,2.073303,4.835910,0.174998,-1.992329,2.988494,0.262497,-0.393745,4.482741,2.000000,4.500000,0.005671,-0.073087,0.109631,0.008506,-0.012759,0.164446,0.335910,0.073303
3.210000,0.211650,-2.062707,3.094060,0.317475,-0.476212,4.641090,2.073537,4.836998,0.204862,-1.989480,2.984220,0.307293,-0.460940,4.476330,2.000000,4.500000,0.006788,-0.073226,0.109839,0.010181,-0.015272,0.164759,0.336998,0.073537
3.220000,0.242590,-2.059532,3.089298,0.363886,-0.545828,4.633946,2.073770,4.838086,0.234680,-1.986184,2.979275,0.352020,-0.528030,4.468913,2.000000,4.500000,0.007910,-0.073348,0.110022,0.011865,-0.017798,0.165033,0.338086,0.073770
3.230000,0.273483,-2.055893,3.083839,0.410225,-0.615337,4.625759,2.074003,4.839175,0.264445,-1.982440,2.973660,0.396668,-0.595002,4.460490,2.000000,4.500000,0.009038,-0.073453,0.110179,0.013557,-0.020335,0.165269,0.339175,0.074003
3.240000,0.304322,-2.051791,3.077686,0.456483,-0.684724,4.616529,2.074236,4.840264,0.294151,-1.978251,2.967376,0.441227,-0.661840,4.451064,2.000000,4.500000,0.010171,-0.073540,0.110310,0.015256,-0.022884,0.165465,0.340264,0.074236
3.250000,0.335099,-2.047226,3.070839,0.502648,-0.753972,4.606258,2.074470,4.841353,0.323791,-1.973616,2.960424,0.485686,-0.728529,4.440636,2.000000,4.500000,0.011308,-0.073610,0.110415,0.016962,-0.025443,0.165622,0.341353,0.074470
3.260000,0.365807,-2.042199,3.063299,0.548710,-0.823066,4.594949,2.074703,4.842442,0.353357,-1.968537,2.952806,0.530036,-0.795054,4.429209,2.000000,4.500000,0.012450,-0.073662,0.110493,0.018674,-0.028012,0.165740,0.342442,0.074703
3.270000,0.396440,-2.036712,3.055068,0.594660,-0.891990,4.582603,2.074936,4.843532,0.382845,-1.963016,2.944523,0.574267,-0.861400,4.416785,2.000000,4.500000,0.013595,-0.073697,0.110545,0.020393,-0.030590,0.165818,0.343532,0.074936
3.280000,0.426991,-2.030766,3.046148,0.640486,-0.960729,4.569223,2.075170,4.844621,0.412246,-1.957052,2.935578,0.618368,-0.927553,4.403368,2.000000,4.500000,0.014745,-0.073713,0.110570,0.022118,-0.033176,0.165855,0.344621,0.075170
3.290000,0.457452,-2.024361,3.036541,0.686178,-1.029267,4.554812,2.075403,4.845711,0.441554,-1.950649,2.925973,0.662331,-0.993496,4.388959,2.000000,4.500000,0.015898,-0.073712,0.110568,0.023847,-0.035771,0.165852,0.345711,0.075403
3.300000,0.487818,-2.017499,3.026249,0.731726,-1.097589,4.539373,2.075637,4.846802,0.470763,-1.943806,2.915709,0.706144,-1.059216,4.373564,2.000000,4.500000,0.017055,-0.073693,0.110539,0.025582,-0.038373,0.165809,0.346802,0.075637
3.310000,0.518080,-2.010182,3.015273,0.777120,-1.165680,4.522909,2.075870,4.847892,0.499866,-1.936526,2.904789,0.749799,-1.124698,4.357184,2.000000,4.500000,0.018214,-0.073655,0.110483,0.027321,-0.040982,0.165725,0.347892,0.075870
3.320000,0.548233,-2.002411,3.003616,0.822349,-1.233524,4.505424,2.076104,4.848983,0.528856,-1.928811,2.893216,0.793285,-1.189927,4.339824,2.000000,4.500000,0.019376,-0.073600,0.110400,0.029064,-0.043597,0.165600,0.348983,0.076104
3.330000,0.578269,-1.994187,2.991281,0.867403,-1.301105,4.486921,2.076337,4.850074,0.557728,-1.920661,2.880992,0.836592,-1.254888,4.321488,2.000000,4.500000,0.020541,-0.073526,0.110289,0.030811,-0.046217,0.165433,0.350074,0.076337
3.340000,0.608182,-1.985513,2.978270,0.912273,-1.368409,4.467404,2.076571,4.851165,0.586474,-1.912080,2.868119,0.879711,-1.319567,4.302179,2.000000,4.500000,0.021708,-0.073434,0.110150,0.032561,-0.048842,0.165225,0.351165,0.076571
3.350000,0.637964,-1.976390,2.964585,0.956947,-1.435420,4.446878,2.076805,4.852257,0.615088,-1.903068,2.854601,0.922632,-1.383949,4.281902,2.000000,4.500000,0.022876,-0.073323,0.109984,0.034314,-0.051471,0.164976,0.352257,0.076805
3.360000,0.667610,-1.966821,2.950231,1.001415,-1.502123,4.425347,2.077038,4.853349,0.643564,-1.893628,2.840441,0.965346,-1.448019,4.260662,2.000000,4.500000,0.024046,-0.073193,0.109790,0.036069,-0.054104,0.164685,0.353349,0.077038
3.370000,0.697113,-1.956807,2.935210,1.045669,-1.568503,4.402815,2.077272,4.854441,0.671895,-1.883761,2.825642,1.007843,-1.511764,4.238463,2.000000,4.500000,0.025218,-0.073045,0.109568,0.037826,-0.056740,0.164352,0.354441,0.077272
3.380000,0.726465,-1.946350,2.919525,1.089697,-1.634545,4.379287,2.077506,4.855533,0.700075,-1.873471,2.810207,1.050112,-1.575168,4.215311,2.000000,4.500000,0.026390,-0.072879,0.109318,0.039585,-0.059377,0.163977,0.355533,0.077506
3.390000,0.755660,-1.935453,2.903180,1.133490,-1.700235,4.354769,2.077739,4.856625,0.728097,-1.862760,2.794140,1.092146,-1.638218,4.191210,2.000000,4.500000,0.027563,-0.072693,0.109040,0.041344,-0.062016,0.163559,0.356625,0.077739
3.400000,0.784692,-1.924118,2.886177,1.177038,-1.765556,4.329266,2.077973,4.857718,0.755955,-1.851629,2.777444,1.133933,-1.700900,4.166166,2.000000,4.500000,0.028736,-0.072489,0.108733,0.043104,-0.064657,0.163100,0.357718,0.077973
3.410000,0.813553,-1.912348,2.868522,1.220330,-1.830495,4.302782,2.078207,4.858811,0.783644,-1.840082,2.760123,1.175466,-1.763199,4.140185,2.000000,4.500000,0.029910,-0.072266,0.108398,0.044864,-0.067297,0.162598,0.358811,0.078207
3.420000,0.842239,-1.900144,2.850217,1.263358,-1.895037,4.275325,2.078440,4.859904,0.811156,-1.828121,2.742181,1.216734,-1.825101,4.113272,2.000000,4.500000,0.031083,-0.072024,0.108035,0.046624,-0.069936,0.162053,0.359904,0.078440
3.430000,0.870741,-1.887511,2.831266,1.306111,-1.959167,4.246899,2.078674,4.860998,0.838485,-1.815748,2.723623,1.257728,-1.886592,4.085434,2.000000,4.500000,0.032255,-0.071762,0.107644,0.048383,-0.072575,0.161466,0.360998,0.078674
3.440000,0.899054,-1.874450,2.811675,1.348580,-2.022870,4.217512,2.078908,4.862091,0.865626,-1.802967,2.704451,1.298439,-1.947659,4.056676,2.000000,4.500000,0.033427,-0.071482,0.107224,0.050141,-0.075211,0.160835,0.362091,0.078908
3.450000,0.927170,-1.860964,2.791446,1.390755,-2.086133,4.187169,2.079142,4.863185,0.892572,-1.789781,2.684671,1.338859,-2.008288,4.027006,2.000000,4.500000,0.034598,-0.071183,0.106775,0.051897,-0.077845,0.160163,0.363185,0.079142
3.460000,0.955085,-1.847056,2.770585,1.432627,-2.148941,4.155877,2.079376,4.864280,0.919318,-1.776191,2.664287,1.378977,-2.068465,3.996430,2.000000,4.500000,0.035767,-0.070865,0.106298,0.053651,-0.080476,0.159447,0.364280,0.079376
3.470000,0.982791,-1.832730,2.749095,1.474186,-2.211279,4.123643,2.079610,4.865374,0.945856,-1.762202,2.643303,1.418784,-2.128176,3.964955,2.000000,4.500000,0.036934,-0.070528,0.105792,0.055402,-0.083102,0.158688,0.365374,0.079610
3.480000,1.010282,-1.817988,2.726982,1.515422,-2.273133,4.090474,2.079844,4.866469,0.972182,-1.747817,2.621725,1.458273,-2.187409,3.932587,2.000000,4.500000,0.038100,-0.070172,0.105258,0.057150,-0.085724,0.157886,0.366469,0.079844
3.490000,1.037551,-1.802834,2.704251,1.556327,-2.334491,4.056377,2.080078,4.867564,0.998289,-1.733038,2.599557,1.497433,-2.246150,3.899335,2.000000,4.500000,0.039263,-0.069796,0.104694,0.058894,-0.088341,0.157042,0.367564,0.080078
3.500000,1.064594,-1.787271,2.680906,1.596891,-2.395336,4.021359,2.080312,4.868659,1.024171,-1.717869,2.576803,1.536256,-2.304385,3.865205,2.000000,4.500000,0.040423,-0.069402,0.104103,0.060634,-0.090952,0.156154,0.368659,0.080312
3.510000,1.091403,-1.771302,2.656953,1.637104,-2.455657,3.985429,2.080546,4.869754,1.049823,-1.702314,2.553471,1.574734,-2.362101,3.830206,2.000000,4.500000,0.041580,-0.068988,0.103482,0.062370,-0.093555,0.155223,0.369754,0.080546
3.520000,1.117972,-1.754931,2.632396,1.676959,-2.515438,3.948594,2.080780,4.870850,1.075238,-1.686375,2.529563,1.612858,-2.419287,3.794345,2.000000,4.500000,0.042734,-0.068555,0.102833,0.064101,-0.096152,0.154249,0.370850,0.080780
3.530000,1.144296,-1.738161,2.607242,1.716445,-2.574667,3.910863,2.081014,4.871946,1.100412,-1.670058,2.505087,1.650618,-2.475927,3.757630,2.000000,4.500000,0.043884,-0.068103,0.102155,0.065826,-0.098740,0.153233,0.371946,0.081014
3.540000,1.170369,-1.720997,2.581495,1.755553,-2.633330,3.872243,2.081248,4.873042,1.125338,-1.653364,2.480047,1.688007,-2.532011,3.720070,2.000000,4.500000,0.045031,-0.067632,0.101449,0.067546,-0.101319,0.152173,0.373042,0.081248
3.550000,1.196184,-1.703441,2.555162,1.794276,-2.691414,3.832743,2.081482,4.874139,1.150011,-1.636299,2.454448,1.725017,-2.587525,3.681673,2.000000,4.500000,0.046173,-0.067142,0.100714,0.069259,-0.103888,0.151070,0.374139,0.081482
3.560000,1.221735,-1.685498,2.528248,1.832603,-2.748905,3.792372,2.081716,4.875235,1.174425,-1.618865,2.428298,1.761638,-2.642457,3.642447,2.000000,4.500000,0.047310,-0.066633,0.099950,0.070965,-0.106447,0.149925,0.375235,0.081716
3.570000,1.247018,-1.667172,2.500759,1.870527,-2.805790,3.751138,2.081950,4.876332,1.198575,-1.601067,2.401601,1.797863,-2.696795,3.602402,2.000000,4.500000,0.048442,-0.066105,0.099157,0.072664,-0.108996,0.148736,0.376332,0.081950
3.580000,1.272025,-1.648467,2.472701,1.908038,-2.862057,3.709051,2.082185,4.877429,1.222456,-1.582909,2.374364,1.833683,-2.750525,3.561546,2.000000,4.500000,0.049570,-0.065558,0.098337,0.074355,-0.111532,0.147505,0.377429,0.082185
3.590000,1.296752,-1.629387,2.444080,1.945129,-2.917693,3.666120,2.082419,4.878527,1.246061,-1.564395,2.346593,1.869091,-2.803637,3.519889,2.000000,4.500000,0.050692,-0.064992,0.097487,0.076037,-0.114056,0.146231,0.378527,0.082419
3.600000,1.321193,-1.609936,2.414903,1.981790,-2.972685,3.622355,2.082653,4.879625,1.269386,-1.545529,2.318293,1.904079,-2.856118,3.477440,2.000000,4.500000,0.051808,-0.064407,0.096610,0.077711,-0.116567,0.144915,0.379625,0.082653
3.610000,1.345342,-1.590118,2.385176,2.018013,-3.027020,3.577765,2.082887,4.880722,1.292425,-1.526315,2.289473,1.938638,-2.907956,3.434209,2.000000,4.500000,0.052917,-0.063803,0.095704,0.079376,-0.119064,0.143556,0.380722,0.082887
3.620000,1.369194,-1.569937,2.354906,2.053791,-3.080687,3.532359,2.083122,4.881821,1.315173,-1.506758,2.260137,1.972760,-2.959140,3.390205,2.000000,4.500000,0.054021,-0.063180,0.094770,0.081031,-0.121546,0.142155,0.381821,0.083122
3.630000,1.392743,-1.549400,2.324099,2.089115,-3.133672,3.486149,2.083356,4.882919,1.337626,-1.486861,2.230292,2.006439,-3.009659,3.345438,2.000000,4.500000,0.055117,-0.062538,0.093807,0.082676,-0.124013,0.140711,0.382919,0.083356
3.640000,1.415984,-1.528508,2.292763,2.123976,-3.185964,3.439144,2.083590,4.884018,1.359778,-1.466630,2.199946,2.039666,-3.059500,3.299918,2.000000,4.500000,0.056206,-0.061878,0.092817,0.084310,-0.126465,0.139226,0.384018,0.083590
3.650000,1.438912,-1.507269,2.260903,2.158368,-3.237551,3.391355,2.083825,4.885117,1.381623,-1.446070,2.169104,2.072435,-3.108652,3.253656,2.000000,4.500000,0.057288,-0.061199,0.091799,0.085933,-0.128899,0.137698,0.385117,0.083825
3.660000,1.461521,-1.485685,2.228527,2.192281,-3.288422,3.342791,2.084059,4.886216,1.403158,-1.425183,2.137775,2.104737,-3.157106,3.206662,2.000000,4.500000,0.058363,-0.060502,0.090753,0.087544,-0.131316,0.136129,0.386216,0.084059
3.670000,1.483806,-1.463762,2.195643,2.225709,-3.338564,3.293465,2.084294,4.887315,1.424377,-1.403976,2.105965,2.136566,-3.204849,3.158947,2.000000,4.500000,0.059429,-0.059786,0.089679,0.089143,-0.133715,0.134518,0.387315,0.084294
3.680000,1.505762,-1.441505,2.162258,2.258644,-3.387966,3.243386,2.084528,4.888415,1.445276,-1.382454,2.073680,2.167914,-3.251871,3.110520,2.000000,4.500000,0.060487,-0.059052,0.088577,0.090730,-0.136095,0.132866,0.388415,0.084528
3.690000,1.527385,-1.418919,2.128378,2.291078,-3.436616,3.192567,2.084763,4.889515,1.465849,-1.360620,2.040930,2.198774,-3.298161,3.061394,2.000000,4.500000,0.061536,-0.058299,0.087448,0.092304,-0.138456,0.131173,0.389515,0.084763
3.700000,1.548669,-1.396008,2.094012,2.323003,-3.484505,3.141018,2.084997,4.890615,1.486093,-1.338480,2.007720,2.229139,-3.343709,3.011579,2.000000,4.500000,0.062576,-0.057528,0.086292,0.093864,-0.140796,0.129438,0.390615,0.084997
3.710000,1.569609,-1.372778,2.059167,2.354413,-3.531620,3.088750,2.085232,4.891715,1.506002,-1.316039,1.974058,2.259003,-3.388505,2.961087,2.000000,4.500000,0.063607,-0.056739,0.085109,0.095410,-0.143115,0.127663,0.391715,0.085232
3.720000,1.590201,-1.349234,2.023851,2.385301,-3.577951,3.035776,2.085466,4.892816,1.525573,-1.293301,1.939952,2.288359,-3.432538,2.909928,2.000000,4.500000,0.064628,-0.055932,0.083899,0.096942,-0.145413,0.125848,0.392816,0.085466
3.730000,1.610439,-1.325381,1.988071,2.415659,-3.623488,2.982107,2.085701,4.893917,1.544800,-1.270273,1.905410,2.317200,-3.475799,2.858115,2.000000,4.500000,0.065639,-0.055108,0.082661,0.098459,-0.147689,0.123992,0.393917,0.085701
3.740000,1.630320,-1.301224,1.951836,2.445480,-3.668220,2.927754,2.085936,4.895018,1.563679,-1.246959,1.870439,2.345519,-3.518278,2.805658,2.000000,4.500000,0.066641,-0.054265,0.081398,0.099961,-0.149941,0.122096,0.395018,0.085936
3.750000,1.649838,-1.276769,1.915154,2.474757,-3.712136,2.872731,2.086170,4.896119,1.582207,-1.223364,1.835047,2.373311,-3.559966,2.752570,2.000000,4.500000,0.067631,-0.053405,0.080107,0.101447,-0.152170,0.120161,0.396119,0.086170
3.760000,1.668990,-1.252022,1.878033,2.503485,-3.755227,2.817049,2.086405,4.897221,1.600379,-1.199495,1.799242,2.400568,-3.600852,2.698863,2.000000,4.500000,0.068611,-0.052527,0.078791,0.102916,-0.154374,0.118186,0.397221,0.086405
3.770000,1.687770,-1.226987,1.840480,2.531655,-3.797483,2.760721,2.086640,4.898323,1.618191,-1.175355,1.763032,2.427286,-3.640929,2.644549,2.000000,4.500000,0.069579,-0.051632,0.077448,0.104369,-0.156554,0.116172,0.398323,0.086640
3.780000,1.706175,-1.201670,1.802506,2.559262,-3.838893,2.703758,2.086874,4.899425,1.635638,-1.150951,1.726426,2.453457,-3.680186,2.589639,2.000000,4.500000,0.070537,-0.050720,0.076079,0.105805,-0.158708,0.114119,0.399425,0.086874
3.790000,1.724200,-1.176078,1.764117,2.586300,-3.879450,2.646175,2.087109,4.900527,1.652718,-1.126288,1.689431,2.479077,-3.718615,2.534147,2.000000,4.500000,0.071482,-0.049790,0.074685,0.107223,-0.160835,0.112028,0.400527,0.087109
3.800000,1.741841,-1.150215,1.725322,2.612762,-3.919142,2.587983,2.087344,4.901630,1.669426,-1.101371,1.652057,2.504138,-3.756208,2.478085,2.000000,4.500000,0.072416,-0.048844,0.073265,0.108623,-0.162935,0.109898,0.401630,0.087344
3.810000,1.759094,-1.124087,1.686131,2.638641,-3.957962,2.529196,2.087579,4.902733,1.685758,-1.076207,1.614310,2.528637,-3.792955,2.421465,2.000000,4.500000,0.073337,-0.047880,0.071821,0.110005,-0.165007,0.107731,0.402733,0.087579
3.820000,1.775956,-1.097701,1.646551,2.663933,-3.995900,2.469827,2.087814,4.903836,1.701711,-1.050800,1.576200,2.552566,-3.828849,2.364301,2.000000,4.500000,0.074245,-0.046900,0.070351,0.111368,-0.167051,0.105526,0.403836,0.087814
3.830000,1.792421,-1.071061,1.606592,2.688632,-4.032948,2.409888,2.088048,4.904939,1.717281,-1.025157,1.537736,2.575921,-3.863881,2.306604,2.000000,4.500000,0.075141,-0.045904,0.068856,0.112711,-0.169066,0.103284,0.404939,0.088048
3.840000,1.808487,-1.044175,1.566263,2.712731,-4.069096,2.349394,2.088283,4.906043,1.732464,-0.999284,1.498926,2.598696,-3.898044,2.248388,2.000000,4.500000,0.076023,-0.044891,0.067337,0.114034,-0.171052,0.101005,0.406043,0.088283
3.850000,1.824150,-1.017048,1.525572,2.736225,-4.104337,2.288357,2.088518,4.907147,1.747258,-0.973185,1.459778,2.620887,-3.931330,2.189667,2.000000,4.500000,0.076892,-0.043862,0.065794,0.115338,-0.173006,0.098690,0.407147,0.088518
3.860000,1.839405,-0.989685,1.484528,2.759108,-4.138662,2.226792,2.088753,4.908251,1.761659,-0.946868,1.420302,2.642488,-3.963732,2.130453,2.000000,4.500000,0.077747,-0.042817,0.064226,0.116620,-0.174930,0.096339,0.408251,0.088753
3.870000,1.854251,-0.962094,1.443142,2.781376,-4.172064,2.164712,2.088988,4.909355,1.775663,-0.920338,1.380506,2.663494,-3.995242,2.070760,2.000000,4.500000,0.078588,-0.041757,0.062635,0.117882,-0.176823,0.093953,0.409355,0.088988
3.880000,1.868682,-0.934281,1.401421,2.803023,-4.204535,2.102131,2.089223,4.910460,1.789268,-0.893600,1.340400,2.683902,-4.025852,2.010600,2.000000,4.500000,0.079414,-0.040681,0.061021,0.119122,-0.178682,0.091531,0.410460,0.089223
3.890000,1.882696,-0.906250,1.359376,2.824044,-4.236067,2.039063,2.089458,4.911565,1.802470,-0.866662,1.299992,2.703705,-4.055557,1.949989,2.000000,4.500000,0.080226,-0.039589,0.059383,0.120340,-0.180509,0.089075,0.411565,0.089458
3.900000,1.896290,-0.878010,1.317015,2.844435,-4.266653,1.975522,2.089693,4.912670,1.815267,-0.839528,1.259292,2.722900,-4.084350,1.888938,2.000000,4.500000,0.081024,-0.038482,0.057723,0.121535,-0.182303,0.086584,0.412670,0.089693
3.910000,1.909460,-0.849566,1.274348,2.864190,-4.296285,1.911523,2.089928,4.913775,1.827655,-0.812206,1.218308,2.741482,-4.112223,1.827463,2.000000,4.500000,0.081805,-0.037360,0.056040,0.122708,-0.184062,0.084060,0.413775,0.089928
3.920000,1.922204,-0.820924,1.231386,2.883306,-4.324958,1.847078,2.090163,4.914881,1.839632,-0.784700,1.177051,2.759448,-4.139172,1.765576,2.000000,4.500000,0.082572,-0.036223,0.054335,0.123858,-0.185787,0.081502,0.414881,0.090163
3.930000,1.934518,-0.792091,1.188136,2.901776,-4.352665,1.782204,2.090398,4.915987,1.851195,-0.757019,1.135528,2.776792,-4.165189,1.703292,2.000000,4.500000,0.083323,-0.035072,0.052608,0.124984,-0.187476,0.078912,0.415987,0.090398
3.940000,1.946399,-0.763073,1.144609,2.919598,-4.379398,1.716914,2.090634,4.917093,1.862342,-0.729167,1.093750,2.793512,-4.190268,1.640625,2.000000,4.500000,0.084057,-0.033906,0.050859,0.126086,-0.189129,0.076289,0.417093,0.090634
3.950000,1.957845,-0.733877,1.100815,2.936768,-4.405151,1.651223,2.090869,4.918199,1.873069,-0.701151,1.051726,2.809604,-4.214405,1.577589,2.000000,4.500000,0.084776,-0.032726,0.049090,0.127164,-0.190746,0.073634,0.418199,0.090869
3.960000,1.968853,-0.704509,1.056764,2.953280,-4.429920,1.585146,2.091104,4.919306,1.883375,-0.672977,1.009465,2.825063,-4.237594,1.514198,2.000000,4.500000,0.085478,-0.031533,0.047299,0.128217,-0.192325,0.070948,0.419306,0.091104
3.970000,1.979421,-0.674976,1.012465,2.969131,-4.453697,1.518697,2.091339,4.920412,1.893258,-0.644651,0.966977,2.839886,-4.259830,1.450466,2.000000,4.500000,0.086163,-0.030325,0.045488,0.129245,-0.193867,0.068231,0.420412,0.091339
3.980000,1.989545,-0.645285,0.967928,2.984318,-4.476477,1.451892,2.091575,4.921519,1.902714,-0.616181,0.924272,2.854071,-4.281107,1.386408,2.000000,4.500000,0.086831,-0.029104,0.043656,0.130247,-0.195371,0.065484,0.421519,0.091575
3.990000,1.999225,-0.615442,0.923163,2.998837,-4.498256,1.384744,2.091810,4.922627,1.911742,-0.587572,0.881358,2.867614,-4.301420,1.322037,2.000000,4.500000,0.087482,-0.027870,0.041805,0.131224,-0.196835,0.062707,0.422627,0.091810
4.000000,2.008456,-0.585454,0.878180,3.012685,-4.519027,1.317271,2.092045,4.923734,1.920341,-0.558831,0.838246,2.880511,-4.320766,1.257370,2.000000,4.500000,0.088116,-0.026623,0.039934,0.132174,-0.198261,0.059901,0.423734,0.092045
4.010000,2.017238,-0.555327,0.832990,3.025857,-4.538786,1.249485,2.092280,4.924842,1.928507,-0.529964,0.794946,2.892760,-4.339140,1.192419,2.000000,4.500000,0.088731,-0.025363,0.038044,0.133097,-0.199646,0.057066,0.424842,0.092280
4.020000,2.025568,-0.525068,0.787602,3.038352,-4.557528,1.181403,2.092516,4.925950,1.936239,-0.500978,0.751467,2.904358,-4.356538,1.127200,2.000000,4.500000,0.089329,-0.024090,0.036135,0.133994,-0.200991,0.054203,0.425950,0.092516
4.030000,2.033444,-0.494685,0.742027,3.050166,-4.575249,1.113040,2.092751,4.927059,1.943535,-0.471879,0.707819,2.915303,-4.372955,1.061728,2.000000,4.500000,0.089909,-0.022806,0.034208,0.134863,-0.202294,0.051312,0.427059,0.092751
4.040000,2.040864,-0.464183,0.696274,3.061297,-4.591945,1.044412,2.092987,4.928167,1.950395,-0.442674,0.664011,2.925592,-4.388388,0.996017,2.000000,4.500000,0.090470,-0.021509,0.032263,0.135704,-0.203557,0.048395,0.428167,0.092987
4.050000,2.047827,-0.433570,0.650355,3.071741,-4.607611,0.975533,2.093222,4.929276,1.956815,-0.413369,0.620054,2.935223,-4.402834,0.930081,2.000000,4.500000,0.091012,-0.020201,0.030301,0.136518,-0.204777,0.045451,0.429276,0.093222
4.060000,2.054331,-0.402853,0.604279,3.081496,-4.622244,0.906418,2.093458,4.930385,1.962795,-0.383972,0.575958,2.944193,-4.416290,0.863937,2.000000,4.500000,0.091535,-0.018881,0.028321,0.137303,-0.205954,0.042482,0.430385,0.093458
4.070000,2.060373,-0.372038,0.558056,3.090560,-4.635840,0.837085,2.093693,4.931495,1.968334,-0.354488,0.531732,2.952501,-4.428751,0.797598,2.000000,4.500000,0.092040,-0.017550,0.026325,0.138059,-0.207089,0.039487,0.431495,0.093693
4.080000,2.065954,-0.341132,0.511698,3.098931,-4.648397,0.767547,2.093929,4.932604,1.973430,-0.324924,0.487386,2.960144,-4.440217,0.731079,2.000000,4.500000,0.092524,-0.016208,0.024312,0.138787,-0.208180,0.036468,0.432604,0.093929
4.090000,2.071071,-0.310143,0.465214,3.106606,-4.659910,0.697821,2.094164,4.933714,1.978081,-0.295287,0.442931,2.967122,-4.450683,0.664396,2.000000,4.500000,0.092990,-0.014856,0.022283,0.139485,-0.209227,0.033425,0.433714,0.094164
4.100000,2.075723,-0.279077,0.418615,3.113585,-4.670377,0.627923,2.094400,4.934824,1.982288,-0.265584,0.398376,2.973432,-4.460148,0.597564,2.000000,4.500000,0.093435,-0.013493,0.020239,0.140153,-0.210229,0.030359,0.434824,0.094400
4.110000,2.079909,-0.247941,0.371911,3.119864,-4.679796,0.557867,2.094635,4.935934,1.986048,-0.235821,0.353731,2.979073,-4.468609,0.530597,2.000000,4.500000,0.093861,-0.012120,0.018180,0.140791,-0.211187,0.027270,0.435934,0.094635
4.120000,2.083628,-0.216742,0.325113,3.125443,-4.688164,0.487670,2.094871,4.937045,1.989362,-0.206005,0.309007,2.984043,-4.476065,0.463510,2.000000,4.500000,0.094266,-0.010738,0.016106,0.141399,-0.212099,0.024160,0.437045,0.094871
4.130000,2.086880,-0.185488,0.278232,3.130319,-4.695479,0.417347,2.095107,4.938156,1.992228,-0.176142,0.264213,2.988343,-4.482514,0.396320,2.000000,4.500000,0.094651,-0.009346,0.014018,0.141977,-0.212965,0.021028,0.438156,0.095107
4.140000,2.089662,-0.154185,0.231277,3.134493,-4.701739,0.346915,2.095342,4.939267,1.994646,-0.146240,0.219360,2.991969,-4.487954,0.329040,2.000000,4.500000,0.095016,-0.007945,0.011917,0.142523,-0.213785,0.017875,0.439267,0.095342
4.150000,2.091975,-0.122840,0.184259,3.137962,-4.706943,0.276389,2.095578,4.940378,1.996615,-0.116305,0.174457,2.994923,-4.492385,0.261686,2.000000,4.500000,0.095359,-0.006535,0.009802,0.143039,-0.214558,0.014703,0.440378,0.095578
4.160000,2.093817,-0.091460,0.137190,3.140726,-4.711089,0.205785,2.095814,4.941490,1.998135,-0.086344,0.129516,2.997203,-4.495804,0.194273,2.000000,4.500000,0.095682,-0.005116,0.007674,0.143523,-0.215284,0.011512,0.441490,0.095814
4.170000,2.095189,-0.060053,0.090079,3.142784,-4.714175,0.135119,2.096050,4.942602,1.999206,-0.056363,0.084545,2.998808,-4.498213,0.126817,2.000000,4.500000,0.095983,-0.003690,0.005534,0.143975,-0.215963,0.008302,0.442602,0.096050
4.180000,2.096090,-0.028625,0.042937,3.144135,-4.716202,0.064406,2.096285,4.943714,1.999826,-0.026370,0.039555,2.999739,-4.499609,0.059332,2.000000,4.500000,0.096264,-0.002255,0.003383,0.144396,-0.216593,0.005074,0.443714,0.096285
4.190000,2.096519,0.002816,-0.004225,3.144779,-4.717168,-0.006337,2.096521,4.944826,1.999997,0.003629,-0.005444,2.999995,-4.499993,-0.008166,2.000000,4.500000,0.096523,-0.000813,0.001219,0.144784,-0.217176,0.001829,0.444826,0.096521
4.200000,2.096477,0.034264,-0.051396,3.144716,-4.717073,-0.077094,2.096757,4.945939,1.999717,0.033628,-0.050442,2.999576,-4.499364,-0.075663,2.000000,4.500000,0.096760,0.000636,-0.000955,0.145140,-0.217709,-0.001432,0.445939,0.096757
4.210000,2.095963,0.065711,-0.098567,3.143945,-4.715917,-0.147851,2.096993,4.947051,1.998988,0.063619,-0.095428,2.998482,-4.497723,-0.143142,2.000000,4.500000,0.096975,0.002093,-0.003139,0.145463,-0.218194,-0.004709,0.447051,0.096993
4.220000,2.094977,0.097151,-0.145726,3.142466,-4.713699,-0.218589,2.097229,4.948165,1.997809,0.093595,-0.140393,2.996713,-4.495070,-0.210589,2.000000,4.500000,0.097169,0.003556,-0.005333,0.145753,-0.218629,-0.008000,0.448165,0.097229
4.230000,2.093520,0.128575,-0.192863,3.140280,-4.710420,-0.289295,2.097465,4.949278,1.996180,0.123551,-0.185326,2.994270,-4.491405,-0.277989,2.000000,4.500000,0.097340,0.005025,-0.007537,0.146010,-0.219015,-0.011306,0.449278,0.097465
4.240000,2.091591,0.159978,-0.239967,3.137387,-4.706081,-0.359951,2.097701,4.950392,1.994102,0.153478,-0.230218,2.991154,-4.486730,-0.345326,2.000000,4.500000,0.097489,0.006500,-0.009750,0.146234,-0.219350,-0.014625,0.450392,0.097701
4.250000,2.089192,0.191352,-0.287028,3.133788,-4.700682,-0.430542,2.097937,4.951505,1.991576,0.183371,-0.275057,2.987364,-4.481046,-0.412586,2.000000,4.500000,0.097616,0.007981,-0.011971,0.146424,-0.219636,-0.017956,0.451505,0.097937
4.260000,2.086322,0.222690,-0.334035,3.129482,-4.694223,-0.501053,2.098173,4.952619,1.988601,0.213223,-0.319835,2.982902,-4.474353,-0.479753,2.000000,4.500000,0.097720,0.009467,-0.014200,0.146580,-0.219870,-0.021300,0.452619,0.098173
4.270000,2.082981,0.253985,-0.380977,3.124472,-4.686708,-0.571466,2.098409,4.953734,1.985180,0.243027,-0.364541,2.977769,-4.466654,-0.546811,2.000000,4.500000,0.097802,0.010958,-0.016436,0.146702,-0.220054,-0.024654,0.453734,0.098409
4.280000,2.079171,0.285230,-0.427844,3.118757,-4.678136,-0.641767,2.098645,4.954848,1.981311,0.272777,-0.409165,2.971966,-4.457950,-0.613747,2.000000,4.500000,0.097860,0.012453,-0.018680,0.146791,-0.220186,-0.028019,0.454848,0.098645
4.290000,2.074893,0.316417,-0.474626,3.112339,-4.668509,-0.711939,2.098881,4.955963,1.976997,0.302464,-0.453697,2.965495,-4.448242,-0.680545,2.000000,4.500000,0.097896,0.013953,-0.020929,0.146845,-0.220267,-0.031394,0.455963,0.098881
4.300000,2.070147,0.347541,-0.521311,3.105220,-4.657830,-0.781966,2.099117,4.957078,1.972237,0.332084,-0.498126,2.958356,-4.437534,-0.747189,2.000000,4.500000,0.097909,0.015456,-0.023184,0.146864,-0.220296,-0.034777,0.457078,0.099117
4.310000,2.064934,0.378593,-0.567889,3.097400,-4.646101,-0.851834,2.099353,4.958194,1.967034,0.361629,-0.542444,2.950552,-4.425827,-0.813666,2.000000,4.500000,0.097899,0.016963,-0.025445,0.146849,-0.220273,-0.038168,0.458194,0.099353
4.320000,2.059255,0.409567,-0.614350,3.088882,-4.633323,-0.921525,2.099589,4.959309,1.961389,0.391093,-0.586640,2.942083,-4.413125,-0.879959,2.000000,4.500000,0.097866,0.018474,-0.027711,0.146799,-0.220198,-0.041566,0.459309,0.099589
4.330000,2.053111,0.440456,-0.660683,3.079667,-4.619500,-0.991025,2.099825,4.960425,1.955302,0.420469,-0.630703,2.932953,-4.399430,-0.946055,2.000000,4.500000,0.097809,0.019987,-0.029980,0.146714,-0.220071,-0.044970,0.460425,0.099825
4.340000,2.046504,0.471252,-0.706878,3.069757,-4.604635,-1.060318,2.100062,4.961541,1.948775,0.449750,-0.674625,2.923163,-4.384744,-1.011937,2.000000,4.500000,0.097729,0.021502,-0.032254,0.146594,-0.219890,-0.048380,0.461541,0.100062
4.350000,2.039436,0.501950,-0.752925,3.059153,-4.588730,-1.129387,2.100298,4.962658,1.941810,0.478930,-0.718395,2.912715,-4.369073,-1.077592,2.000000,4.500000,0.097626,0.023020,-0.034530,0.146438,-0.219657,-0.051795,0.462658,0.100298
4.360000,2.031906,0.532541,-0.798812,3.047860,-4.571789,-1.198218,2.100534,4.963774,1.934408,0.508002,-0.762003,2.901612,-4.352418,-1.143005,2.000000,4.500000,0.097498,0.024539,-0.036809,0.146248,-0.219371,-0.055213,0.463774,0.100534
4.370000,2.023918,0.563020,-0.844530,3.035877,-4.553816,-1.266795,2.100770,4.964891,1.926571,0.536960,-0.805440,2.889856,-4.334784,-1.208160,2.000000,4.500000,0.097348,0.026060,-0.039090,0.146022,-0.219032,-0.058635,0.464891,0.100770
4.380000,2.015473,0.593379,-0.890068,3.023209,-4.534814,-1.335102,2.101007,4.966008,1.918300,0.565797,-0.848695,2.877450,-4.316174,-1.273043,2.000000,4.500000,0.097173,0.027582,-0.041373,0.145760,-0.218640,-0.062059,0.466008,0.101007
4.390000,2.006572,0.623611,-0.935416,3.009858,-4.514788,-1.403124,2.101243,4.967125,1.909597,0.594507,-0.891760,2.864396,-4.296594,-1.337640,2.000000,4.500000,0.096975,0.029104,-0.043656,0.145462,-0.218194,-0.065484,0.467125,0.101243
4.400000,1.997218,0.653709,-0.980564,2.995827,-4.493741,-1.470846,2.101479,4.968243,1.900465,0.623083,-0.934624,2.850698,-4.276047,-1.401936,2.000000,4.500000,0.096753,0.030627,-0.045940,0.145129,-0.217694,-0.068910,0.468243,0.101479
4.410000,1.987412,0.683668,-1.025501,2.981119,-4.471678,-1.538252,2.101716,4.969361,1.890905,0.651519,-0.977278,2.836358,-4.254537,-1.465917,2.000000,4.500000,0.096507,0.032149,-0.048224,0.144760,-0.217141,-0.072335,0.469361,0.101716
4.420000,1.977157,0.713479,-1.070218,2.965736,-4.448604,-1.605327,2.101952,4.970479,1.880920,0.679808,-1.019712,2.821381,-4.232071,-1.529567,2.000000,4.500000,0.096237,0.033671,-0.050507,0.144356,-0.216533,-0.075760,0.470479,0.101952
4.430000,1.966455,0.743136,-1.114704,2.949683,-4.424524,-1.672056,2.102189,4.971597,1.870512,0.707944,-1.061916,2.805768,-4.208652,-1.592874,2.000000,4.500000,0.095943,0.035192,-0.052788,0.143915,-0.215872,-0.079182,0.471597,0.102189
4.440000,1.955308,0.772633,-1.158950,2.932962,-4.399443,-1.738424,2.102425,4.972716,1.859683,0.735921,-1.103882,2.789524,-4.184286,-1.655822,2.000000,4.500000,0.095625,0.036712,-0.055068,0.143438,-0.215157,-0.082602,0.472716,0.102425
4.450000,1.943719,0.801963,-1.202944,2.915578,-4.373367,-1.804416,2.102662,4.973835,1.848435,0.763732,-1.145599,2.772653,-4.158979,-1.718398,2.000000,4.500000,0.095283,0.038230,-0.057345,0.142925,-0.214388,-0.086018,0.473835,0.102662
4.460000,1.931689,0.831118,-1.246678,2.897534,-4.346301,-1.870016,2.102898,4.974954,1.836772,0.791372,-1.187058,2.755158,-4.132736,-1.780587,2.000000,4.500000,0.094918,0.039746,-0.059620,0.142376,-0.213564,-0.089429,0.474954,0.102898
4.470000,1.919222,0.860094,-1.290141,2.878834,-4.318251,-1.935211,2.103135,4.976073,1.824695,0.818834,-1.228250,2.737042,-4.105564,-1.842375,2.000000,4.500000,0.094528,0.041260,-0.061890,0.141791,-0.212687,-0.092836,0.476073,0.103135
4.480000,1.906321,0.888882,-1.333323,2.859482,-4.289222,-1.999985,2.103371,4.977193,1.812208,0.846111,-1.269166,2.718311,-4.077467,-1.903749,2.000000,4.500000,0.094113,0.042771,-0.064157,0.141170,-0.211755,-0.096235,0.477193,0.103371
4.490000,1.892988,0.917477,-1.376215,2.839482,-4.259223,-2.064323,2.103608,4.978313,1.799313,0.873198,-1.309797,2.698969,-4.048453,-1.964695,2.000000,4.500000,0.093675,0.044279,-0.066419,0.140513,-0.210769,-0.099628,0.478313,0.103608
4.500000,1.879226,0.945872,-1.418808,2.818839,-4.228258,-2.128211,2.103845,4.979433,1.786013,0.900088,-1.350132,2.679019,-4.018529,-2.025198,2.000000,4.500000,0.093213,0.045784,-0.068675,0.139820,-0.209729,-0.103013,0.479433,0.103845
4.510000,1.865038,0.974060,-1.461090,2.797556,-4.196335,-2.191635,2.104081,4.980553,1.772311,0.926776,-1.390164,2.658466,-3.987700,-2.085246,2.000000,4.500000,0.092727,0.047284,-0.070926,0.139090,-0.208635,-0.106389,0.480553,0.104081
4.520000,1.850427,1.002036,-1.503054,2.775640,-4.163460,-2.254580,2.104318,4.981674,1.758210,0.953255,-1.429883,2.637316,-3.955974,-2.144825,2.000000,4.500000,0.092216,0.048780,-0.073170,0.138324,-0.207487,-0.109755,0.481674,0.104318
4.530000,1.835396,1.029792,-1.544688,2.753094,-4.129641,-2.317032,2.104555,4.982795,1.743714,0.979520,-1.469281,2.615572,-3.923357,-2.203921,2.000000,4.500000,0.091682,0.050272,-0.075408,0.137523,-0.206284,-0.113111,0.482795,0.104555
4.540000,1.819949,1.057323,-1.585985,2.729924,-4.094886,-2.378977,2.104792,4.983916,1.728826,1.005565,-1.508347,2.593239,-3.889858,-2.262521,2.000000,4.500000,0.091123,0.051758,-0.077637,0.136685,-0.205028,-0.116456,0.483916,0.104792
4.550000,1.804089,1.084622,-1.626933,2.706134,-4.059201,-2.440400,2.105028,4.985037,1.713549,1.031383,-1.547075,2.570323,-3.855484,-2.320612,2.000000,4.500000,0.090541,0.053239,-0.079859,0.135811,-0.203717,-0.119788,0.485037,0.105028
4.560000,1.787820,1.111684,-1.667525,2.681730,-4.022595,-2.501288,2.105265,4.986159,1.697886,1.056969,-1.585454,2.546828,-3.820243,-2.378181,2.000000,4.500000,0.089935,0.054714,-0.082071,0.134902,-0.202353,-0.123107,0.486159,0.105265
4.570000,1.771145,1.138501,-1.707751,2.656717,-3.985076,-2.561627,2.105502,4.987281,1.681841,1.082318,-1.623477,2.522761,-3.784141,-2.435215,2.000000,4.500000,0.089304,0.056183,-0.084275,0.133956,-0.200935,-0.126412,0.487281,0.105502
4.580000,1.754067,1.165068,-1.747602,2.631101,-3.946652,-2.621403,2.105739,4.988403,1.665417,1.107423,-1.661134,2.498126,-3.747189,-2.491701,2.000000,4.500000,0.088650,0.057645,-0.086468,0.132975,-0.199463,-0.129702,0.488403,0.105739
4.590000,1.736591,1.191379,-1.787069,2.604887,-3.907331,-2.680603,2.105976,4.989525,1.648619,1.132279,-1.698418,2.472929,-3.709393,-2.547627,2.000000,4.500000,0.087972,0.059101,-0.088651,0.131958,-0.197937,-0.132976,0.489525,0.105976
4.600000,1.718721,1.217428,-1.826142,2.578081,-3.867121,-2.739213,2.106213,4.990648,1.631450,1.156880,-1.735319,2.447175,-3.670763,-2.602979,2.000000,4.500000,0.087270,0.060548,-0.090823,0.130906,-0.196359,-0.136234,0.490648,0.106213
4.610000,1.700459,1.243209,-1.864813,2.550689,-3.826033,-2.797220,2.106450,4.991771,1.613914,1.181220,-1.771830,2.420871,-3.631307,-2.657745,2.000000,4.500000,0.086545,0.061989,-0.092983,0.129818,-0.194726,-0.139474,0.491771,0.106450
4.620000,1.681811,1.268716,-1.903073,2.522717,-3.784075,-2.854610,2.106687,4.992894,1.596015,1.205295,-1.807943,2.394022,-3.591034,-2.711914,2.000000,4.500000,0.085796,0.063421,-0.095131,0.128694,-0.193041,-0.142696,0.492894,0.106687
4.630000,1.662780,1.293943,-1.940914,2.494171,-3.741256,-2.911371,2.106923,4.994017,1.577757,1.229099,-1.843648,2.366635,-3.549952,-2.765472,2.000000,4.500000,0.085024,0.064844,-0.097266,0.127536,-0.191303,-0.145899,0.494017,0.106923
4.640000,1.643371,1.318885,-1.978327,2.465057,-3.697585,-2.967490,2.107161,4.995141,1.559143,1.252626,-1.878939,2.338715,-3.508073,-2.818409,2.000000,4.500000,0.084228,0.066258,-0.099388,0.126342,-0.189513,-0.149082,0.495141,0.107161
4.650000,1.623588,1.343535,-2.015303,2.435382,-3.653073,-3.022954,2.107398,4.996265,1.540179,1.275871,-1.913807,2.310269,-3.465403,-2.870711,2.000000,4.500000,0.083409,0.067664,-0.101496,0.125113,-0.187670,-0.152243,0.496265,0.107398
4.660000,1.603435,1.367889,-2.051833,2.405152,-3.607729,-3.077750,2.107635,4.997389,1.520869,1.298830,-1.948245,2.281303,-3.421954,-2.922367,2.000000,4.500000,0.082566,0.069059,-0.103589,0.123849,-0.185774,-0.155383,0.497389,0.107635
4.670000,1.582917,1.391940,-2.087911,2.374375,-3.561562,-3.131866,2.107872,4.998514,1.501216,1.321496,-1.982244,2.251824,-3.377736,-2.973365,2.000000,4.500000,0.081701,0.070445,-0.105667,0.122551,-0.183827,-0.158501,0.498514,0.107872
4.680000,1.562037,1.415684,-2.123526,2.343056,-3.514584,-3.185289,2.108109,4.999638,1.481225,1.343864,-2.015797,2.221838,-3.332757,-3.023695,2.000000,4.500000,0.080812,0.071820,-0.107730,0.121218,-0.181828,-0.161594,0.499638,0.108109
4.690000,1.540802,1.439115,-2.158672,2.311203,-3.466805,-3.238008,2.108346,5.000763,1.460901,1.365931,-2.048896,2.191352,-3.287028,-3.073344,2.000000,4.500000,0.079901,0.073184,-0.109776,0.119851,-0.179777,-0.164664,0.500763,0.108346
4.700000,1.519216,1.462227,-2.193340,2.278823,-3.418235,-3.290010,2.108583,5.001888,1.440249,1.387690,-2.081535,2.160373,-3.240560,-3.122302,2.000000,4.500000,0.078967,0.074537,-0.111805,0.118450,-0.177675,-0.167708,0.501888,0.108583
4.710000,1.497282,1.485015,-2.227523,2.245923,-3.368885,-3.341284,2.108820,5.003014,1.419272,1.409137,-2.113705,2.128908,-3.193363,-3.170558,2.000000,4.500000,0.078010,0.075878,-0.113817,0.117015,-0.175522,-0.170726,0.503014,0.108820
4.720000,1.475007,1.507474,-2.261211,2.212510,-3.318765,-3.391817,2.109058,5.004139,1.397976,1.430266,-2.145400,2.096965,-3.145447,-3.218100,2.000000,4.500000,0.077031,0.077208,-0.115812,0.115546,-0.173319,-0.173718,0.504139,0.109058
4.730000,1.452395,1.529599,-2.294399,2.178592,-3.267888,-3.441599,2.109295,5.005265,1.376366,1.451074,-2.176612,2.064549,-3.096823,-3.264917,2.000000,4.500000,0.076029,0.078525,-0.117787,0.114043,-0.171065,-0.176681,0.505265,0.109295
4.740000,1.429451,1.551385,-2.327078,2.144176,-3.216264,-3.490617,2.109532,5.006392,1.354446,1.471556,-2.207334,2.031669,-3.047503,-3.311001,2.000000,4.500000,0.075005,0.079829,-0.119744,0.112508,-0.168761,-0.179616,0.506392,0.109532
4.750000,1.406180,1.572827,-2.359241,2.109270,-3.163905,-3.538861,2.109769,5.007518,1.332221,1.491706,-2.237559,1.998331,-2.997497,-3.356339,2.000000,4.500000,0.073959,0.081121,-0.121681,0.110939,-0.166408,-0.182522,0.507518,0.109769
4.760000,1.382588,1.593920,-2.390880,2.073881,-3.110822,-3.586319,2.110007,5.008645,1.309696,1.511521,-2.267282,1.964544,-2.946817,-3.400922,2.000000,4.500000,0.072891,0.082399,-0.123598,0.109337,-0.164006,-0.185397,0.508645,0.110007
4.770000,1.358679,1.614659,-2.421988,2.038018,-3.057027,-3.632982,2.110244,5.009772,1.286877,1.530996,-2.296494,1.930315,-2.895473,-3.444740,2.000000,4.500000,0.071802,0.083663,-0.125494,0.107703,-0.161554,-0.188241,0.509772,0.110244
4.780000,1.334459,1.635039,-2.452558,2.001688,-3.002533,-3.678837,2.110482,5.010899,1.263768,1.550126,-2.325189,1.895652,-2.843478,-3.487783,2.000000,4.500000,0.070691,0.084913,-0.127369,0.106036,-0.159054,-0.191054,0.510899,0.110482
4.790000,1.309933,1.655056,-2.482583,1.964900,-2.947350,-3.723875,2.110719,5.012026,1.240375,1.568907,-2.353361,1.860562,-2.790844,-3.530041,2.000000,4.500000,0.069558,0.086148,-0.129222,0.104338,-0.156506,-0.193834,0.512026,0.110719
4.800000,1.285107,1.674705,-2.512057,1.927661,-2.891492,-3.768085,2.110956,5.013154,1.216703,1.587336,-2.381004,1.825054,-2.737581,-3.571505,2.000000,4.500000,0.068405,0.087369,-0.131053,0.102607,-0.153911,-0.196580,0.513154,0.110956
4.810000,1.259987,1.693981,-2.540972,1.889980,-2.834971,-3.811458,2.111194,5.014282,1.192757,1.605407,-2.408111,1.789135,-2.683702,-3.612166,2.000000,4.500000,0.067230,0.088574,-0.132861,0.100845,-0.151268,-0.199292,0.514282,0.111194
4.820000,1.234577,1.712881,-2.569322,1.851866,-2.777799,-3.853982,2.111431,5.015410,1.168542,1.623117,-2.434676,1.752813,-2.629220,-3.652013,2.000000,4.500000,0.066035,0.089764,-0.134646,0.099052,-0.148579,-0.201969,0.515410,0.111431
4.830000,1.208884,1.731400,-2.597100,1.813326,-2.719989,-3.895649,2.111669,5.016539,1.144065,1.640462,-2.460693,1.716097,-2.574146,-3.691039,2.000000,4.500000,0.064819,0.090938,-0.136407,0.097229,-0.145843,-0.204610,0.516539,0.111669
4.840000,1.182913,1.749533,-2.624299,1.774369,-2.661554,-3.936449,2.111906,5.017667,1.119330,1.657438,-2.486157,1.678995,-2.518493,-3.729235,2.000000,4.500000,0.063583,0.092095,-0.138143,0.095374,-0.143061,-0.207214,0.517667,0.111906
4.850000,1.156670,1.767277,-2.650915,1.735005,-2.602508,-3.976372,2.112144,5.018796,1.094344,1.674041,-2.511061,1.641515,-2.462273,-3.766591,2.000000,4.500000,0.062326,0.093236,-0.139854,0.093490,-0.140234,-0.209781,0.518796,0.112144
4.860000,1.130161,1.784627,-2.676940,1.695241,-2.542862,-4.015410,2.112382,5.019926,1.069111,1.690267,-2.535400,1.603666,-2.405499,-3.803100,2.000000,4.500000,0.061050,0.094360,-0.141540,0.091575,-0.137362,-0.212310,0.519926,0.112382
4.870000,1.103391,1.801579,-2.702369,1.655087,-2.482631,-4.053553,2.112619,5.021055,1.043638,1.706113,-2.559169,1.565456,-2.348184,-3.838754,2.000000,4.500000,0.059754,0.095466,-0.143200,0.089631,-0.134446,-0.214799,0.521055,0.112619
4.880000,1.076368,1.818130,-2.727195,1.614552,-2.421827,-4.090792,2.112857,5.022185,1.017929,1.721575,-2.582362,1.526894,-2.290341,-3.873543,2.000000,4.500000,0.058438,0.096555,-0.144833,0.087658,-0.131486,-0.217249,0.522185,0.112857
4.890000,1.049096,1.834276,-2.751413,1.573644,-2.360466,-4.127120,2.113095,5.023315,0.991992,1.736649,-2.604974,1.487988,-2.231983,-3.907461,2.000000,4.500000,0.057104,0.097626,-0.146439,0.085655,-0.128483,-0.219659,0.523315,0.113095
4.900000,1.021582,1.850012,-2.775018,1.532373,-2.298559,-4.162527,2.113332,5.024445,0.965832,1.751333,-2.627000,1.448748,-2.173122,-3.940500,2.000000,4.500000,0.055750,0.098679,-0.148018,0.083625,-0.125437,-0.222027,0.524445,0.113332
4.910000,0.993832,1.865336,-2.798003,1.490747,-2.236121,-4.197005,2.113570,5.025575,0.939454,1.765623,-2.648435,1.409181,-2.113772,-3.972653,2.000000,4.500000,0.054377,0.099712,-0.149568,0.081566,-0.122349,-0.224353,0.525575,0.113570
4.920000,0.965851,1.880243,-2.820365,1.448777,-2.173166,-4.230547,2.113808,5.026706,0.912865,1.779516,-2.669274,1.369298,-2.053947,-4.003911,2.000000,4.500000,0.052986,0.100727,-0.151091,0.079479,-0.119219,-0.226636,0.526706,0.113808
4.930000,0.937648,1.894731,-2.842096,1.406472,-2.109708,-4.263145,2.114046,5.027837,0.886071,1.793008,-2.689512,1.329106,-1.993659,-4.034269,2.000000,4.500000,0.051577,0.101723,-0.152584,0.077366,-0.116048,-0.228876,0.527837,0.114046
4.940000,0.909227,1.908796,-2.863193,1.363840,-2.045760,-4.294790,2.114283,5.028969,0.859077,1.806097,-2.709146,1.288615,-1.932923,-4.063719,2.000000,4.500000,0.050150,0.102699,-0.154048,0.075225,-0.112837,-0.231072,0.528969,0.114283
4.950000,0.880595,1.922434,-2.883651,1.320892,-1.981339,-4.325477,2.114521,5.030100,0.831890,1.818780,-2.728169,1.247835,-1.871752,-4.092254,2.000000,4.500000,0.048705,0.103654,-0.155482,0.073058,-0.109586,-0.233222,0.530100,0.114521
4.960000,0.851758,1.935643,-2.903464,1.277638,-1.916456,-4.355197,2.114759,5.031232,0.804516,1.831053,-2.746579,1.206773,-1.810160,-4.119869,2.000000,4.500000,0.047243,0.104590,-0.156885,0.070864,-0.106296,-0.235328,0.531232,0.114759
4.970000,0.822724,1.948419,-2.922629,1.234086,-1.851128,-4.383943,2.114997,5.032364,0.776960,1.842914,-2.764371,1.165440,-1.748161,-4.146557,2.000000,4.500000,0.045763,0.105505,-0.158258,0.068645,-0.102968,-0.237387,0.532364,0.114997
4.980000,0.793497,1.960760,-2.941140,1.190246,-1.785369,-4.411710,2.115235,5.033496,0.749230,1.854361,-2.781541,1.123845,-1.685768,-4.172312,2.000000,4.500000,0.044267,0.106399,-0.159599,0.066401,-0.099601,-0.239399,0.533496,0.115235
4.990000,0.764086,1.972663,-2.958994,1.146129,-1.719194,-4.438491,2.115473,5.034629,0.721332,1.865390,-2.798085,1.081997,-1.622996,-4.197128,2.000000,4.500000,0.042754,0.107272,-0.160909,0.064132,-0.096198,-0.241363,0.534629,0.115473
5.000000,0.734496,1.984124,-2.976186,1.101744,-1.652616,-4.464279,2.115711,5.035761,0.693271,1.876000,-2.814000,1.039906,-1.559859,-4.221000,2.000000,4.500000,0.041226,0.108124,-0.162186,0.061838,-0.092757,-0.243279,0.535761,0.115711
5.010000,0.704734,1.995141,-2.992712,1.057101,-1.585652,-4.489068,2.115949,5.036894,0.665054,1.886188,-2.829281,0.997581,-1.496371,-4.243922,2.000000,4.500000,0.039681,0.108954,-0.163431,0.059521,-0.089281,-0.245146,0.536894,0.115949
5.020000,0.674807,2.005712,-3.008569,1.012211,-1.518316,-4.512853,2.116187,5.038028,0.636687,1.895951,-2.843926,0.955031,-1.432546,-4.265889,2.000000,4.500000,0.038120,0.109762,-0.164642,0.057180,-0.085770,-0.246964,0.538028,0.116187
5.030000,0.644721,2.015835,-3.023752,0.967082,-1.450623,-4.535628,2.116425,5.039161,0.608177,1.905287,-2.857931,0.912266,-1.368399,-4.286897,2.000000,4.500000,0.036544,0.110547,-0.165821,0.054816,-0.082224,-0.248731,0.539161,0.116425
5.040000,0.614484,2.025505,-3.038258,0.921726,-1.382589,-4.557387,2.116663,5.040295,0.579531,1.914195,-2.871293,0.869296,-1.303944,-4.306940,2.000000,4.500000,0.034953,0.111310,-0.166965,0.052430,-0.078645,-0.250447,0.540295,0.116663
5.050000,0.584101,2.034723,-3.052084,0.876152,-1.314228,-4.578126,2.116901,5.041429,0.550754,1.922673,-2.884009,0.826130,-1.239196,-4.326014,2.000000,4.500000,0.033348,0.112050,-0.168075,0.050022,-0.075032,-0.252112,0.541429,0.116901
5.060000,0.553581,2.043484,-3.065226,0.830371,-1.245556,-4.597839,2.117139,5.042564,0.521853,1.930717,-2.896076,0.782779,-1.174168,-4.344114,2.000000,4.500000,0.031728,0.112767,-0.169150,0.047592,-0.071388,-0.253725,0.542564,0.117139
5.070000,0.522928,2.051788,-3.077682,0.784392,-1.176589,-4.616523,2.117377,5.043698,0.492834,1.938328,-2.907492,0.739251,-1.108877,-4.361237,2.000000,4.500000,0.030094,0.113460,-0.170190,0.045141,-0.067712,-0.255285,0.543698,0.117377
5.080000,0.492151,2.059632,-3.089448,0.738227,-1.107341,-4.634171,2.117616,5.044833,0.463705,1.945502,-2.918253,0.695557,-1.043336,-4.377379,2.000000,4.500000,0.028446,0.114130,-0.171195,0.042670,-0.064005,-0.256792,0.544833,0.117616
5.090000,0.461257,2.067014,-3.100521,0.691885,-1.037828,-4.650782,2.117854,5.045968,0.434471,1.952238,-2.928358,0.651707,-0.977561,-4.392536,2.000000,4.500000,0.026786,0.114776,-0.172163,0.040178,-0.060268,-0.258245,0.545968,0.117854
5.100000,0.430252,2.073933,-3.110899,0.645378,-0.968066,-4.666349,2.118092,5.047103,0.405140,1.958536,-2.937803,0.607710,-0.911565,-4.406705,2.000000,4.500000,0.025112,0.115397,-0.173096,0.037668,-0.056501,-0.259644,0.547103,0.118092
5.110000,0.399143,2.080387,-3.120580,0.598714,-0.898071,-4.680870,2.118330,5.048239,0.375718,1.964392,-2.946588,0.563576,-0.845364,-4.419882,2.000000,4.500000,0.023425,0.115995,-0.173992,0.035138,-0.052707,-0.260988,0.548239,0.118330
5.120000,0.367937,2.086374,-3.129561,0.551905,-0.827858,-4.694341,2.118569,5.049375,0.346210,1.969807,-2.954710,0.519316,-0.778974,-4.432065,2.000000,4.500000,0.021727,0.116567,-0.174851,0.032590,-0.048885,-0.262276,0.549375,0.118569
5.130000,0.336641,2.091893,-3.137839,0.504962,-0.757443,-4.706759,2.118807,5.050511,0.316626,1.974778,-2.962167,0.474938,-0.712407,-4.443251,2.000000,4.500000,0.020016,0.117115,-0.175672,0.030024,-0.045036,-0.263508,0.550511,0.118807
5.140000,0.305263,2.096942,-3.145414,0.457894,-0.686842,-4.718121,2.119045,5.051647,0.286969,1.979305,-2.968958,0.430454,-0.645681,-4.453436,2.000000,4.500000,0.018294,0.117637,-0.176456,0.027440,-0.041161,-0.264684,0.551647,0.119045
5.150000,0.273809,2.101521,-3.152282,0.410713,-0.616070,-4.728423,2.119284,5.052784,0.257249,1.983387,-2.975080,0.385873,-0.578809,-4.462620,2.000000,4.500000,0.016560,0.118135,-0.177202,0.024840,-0.037261,-0.265803,0.552784,0.119284
5.160000,0.242286,2.105629,-3.158443,0.363429,-0.545144,-4.737664,2.119522,5.053921,0.227470,1.987022,-2.980533,0.341205,-0.511807,-4.470800,2.000000,4.500000,0.014816,0.118606,-0.177909,0.022224,-0.033336,-0.266864,0.553921,0.119522
5.170000,0.210702,2.109263,-3.163894,0.316052,-0.474079,-4.745841,2.119761,5.055058,0.197640,1.990211,-2.985316,0.296460,-0.444690,-4.477974,2.000000,4.500000,0.013061,0.119052,-0.178578,0.019592,-0.029388,-0.267867,0.555058,0.119761
5.180000,0.179063,2.112423,-3.168635,0.268594,-0.402891,-4.752953,2.119999,5.056195,0.167766,1.992951,-2.989427,0.251649,-0.377473,-4.484140,2.000000,4.500000,0.011297,0.119472,-0.179208,0.016945,-0.025418,-0.268812,0.556195,0.119999
5.190000,0.147376,2.115109,-3.172664,0.221064,-0.331597,-4.758996,2.120238,5.057333,0.137854,1.995243,-2.992865,0.206781,-0.310171,-4.489298,2.000000,4.500000,0.009522,0.119866,-0.179799,0.014284,-0.021425,-0.269698,0.557333,0.120238
5.200000,0.115650,2.117320,-3.175980,0.173474,-0.260212,-4.763970,2.120476,5.058471,0.107911,1.997087,-2.995630,0.161866,-0.242799,-4.493445,2.000000,4.500000,0.007739,0.120233,-0.180350,0.011608,-0.017412,-0.270525,0.558471,0.120476
5.210000,0.083890,2.119055,-3.178582,0.125835,-0.188752,-4.767873,2.120715,5.059609,0.077944,1.998481,-2.997721,0.116915,-0.175373,-4.496581,2.000000,4.500000,0.005946,0.120574,-0.180861,0.008920,-0.013379,-0.271292,0.559609,0.120715
5.220000,0.052104,2.120313,-3.180470,0.078156,-0.117234,-4.770704,2.120953,5.060747,0.047959,1.999425,-2.999137,0.071938,-0.107907,-4.498706,2.000000,4.500000,0.004145,0.120888,-0.181332,0.006218,-0.009327,-0.271998,0.560747,0.120953
5.230000,0.020299,2.121095,-3.181642,0.030449,-0.045674,-4.772463,2.121192,5.061886,0.017963,1.999919,-2.999879,0.026945,-0.040417,-4.499818,2.000000,4.500000,0.002336,0.121175,-0.181763,0.003504,-0.005257,-0.272644,0.561886,0.121192
5.240000,-0.011517,2.121399,-3.182099,-0.017276,0.025913,-4.773148,2.121430,5.063025,-0.012037,1.999964,-2.999946,-0.018055,0.027082,-4.499919,2.000000,4.500000,0.000520,0.121435,-0.182153,0.000779,-0.001169,-0.273229,0.563025,0.121430
5.250000,-0.043338,2.121226,-3.181839,-0.065007,0.097511,-4.772759,2.121669,5.064164,-0.042034,1.999558,-2.999337,-0.063050,0.094576,-4.499006,2.000000,4.500000,-0.001304,0.121668,-0.182502,-0.001957,0.002935,-0.273753,0.564164,0.121669
5.260000,-0.075156,2.120576,-3.180864,-0.112735,0.169102,-4.771297,2.121908,5.065304,-0.072021,1.998703,-2.998054,-0.108032,0.162048,-4.497081,2.000000,4.500000,-0.003135,0.121873,-0.182810,-0.004703,0.007054,-0.274215,0.565304,0.121908
5.270000,-0.106965,2.119449,-3.179173,-0.160448,0.240671,-4.768760,2.122146,5.066443,-0.101992,1.997398,-2.996097,-0.152989,0.229483,-4.494145,2.000000,4.500000,-0.004973,0.122051,-0.183077,-0.007459,0.011188,-0.274615,0.566443,0.122146
5.280000,-0.138757,2.117844,-3.176767,-0.208135,0.312203,-4.765150,2.122385,5.067583,-0.131941,1.995643,-2.993465,-0.197911,0.296867,-4.490197,2.000000,4.500000,-0.006816,0.122201,-0.183302,-0.010224,0.015336,-0.274953,0.567583,0.122385
5.290000,-0.170524,2.115763,-3.173645,-0.255787,0.383680,-4.760467,2.122624,5.068723,-0.161860,1.993440,-2.990159,-0.242789,0.364184,-4.485239,2.000000,4.500000,-0.008665,0.122323,-0.183485,-0.012997,0.019496,-0.275228,0.568723,0.122624
5.300000,-0.202261,2.113205,-3.169808,-0.303391,0.455087,-4.754712,2.122863,5.069864,-0.191742,1.990788,-2.986181,-0.287613,0.431419,-4.479272,2.000000,4.500000,-0.010519,0.122418,-0.183626,-0.015779,0.023668,-0.275440,0.569864,0.122863
5.310000,-0.233959,2.110171,-3.165257,-0.350939,0.526408,-4.747885,2.123101,5.071005,-0.221581,1.987688,-2.981531,-0.332371,0.498557,-4.472297,2.000000,4.500000,-0.012378,0.122484,-0.183726,-0.018567,0.027851,-0.275588,0.571005,0.123101
5.320000,-0.265612,2.106662,-3.159993,-0.398417,0.597626,-4.739989,2.123340,5.072146,-0.251370,1.984140,-2.976211,-0.377055,0.565583,-4.464316,2.000000,4.500000,-0.014241,0.122522,-0.183782,-0.021362,0.032043,-0.275673,0.572146,0.123340
5.330000,-0.297212,2.102678,-3.154017,-0.445817,0.668726,-4.731025,2.123579,5.073287,-0.281103,1.980147,-2.970220,-0.421654,0.632481,-4.455330,2.000000,4.500000,-0.016109,0.122531,-0.183796,-0.024163,0.036244,-0.275695,0.573287,0.123579
5.340000,-0.328752,2.098220,-3.147329,-0.493128,0.739691,-4.720994,2.123818,5.074428,-0.310772,1.975708,-2.963561,-0.466159,0.699238,-4.445342,2.000000,4.500000,-0.017979,0.122512,-0.183768,-0.026969,0.040453,-0.275652,0.574428,0.123818
5.350000,-0.360225,2.093288,-3.139932,-0.540337,0.810506,-4.709899,2.124057,5.075570,-0.340372,1.970824,-2.956236,-0.510558,0.765837,-4.434354,2.000000,4.500000,-0.019853,0.122464,-0.183697,-0.029780,0.044669,-0.275545,0.575570,0.124057
5.360000,-0.391624,2.087885,-3.131827,-0.587436,0.881155,-4.697741,2.124296,5.076712,-0.369895,1.965497,-2.948245,-0.554842,0.832263,-4.422368,2.000000,4.500000,-0.021729,0.122388,-0.183582,-0.032594,0.048891,-0.275373,0.576712,0.124296
5.370000,-0.422943,2.082011,-3.123016,-0.634414,0.951621,-4.684524,2.124535,5.077854,-0.399335,1.959728,-2.939591,-0.599002,0.898503,-4.409387,2.000000,4.500000,-0.023608,0.122283,-0.183425,-0.035412,0.053118,-0.275137,0.577854,0.124535
5.380000,-0.454173,2.075666,-3.113500,-0.681259,1.021889,-4.670249,2.124774,5.078997,-0.428684,1.953517,-2.930276,-0.643027,0.964540,-4.395414,2.000000,4.500000,-0.025488,0.122149,-0.183224,-0.038232,0.057349,-0.274836,0.578997,0.124774
5.390000,-0.485308,2.068854,-3.103281,-0.727962,1.091942,-4.654921,2.125013,5.080140,-0.457938,1.946867,-2.920301,-0.686907,1.030360,-4.380452,2.000000,4.500000,-0.027370,0.121986,-0.182980,-0.041055,0.061582,-0.274469,0.580140,0.125013
5.400000,-0.516341,2.061574,-3.092361,-0.774511,1.161766,-4.638542,2.125252,5.081283,-0.487088,1.939780,-2.909669,-0.730632,1.095949,-4.364504,2.000000,4.500000,-0.029252,0.121795,-0.182692,-0.043878,0.065818,-0.274038,0.581283,0.125252
5.410000,-0.547264,2.053829,-3.080744,-0.820896,1.231344,-4.621115,2.125491,5.082426,-0.516129,1.932255,-2.898383,-0.774194,1.161291,-4.347575,2.000000,4.500000,-0.031135,0.121574,-0.182361,-0.046703,0.070054,-0.273541,0.582426,0.125491
5.420000,-0.578072,2.045620,-3.068430,-0.867107,1.300661,-4.602645,2.125730,5.083570,-0.545054,1.924296,-2.886444,-0.817581,1.226371,-4.329667,2.000000,4.500000,-0.033018,0.121324,-0.181986,-0.049527,0.074290,-0.272979,0.583570,0.125730
5.430000,-0.608756,2.036949,-3.055424,-0.913134,1.369701,-4.583135,2.125969,5.084713,-0.573856,1.915904,-2.873857,-0.860784,1.291176,-4.310785,2.000000,4.500000,-0.034900,0.121045,-0.181567,-0.052350,0.078525,-0.272351,0.584713,0.125969
5.440000,-0.639310,2.027818,-3.041727,-0.958965,1.438448,-4.562590,2.126208,5.085857,-0.602529,1.907081,-2.860622,-0.903793,1.355690,-4.290933,2.000000,4.500000,-0.036781,0.120736,-0.181105,-0.055172,0.082758,-0.271657,0.585857,0.126208
5.450000,-0.669727,2.018228,-3.027342,-1.004591,1.506887,-4.541013,2.126448,5.087002,-0.631066,1.897829,-2.846744,-0.946599,1.419899,-4.270116,2.000000,4.500000,-0.038661,0.120399,-0.180598,-0.057992,0.086988,-0.270898,0.587002,0.126448
5.460000,-0.700001,2.008182,-3.012273,-1.050001,1.575002,-4.518410,2.126687,5.088146,-0.659462,1.888150,-2.832225,-0.989192,1.483788,-4.248338,2.000000,4.500000,-0.040539,0.120032,-0.180048,-0.060809,0.091213,-0.270072,0.588146,0.126687
5.470000,-0.730124,1.997682,-2.996523,-1.095185,1.642778,-4.494785,2.126926,5.089291,-0.687709,1.878046,-2.817069,-1.031563,1.547344,-4.225604,2.000000,4.500000,-0.042415,0.119636,-0.179454,-0.063623,0.095434,-0.269181,0.589291,0.126926
5.480000,-0.760089,1.986730,-2.980095,-1.140133,1.710200,-4.470143,2.127165,5.090436,-0.715801,1.867520,-2.801279,-1.073701,1.610552,-4.201919,2.000000,4.500000,-0.044288,0.119211,-0.178816,-0.066432,0.099648,-0.268224,0.590436,0.127165
5.490000,-0.789890,1.975329,-2.962993,-1.184835,1.777252,-4.444490,2.127405,5.091582,-0.743732,1.856573,-2.784859,-1.115598,1.673397,-4.177289,2.000000,4.500000,-0.046158,0.118756,-0.178134,-0.069237,0.103855,-0.267201,0.591582,0.127405
5.500000,-0.819520,1.963481,-2.945221,-1.229279,1.843919,-4.417831,2.127644,5.092727,-0.771496,1.845208,-2.767813,-1.157244,1.735866,-4.151719,2.000000,4.500000,-0.048024,0.118272,-0.177408,-0.072036,0.108054,-0.266112,0.592727,0.127644
5.510000,-0.848972,1.951188,-2.926782,-1.273458,1.910187,-4.390173,2.127883,5.093873,-0.799086,1.833429,-2.750143,-1.198629,1.797944,-4.125215,2.000000,4.500000,-0.049886,0.117759,-0.176638,-0.074829,0.112243,-0.264958,0.593873,0.127883
5.520000,-0.878240,1.938453,-2.907680,-1.317360,1.976039,-4.361520,2.128123,5.095019,-0.826497,1.821237,-2.731855,-1.239745,1.859618,-4.097783,2.000000,4.500000,-0.051743,0.117217,-0.175825,-0.077615,0.116422,-0.263737,0.595019,0.128123
5.530000,-0.907316,1.925280,-2.887919,-1.360975,2.041462,-4.331879,2.128362,5.096166,-0.853721,1.808635,-2.712952,-1.280582,1.920873,-4.069428,2.000000,4.500000,-0.053595,0.116645,-0.174967,-0.080393,0.120589,-0.262451,0.596166,0.128362
5.540000,-0.936196,1.911670,-2.867505,-1.404294,2.106440,-4.301257,2.128601,5.097312,-0.880754,1.795626,-2.693439,-1.321131,1.981696,-4.040159,2.000000,4.500000,-0.055442,0.116044,-0.174066,-0.083163,0.124744,-0.261099,0.597312,0.128601
5.550000,-0.964871,1.897627,-2.846440,-1.447306,2.170959,-4.269661,2.128841,5.098459,-0.907588,1.782213,-2.673320,-1.361382,2.042073,-4.009980,2.000000,4.500000,-0.057283,0.115414,-0.173121,-0.085924,0.128886,-0.259681,0.598459,0.128841
5.560000,-0.993335,1.883154,-2.824731,-1.490003,2.235004,-4.237096,2.129080,5.099606,-0.934218,1.768399,-2.652599,-1.401327,2.101991,-3.978899,2.000000,4.500000,-0.059117,0.114754,-0.172132,-0.088676,0.133013,-0.258198,0.599606,0.129080
5.570000,-1.021582,1.868254,-2.802381,-1.532374,2.298561,-4.203571,2.129320,5.100754,-0.960638,1.754188,-2.631282,-1.440957,2.161435,-3.946922,2.000000,4.500000,-0.060944,0.114066,-0.171099,-0.091417,0.137125,-0.256649,0.600754,0.129320
5.580000,-1.049606,1.852930,-2.779395,-1.574409,2.361614,-4.169093,2.129559,5.101901,-0.986842,1.739581,-2.609372,-1.480263,2.220394,-3.914058,2.000000,4.500000,-0.062765,0.113349,-0.170023,-0.094147,0.141220,-0.255035,0.601901,0.129559
5.590000,-1.077400,1.837186,-2.755779,-1.616100,2.424150,-4.133669,2.129799,5.103049,-1.012823,1.724584,-2.586875,-1.519235,2.278853,-3.880313,2.000000,4.500000,-0.064577,0.112602,-0.168904,-0.096865,0.145298,-0.253355,0.603049,0.129799
5.600000,-1.104958,1.821025,-2.731538,-1.657437,2.486155,-4.097306,2.130039,5.104197,-1.038577,1.709198,-2.563797,-1.557866,2.336799,-3.845695,2.000000,4.500000,-0.066381,0.111827,-0.167741,-0.099571,0.149357,-0.251611,0.604197,0.130039
5.610000,-1.132273,1.804451,-2.706676,-1.698410,2.547615,-4.060014,2.130278,5.105346,-1.064097,1.693427,-2.540141,-1.596146,2.394219,-3.810212,2.000000,4.500000,-0.068176,0.111023,-0.166535,-0.102264,0.153396,-0.249802,0.605346,0.130278
5.620000,-1.159340,1.787467,-2.681200,-1.739010,2.608515,-4.021800,2.130518,5.106495,-1.089378,1.677276,-2.515914,-1.634067,2.451101,-3.773871,2.000000,4.500000,-0.069962,0.110190,-0.165286,-0.104943,0.157414,-0.247929,0.606495,0.130518
5.630000,-1.186152,1.770076,-2.655115,-1.779228,2.668842,-3.982672,2.130758,5.107644,-1.114414,1.660747,-2.491121,-1.671621,2.507431,-3.736682,2.000000,4.500000,-0.071738,0.109329,-0.163994,-0.107607,0.161411,-0.245991,0.607644,0.130758
5.640000,-1.212703,1.752284,-2.628426,-1.819055,2.728582,-3.942639,2.130997,5.108793,-1.139199,1.643845,-2.465767,-1.708798,2.563197,-3.698651,2.000000,4.500000,-0.073505,0.108439,-0.162659,-0.110257,0.165385,-0.243988,0.608793,0.130997
5.650000,-1.238988,1.734094,-2.601140,-1.858481,2.787722,-3.901711,2.131237,5.109942,-1.163727,1.626573,-2.439859,-1.745591,2.618387,-3.659788,2.000000,4.500000,-0.075260,0.107521,-0.161281,-0.112890,0.169335,-0.241922,0.609942,0.131237
5.660000,-1.264999,1.715509,-2.573263,-1.897498,2.846248,-3.859895,2.131477,5.111092,-1.187994,1.608934,-2.413402,-1.781991,2.672987,-3.620102,2.000000,4.500000,-0.077005,0.106574,-0.159862,-0.115507,0.173261,-0.239792,0.611092,0.131477
5.670000,-1.290732,1.696534,-2.544801,-1.936097,2.904146,-3.817201,2.131716,5.112242,-1.211994,1.590934,-2.386401,-1.817990,2.726986,-3.579602,2.000000,4.500000,-0.078738,0.105600,-0.158400,-0.118107,0.177160,-0.237599,0.612242,0.131716
5.680000,-1.316180,1.677173,-2.515759,-1.974269,2.961404,-3.773639,2.131956,5.113392,-1.235720,1.572576,-2.358864,-1.853581,2.780371,-3.538296,2.000000,4.500000,-0.080459,0.104597,-0.156895,-0.120689,0.181033,-0.235343,0.613392,0.131956
5.690000,-1.341337,1.657430,-2.486145,-2.012006,3.018009,-3.729218,2.132196,5.114543,-1.259169,1.553864,-2.330796,-1.888754,2.833130,-3.496194,2.000000,4.500000,-0.082168,0.103566,-0.155349,-0.123252,0.184878,-0.233024,0.614543,0.132196
5.700000,-1.366199,1.637310,-2.455965,-2.049298,3.073947,-3.683948,2.132436,5.115693,-1.282335,1.534802,-2.302203,-1.923502,2.885253,-3.453305,2.000000,4.500000,-0.083864,0.102508,-0.153762,-0.125796,0.188694,-0.230643,0.615693,0.132436
5.710000,-1.390758,1.616817,-2.425226,-2.086137,3.129206,-3.637839,2.132676,5.116845,-1.305211,1.515395,-2.273093,-1.957817,2.936726,-3.409640,2.000000,4.500000,-0.085547,0.101422,-0.152133,-0.128320,0.192480,-0.228199,0.616845,0.132676
5.720000,-1.415011,1.595956,-2.393934,-2.122516,3.183774,-3.590900,2.132916,5.117996,-1.327795,1.495647,-2.243471,-1.991692,2.987538,-3.365207,2.000000,4.500000,-0.087216,0.100308,-0.150462,-0.130824,0.196236,-0.225694,0.617996,0.132916
5.730000,-1.438950,1.574731,-2.362096,-2.158425,3.237637,-3.543144,2.133156,5.119147,-1.350079,1.475563,-2.213345,-2.025119,3.037678,-3.320017,2.000000,4.500000,-0.088871,0.099168,-0.148751,-0.133306,0.199959,-0.223127,0.619147,0.133156
5.740000,-1.462571,1.553146,-2.329720,-2.193856,3.290784,-3.494579,2.133396,5.120299,-1.372060,1.455147,-2.182720,-2.058090,3.087135,-3.274080,2.000000,4.500000,-0.090511,0.098000,-0.147000,-0.135766,0.203650,-0.220499,0.620299,0.133396
5.750000,-1.485868,1.531208,-2.296812,-2.228802,3.343203,-3.445218,2.133636,5.121451,-1.393732,1.434403,-2.151604,-2.090598,3.135897,-3.227406,2.000000,4.500000,-0.092136,0.096805,-0.145208,-0.138204,0.207306,-0.217811,0.621451,0.133636
5.760000,-1.508836,1.508920,-2.263380,-2.263254,3.394881,-3.395069,2.133876,5.122604,-1.415090,1.413336,-2.120004,-2.122636,3.183953,-3.180006,2.000000,4.500000,-0.093746,0.095584,-0.143375,-0.140619,0.210928,-0.215063,0.622604,0.133876
5.770000,-1.531470,1.486287,-2.229431,-2.297205,3.445807,-3.344146,2.134116,5.123756,-1.436130,1.391952,-2.087927,-2.154196,3.231293,-3.131891,2.000000,4.500000,-0.095340,0.094336,-0.141503,-0.143009,0.214514,-0.212255,0.623756,0.134116
5.780000,-1.553764,1.463315,-2.194973,-2.330646,3.495970,-3.292459,2.134356,5.124909,-1.456847,1.370254,-2.055381,-2.185271,3.277907,-3.083071,2.000000,4.500000,-0.096917,0.093061,-0.139592,-0.145375,0.218063,-0.209388,0.624909,0.134356
5.790000,-1.575714,1.440009,-2.160013,-2.363571,3.545356,-3.240020,2.134596,5.126062,-1.477237,1.348248,-2.022372,-2.215855,3.323782,-3.033558,2.000000,4.500000,-0.098477,0.091761,-0.137641,-0.147716,0.221574,-0.206462,0.626062,0.134596
5.800000,-1.597314,1.416373,-2.124560,-2.395971,3.593957,-3.186839,2.134836,5.127215,-1.497293,1.325938,-1.988908,-2.245940,3.368910,-2.983362,2.000000,4.500000,-0.100021,0.090435,-0.135652,-0.150031,0.225047,-0.203478,0.627215,0.134836
5.810000,-1.618560,1.392413,-2.088620,-2.427840,3.641759,-3.132930,2.135076,5.128369,-1.517013,1.303331,-1.954996,-2.275520,3.413280,-2.932494,2.000000,4.500000,-0.101547,0.089083,-0.133624,-0.152320,0.228480,-0.200436,0.628369,0.135076
5.820000,-1.639446,1.368135,-2.052202,-2.459169,3.688753,-3.078304,2.135316,5.129523,-1.536392,1.280430,-1.920645,-2.304588,3.456881,-2.880967,2.000000,4.500000,-0.103054,0.087705,-0.131558,-0.154581,0.231872,-0.197337,0.629523,0.135316
5.830000,-1.659968,1.343543,-2.015315,-2.489952,3.734928,-3.022972,2.135557,5.130677,-1.555425,1.257241,-1.885861,-2.333137,3.499705,-2.828792,2.000000,4.500000,-0.104543,0.086302,-0.129454,-0.156815,0.235222,-0.194181,0.630677,0.135557
5.840000,-1.680121,1.318644,-1.977966,-2.520182,3.780272,-2.966948,2.135797,5.131832,-1.574108,1.233769,-1.850653,-2.361161,3.541742,-2.775980,2.000000,4.500000,-0.106014,0.084875,-0.127312,-0.159020,0.238530,-0.190969,0.631832,0.135797
5.850000,-1.699901,1.293442,-1.940163,-2.549851,3.824777,-2.910244,2.136037,5.132986,-1.592436,1.210019,-1.815029,-2.388654,3.582982,-2.722543,2.000000,4.500000,-0.107464,0.083423,-0.125134,-0.161197,0.241795,-0.187701,0.632986,0.136037
5.860000,-1.719302,1.267943,-1.901915,-2.578954,3.868430,-2.852873,2.136277,5.134141,-1.610407,1.185997,-1.778996,-2.415610,3.623415,-2.668494,2.000000,4.500000,-0.108896,0.081946,-0.122919,-0.163343,0.245015,-0.184378,0.634141,0.136277
5.870000,-1.738322,1.242154,-1.863231,-2.607482,3.911223,-2.794846,2.136518,5.135296,-1.628015,1.161709,-1.742563,-2.442022,3.663034,-2.613845,2.000000,4.500000,-0.110307,0.080445,-0.120667,-0.165460,0.248190,-0.181001,0.635296,0.136518
5.880000,-1.756954,1.216079,-1.824119,-2.635431,3.953146,-2.736178,2.136758,5.136452,-1.645257,1.137159,-1.705738,-2.467885,3.701828,-2.558607,2.000000,4.500000,-0.111697,0.078920,-0.118380,-0.167546,0.251318,-0.177570,0.636452,0.136758
5.890000,-1.775195,1.189725,-1.784587,-2.662793,3.994189,-2.676881,2.136998,5.137607,-1.662128,1.112353,-1.668530,-2.493193,3.739789,-2.502794,2.000000,4.500000,-0.113067,0.077372,-0.116058,-0.169600,0.254400,-0.174086,0.637607,0.136998
5.900000,-1.793041,1.163097,-1.744645,-2.689561,4.034342,-2.616968,2.137239,5.138763,-1.678626,1.087297,-1.630945,-2.517939,3.776909,-2.446418,2.000000,4.500000,-0.114415,0.075800,-0.113700,-0.171622,0.257433,-0.170550,0.638763,0.137239
5.910000,-1.810487,1.136201,-1.704302,-2.715731,4.073596,-2.556453,2.137479,5.139920,-1.694746,1.061996,-1.592994,-2.542119,3.813179,-2.389491,2.000000,4.500000,-0.115741,0.074205,-0.111308,-0.173612,0.260418,-0.166961,0.639920,0.137479
5.920000,-1.827530,1.109044,-1.663566,-2.741296,4.111943,-2.495349,2.137720,5.141076,-1.710485,1.036456,-1.554685,-2.565727,3.848591,-2.332027,2.000000,4.500000,-0.117046,0.072587,-0.108881,-0.175568,0.263353,-0.163322,0.641076,0.137720
5.930000,-1.844166,1.081631,-1.622446,-2.766249,4.149374,-2.433670,2.137960,5.142233,-1.725839,1.010684,-1.516025,-2.588758,3.883137,-2.274038,2.000000,4.500000,-0.118327,0.070947,-0.106421,-0.177491,0.266237,-0.159632,0.642233,0.137960
5.940000,-1.860390,1.053968,-1.580953,-2.790586,4.185879,-2.371429,2.138201,5.143390,-1.740804,0.984683,-1.477025,-2.611206,3.916809,-2.215537,2.000000,4.500000,-0.119586,0.069285,-0.103928,-0.179380,0.269069,-0.155892,0.643390,0.138201
5.950000,-1.876200,1.026063,-1.539094,-2.814300,4.221450,-2.308641,2.138441,5.144547,-1.755378,0.958461,-1.437692,-2.633067,3.949600,-2.156538,2.000000,4.500000,-0.120822,0.067601,-0.101402,-0.181233,0.271850,-0.152103,0.644547,0.138441
5.960000,-1.891591,0.997920,-1.496879,-2.837386,4.256080,-2.245319,2.138682,5.145705,-1.769557,0.932024,-1.398036,-2.654335,3.981503,-2.097054,2.000000,4.500000,-0.122034,0.065896,-0.098844,-0.183051,0.274577,-0.148265,0.645705,0.138682
5.970000,-1.906560,0.969546,-1.454319,-2.859840,4.289759,-2.181478,2.138922,5.146862,-1.783338,0.905377,-1.358065,-2.675006,4.012510,-2.037097,2.000000,4.500000,-0.123222,0.064169,-0.096254,-0.184833,0.277250,-0.144380,0.646862,0.138922
5.980000,-1.921103,0.940947,-1.411421,-2.881654,4.322482,-2.117131,2.139163,5.148020,-1.796717,0.878526,-1.317789,-2.695076,4.042614,-1.976683,2.000000,4.500000,-0.124386,0.062422,-0.093632,-0.186579,0.279868,-0.140449,0.648020,0.139163
5.990000,-1.935217,0.912131,-1.368196,-2.902826,4.354239,-2.052294,2.139404,5.149179,-1.809692,0.851477,-1.277216,-2.714539,4.071808,-1.915824,2.000000,4.500000,-0.125525,0.060654,-0.090980,-0.188287,0.282431,-0.136471,0.649179,0.139404
6.000000,-1.948899,0.883102,-1.324654,-2.923349,4.385023,-1.986981,2.139644,5.150337,-1.822261,0.824237,-1.236355,-2.733391,4.100086,-1.854533,2.000000,4.500000,-0.126639,0.058866,-0.088298,-0.189958,0.284937,-0.132447,0.650337,0.139644
6.010000,-1.962146,0.853869,-1.280804,-2.943218,4.414828,-1.921205,2.139885,5.151496,-1.834419,0.796811,-1.195217,-2.751628,4.127442,-1.792826,2.000000,4.500000,-0.127727,0.057058,-0.085586,-0.191591,0.287386,-0.128380,0.651496,0.139885
6.020000,-1.974954,0.824437,-1.236655,-2.962430,4.443646,-1.854983,2.140126,5.152655,-1.846164,0.769206,-1.153810,-2.769246,4.153869,-1.730715,2.000000,4.500000,-0.128790,0.055230,-0.082846,-0.193185,0.289777,-0.124268,0.652655,0.140126
6.030000,-1.987320,0.794813,-1.192219,-2.980980,4.471470,-1.788328,2.140366,5.153815,-1.857494,0.741429,-1.112143,-2.786241,4.179361,-1.668214,2.000000,4.500000,-0.129826,0.053384,-0.080076,-0.194739,0.292109,-0.120114,0.653815,0.140366
6.040000,-1.999242,0.765003,-1.147504,-2.998864,4.498295,-1.721256,2.140607,5.154974,-1.868406,0.713484,-1.070226,-2.802609,4.203913,-1.605338,2.000000,4.500000,-0.130836,0.051519,-0.077278,-0.196255,0.294382,-0.115918,0.654974,0.140607
6.050000,-2.010717,0.735014,-1.102521,-3.016076,4.524114,-1.653782,2.140848,5.156134,-1.878898,0.685378,-1.028068,-2.818346,4.227520,-1.542101,2.000000,4.500000,-0.131820,0.049636,-0.074453,-0.197730,0.296594,-0.111680,0.656134,0.140848
6.060000,-2.021743,0.704853,-1.057280,-3.032614,4.548921,-1.585920,2.141089,5.157294,-1.888967,0.657119,-0.985678,-2.833450,4.250175,-1.478518,2.000000,4.500000,-0.132776,0.047734,-0.071602,-0.199164,0.298746,-0.107402,0.657294,0.141089
6.070000,-2.032315,0.674527,-1.011791,-3.048473,4.572710,-1.517686,2.141330,5.158455,-1.898610,0.628712,-0.943067,-2.847916,4.271874,-1.414601,2.000000,4.500000,-0.133705,0.045816,-0.068723,-0.200557,0.300836,-0.103085,0.658455,0.141330
6.080000,-2.042433,0.644042,-0.966064,-3.063650,4.595475,-1.449095,2.141571,5.159615,-1.907827,0.600163,-0.900244,-2.861741,4.292611,-1.350366,2.000000,4.500000,-0.134606,0.043880,-0.065820,-0.201909,0.302864,-0.098729,0.659615,0.141571
6.090000,-2.052094,0.613406,-0.920109,-3.078141,4.617211,-1.380163,2.141812,5.160776,-1.916615,0.571479,-0.857218,-2.874922,4.312383,-1.285828,2.000000,4.500000,-0.135479,0.041927,-0.062891,-0.203219,0.304828,-0.094336,0.660776,0.141812
6.100000,-2.061295,0.582625,-0.873937,-3.091943,4.637914,-1.310905,2.142052,5.161937,-1.924971,0.542666,-0.814000,-2.887456,4.331185,-1.221000,2.000000,4.500000,-0.136324,0.039958,-0.059937,-0.204486,0.306729,-0.089906,0.661937,0.142052
6.110000,-2.070034,0.551705,-0.827558,-3.105052,4.657577,-1.241336,2.142293,5.163099,-1.932894,0.513732,-0.770598,-2.899341,4.349012,-1.155897,2.000000,4.500000,-0.137140,0.037973,-0.056960,-0.205711,0.308566,-0.085440,0.663099,0.142293
6.120000,-2.078310,0.520655,-0.780982,-3.117465,4.676198,-1.171473,2.142534,5.164260,-1.940382,0.484682,-0.727023,-2.910573,4.365860,-1.090534,2.000000,4.500000,-0.137928,0.035973,-0.053959,-0.206892,0.310337,-0.080939,0.664260,0.142534
6.130000,-2.086120,0.489480,-0.734220,-3.129180,4.693770,-1.101330,2.142775,5.165422,-1.947434,0.455523,-0.683284,-2.921151,4.381726,-1.024926,2.000000,4.500000,-0.138686,0.033957,-0.050936,-0.208029,0.312043,-0.076404,0.665422,0.142775
6.140000,-2.093462,0.458188,-0.687282,-3.140193,4.710290,-1.030923,2.143016,5.166585,-1.954047,0.426261,-0.639391,-2.931071,4.396607,-0.959087,2.000000,4.500000,-0.139415,0.031927,-0.047891,-0.209122,0.313683,-0.071836,0.666585,0.143016
6.150000,-2.100335,0.426786,-0.640179,-3.150502,4.725753,-0.960269,2.143258,5.167747,-1.960221,0.396903,-0.595355,-2.940332,4.410498,-0.893033,2.000000,4.500000,-0.140114,0.029883,-0.044824,-0.210170,0.315255,-0.067236,0.667747,0.143258
6.160000,-2.106737,0.395281,-0.592922,-3.160105,4.740157,-0.889383,2.143499,5.168910,-1.965954,0.367457,-0.551185,-2.948931,4.423397,-0.826777,2.000000,4.500000,-0.140783,0.027825,-0.041737,-0.211174,0.316761,-0.062605,0.668910,0.143499
6.170000,-2.112666,0.363680,-0.545520,-3.168999,4.753498,-0.818280,2.143740,5.170073,-1.971245,0.337927,-0.506891,-2.956867,4.435300,-0.760336,2.000000,4.500000,-0.141421,0.025753,-0.038630,-0.212132,0.318198,-0.057945,0.670073,0.143740
6.180000,-2.118121,0.331990,-0.497985,-3.177182,4.765772,-0.746978,2.143981,5.171236,-1.976092,0.308321,-0.462482,-2.964137,4.446206,-0.693723,2.000000,4.500000,-0.142030,0.023669,-0.035503,-0.213044,0.319566,-0.053255,0.671236,0.143981
6.190000,-2.123101,0.300218,-0.450327,-3.184651,4.776977,-0.675491,2.144222,5.172400,-1.980494,0.278646,-0.417970,-2.970741,4.456111,-0.626955,2.000000,4.500000,-0.142607,0.021572,-0.032358,-0.213911,0.320866,-0.048537,0.672400,0.144222
6.200000,-2.127604,0.268372,-0.402558,-3.191406,4.787109,-0.603837,2.144463,5.173563,-1.984451,0.248909,-0.373363,-2.976676,4.465014,-0.560045,2.000000,4.500000,-0.143154,0.019463,-0.029194,-0.214730,0.322095,-0.043792,0.673563,0.144463
6.210000,-2.131630,0.236458,-0.354687,-3.197445,4.796167,-0.532030,2.144705,5.174727,-1.987961,0.219115,-0.328673,-2.981941,4.472912,-0.493009,2.000000,4.500000,-0.143669,0.017343,-0.026014,-0.215503,0.323255,-0.039021,0.674727,0.144705
6.220000,-2.135177,0.204483,-0.306725,-3.202765,4.804147,-0.460087,2.144946,5.175892,-1.991024,0.189272,-0.283908,-2.986536,4.479804,-0.425863,2.000000,4.500000,-0.144153,0.015211,-0.022817,-0.216229,0.324344,-0.034225,0.675892,0.144946
6.230000,-2.138244,0.172456,-0.258683,-3.207366,4.811049,-0.388025,2.145187,5.177056,-1.993639,0.159387,-0.239080,-2.990458,4.485687,-0.358620,2.000000,4.500000,-0.144605,0.013069,-0.019603,-0.216908,0.325361,-0.029405,0.677056,0.145187
6.240000,-2.140831,0.140382,-0.210573,-3.211246,4.816869,-0.315860,2.145428,5.178221,-1.995805,0.129465,-0.194198,-2.993708,4.490562,-0.291297,2.000000,4.500000,-0.145025,0.010917,-0.016375,-0.217538,0.326307,-0.024563,0.678221,0.145428
6.250000,-2.142936,0.108270,-0.162404,-3.214405,4.821607,-0.243606,2.145670,5.179386,-1.997523,0.099515,-0.149272,-2.996284,4.494426,-0.223908,2.000000,4.500000,-0.145414,0.008755,-0.013132,-0.218121,0.327181,-0.019698,0.679386,0.145670
6.260000,-2.144561,0.076125,-0.114188,-3.216841,4.825261,-0.171282,2.145911,5.180552,-1.998791,0.069542,-0.104313,-2.998186,4.497279,-0.156469,2.000000,4.500000,-0.145770,0.006584,-0.009875,-0.218655,0.327982,-0.014813,0.680552,0.145911
6.270000,-2.145702,0.043957,-0.065936,-3.218554,4.827830,-0.098903,2.146153,5.181717,-1.999609,0.039553,-0.059330,-2.999413,4.499120,-0.088995,2.000000,4.500000,-0.146094,0.004404,-0.006606,-0.219140,0.328710,-0.009908,0.681717,0.146153
6.280000,-2.146362,0.011772,-0.017657,-3.219543,4.829314,-0.026486,2.146394,5.182883,-1.999977,0.009556,-0.014334,-2.999966,4.499949,-0.021501,2.000000,4.500000,-0.146385,0.002216,-0.003323,-0.219577,0.329365,-0.004985,0.682883,0.146394
6.290000,-2.146538,-0.020424,0.030636,-3.219807,4.829711,0.045954,2.146635,5.184049,-1.999896,-0.020444,0.030666,-2.999843,4.499765,0.045998,2.000000,4.500000,-0.146643,0.000020,-0.000030,-0.219964,0.329946,-0.000045,0.684049,0.146635
6.300000,-2.146232,-0.052622,0.078933,-3.219348,4.829022,0.118399,2.146877,5.185216,-1.999364,-0.050439,0.075658,-2.999046,4.498569,0.113487,2.000000,4.500000,-0.146868,-0.002183,0.003275,-0.220302,0.330453,0.004912,0.685216,0.146877
6.310000,-2.145443,-0.084815,0.127223,-3.218164,4.827246,0.190835,2.147118,5.186382,-1.998382,-0.080422,0.120634,-2.997574,4.496360,0.180950,2.000000,4.500000,-0.147060,-0.004393,0.006590,-0.220590,0.330885,0.009884,0.686382,0.147118
6.320000,-2.144170,-0.116997,0.175496,-3.216256,4.824383,0.263243,2.147360,5.187549,-1.996951,-0.110388,0.165582,-2.995427,4.493140,0.248373,2.000000,4.500000,-0.147219,-0.006609,0.009914,-0.220829,0.331243,0.014871,0.687549,0.147360
6.330000,-2.142415,-0.149160,0.223739,-3.213623,4.820435,0.335609,2.147602,5.188717,-1.995071,-0.140329,0.210493,-2.992606,4.488910,0.315740,2.000000,4.500000,-0.147345,-0.008831,0.013246,-0.221017,0.331525,0.019870,0.688717,0.147602
6.340000,-2.140178,-0.181296,0.271944,-3.210267,4.815401,0.407916,2.147843,5.189884,-1.992742,-0.170238,0.255357,-2.989112,4.483669,0.383035,2.000000,4.500000,-0.147436,-0.011058,0.016587,-0.221155,0.331732,0.024881,0.689884,0.147843
6.350000,-2.137459,-0.213399,0.320098,-3.206188,4.809282,0.480147,2.148085,5.191052,-1.989964,-0.200109,0.300163,-2.984946,4.477419,0.450245,2.000000,4.500000,-0.147495,-0.013290,0.019935,-0.221242,0.331863,0.029902,0.691052,0.148085
6.360000,-2.134258,-0.245460,0.368191,-3.201386,4.802080,0.552286,2.148326,5.192220,-1.986739,-0.229935,0.344902,-2.980108,4.470162,0.517353,2.000000,4.500000,-0.147519,-0.015526,0.023289,-0.221279,0.331918,0.034933,0.692220,0.148326
6.370000,-2.130576,-0.277474,0.416211,-3.195864,4.793795,0.624317,2.148568,5.193388,-1.983066,-0.259709,0.389563,-2.974599,4.461899,0.584344,2.000000,4.500000,-0.147510,-0.017766,0.026648,-0.221264,0.331896,0.039973,0.693388,0.148568
6.380000,-2.126414,-0.309433,0.464149,-3.189620,4.784431,0.696224,2.148810,5.194556,-1.978948,-0.289424,0.434136,-2.968421,4.452632,0.651205,2.000000,4.500000,-0.147466,-0.020009,0.030013,-0.221199,0.331799,0.045019,0.694556,0.148810
6.390000,-2.121772,-0.341329,0.511994,-3.182658,4.773987,0.767990,2.149052,5.195725,-1.974384,-0.319075,0.478612,-2.961576,4.442363,0.717918,2.000000,4.500000,-0.147388,-0.022254,0.033381,-0.221083,0.331624,0.050072,0.695725,0.149052
6.400000,-2.116652,-0.373156,0.559734,-3.174978,4.762467,0.839600,2.149293,5.196894,-1.969376,-0.348654,0.522980,-2.954064,4.431095,0.784471,2.000000,4.500000,-0.147276,-0.024502,0.036753,-0.220915,0.331372,0.055130,0.696894,0.149293
6.410000,-2.111055,-0.404905,0.607358,-3.166582,4.749873,0.911037,2.149535,5.198064,-1.963925,-0.378154,0.567231,-2.945887,4.418830,0.850846,2.000000,4.500000,-0.147130,-0.026752,0.040127,-0.220695,0.331043,0.060191,0.698064,0.149535
6.420000,-2.104981,-0.436571,0.654857,-3.157472,4.736208,0.982285,2.149777,5.199233,-1.958032,-0.407569,0.611354,-2.937047,4.405571,0.917030,2.000000,4.500000,-0.146950,-0.029002,0.043503,-0.220425,0.330637,0.065255,0.699233,0.149777
6.430000,-2.098433,-0.468146,0.702219,-3.147649,4.721474,1.053329,2.150019,5.200403,-1.951698,-0.436893,0.655339,-2.927547,4.391320,0.983008,2.000000,4.500000,-0.146735,-0.031253,0.046880,-0.220102,0.330153,0.070320,0.700403,0.150019
6.440000,-2.091410,-0.499623,0.749434,-3.137116,4.705674,1.124151,2.150261,5.201573,-1.944925,-0.466118,0.699177,-2.917388,4.376082,1.048765,2.000000,4.500000,-0.146485,-0.033505,0.050257,-0.219728,0.329592,0.075386,0.701573,0.150261
6.450000,-2.083916,-0.530994,0.796490,-3.125874,4.688811,1.194736,2.150502,5.202743,-1.937715,-0.495238,0.742857,-2.906572,4.359859,1.114286,2.000000,4.500000,-0.146201,-0.035755,0.053633,-0.219302,0.328953,0.080450,0.702743,0.150502
6.460000,-2.075951,-0.562252,0.843379,-3.113927,4.670890,1.265068,2.150744,5.203914,-1.930069,-0.524247,0.786371,-2.895103,4.342654,1.179556,2.000000,4.500000,-0.145883,-0.038005,0.057008,-0.218824,0.328236,0.085512,0.703914,0.150744
6.470000,-2.067517,-0.593392,0.890088,-3.101276,4.651914,1.335131,2.150986,5.205085,-1.921988,-0.553138,0.829707,-2.882982,4.324473,1.244561,2.000000,4.500000,-0.145529,-0.040254,0.060380,-0.218294,0.327441,0.090571,0.705085,0.150986
6.480000,-2.058617,-0.624404,0.936607,-3.087925,4.631887,1.404910,2.151228,5.206256,-1.913475,-0.581905,0.872857,-2.870213,4.305319,1.309285,2.000000,4.500000,-0.145141,-0.042500,0.063750,-0.217712,0.326568,0.095625,0.706256,0.151228
6.490000,-2.049251,-0.655284,0.982926,-3.073876,4.610814,1.474388,2.151470,5.207427,-1.904532,-0.610540,0.915810,-2.856797,4.285196,1.373715,2.000000,4.500000,-0.144719,-0.044744,0.067115,-0.217078,0.325618,0.100673,0.707427,0.151470
6.500000,-2.039421,-0.686022,1.029034,-3.059132,4.588698,1.543551,2.151712,5.208599,-1.895160,-0.639038,0.958558,-2.842739,4.264109,1.437836,2.000000,4.500000,-0.144262,-0.046984,0.070476,-0.216392,0.324589,0.105714,0.708599,0.151712
6.510000,-2.029131,-0.716614,1.074921,-3.043696,4.565545,1.612381,2.151954,5.209771,-1.885361,-0.667393,1.001089,-2.828042,4.242063,1.501634,2.000000,4.500000,-0.143770,-0.049221,0.073831,-0.215655,0.323482,0.110747,0.709771,0.151954
6.520000,-2.018382,-0.747051,1.120576,-3.027573,4.541359,1.680864,2.152196,5.210943,-1.875139,-0.695597,1.043396,-2.812708,4.219062,1.565093,2.000000,4.500000,-0.143243,-0.051454,0.077180,-0.214865,0.322297,0.115771,0.710943,0.152196
6.530000,-2.007176,-0.777326,1.165990,-3.010764,4.516146,1.748985,2.152439,5.212116,-1.864494,-0.723645,1.085467,-2.796741,4.195112,1.628201,2.000000,4.500000,-0.142682,-0.053682,0.080522,-0.214023,0.321034,0.120784,0.712116,0.152439
6.540000,-1.995516,-0.807434,1.211151,-2.993274,4.489911,1.816727,2.152681,5.213288,-1.853430,-0.751530,1.127295,-2.780145,4.170218,1.690942,2.000000,4.500000,-0.142086,-0.055904,0.083856,-0.213129,0.319694,0.125785,0.713288,0.152681
6.550000,-1.983405,-0.837367,1.256050,-2.975107,4.462660,1.884075,2.152923,5.214461,-1.841949,-0.779246,1.168869,-2.762924,4.144385,1.753303,2.000000,4.500000,-0.141456,-0.058121,0.087182,-0.212183,0.318275,0.130773,0.714461,0.152923
6.560000,-1.970844,-0.867118,1.300677,-2.956266,4.434399,1.951015,2.153165,5.215635,-1.830054,-0.806786,1.210179,-2.745080,4.117620,1.815269,2.000000,4.500000,-0.140791,-0.060332,0.090498,-0.211186,0.316779,0.135746,0.715635,0.153165
6.570000,-1.957837,-0.896681,1.345021,-2.936756,4.405134,2.017531,2.153407,5.216808,-1.817746,-0.834145,1.251218,-2.726619,4.089929,1.876827,2.000000,4.500000,-0.140091,-0.062535,0.093803,-0.210136,0.315205,0.140704,0.716808,0.153407
6.580000,-1.944387,-0.926048,1.389072,-2.916581,4.374871,2.083608,2.153650,5.217982,-1.805030,-0.861317,1.291975,-2.707545,4.061318,1.937962,2.000000,4.500000,-0.139357,-0.064732,0.097097,-0.209035,0.313553,0.145646,0.717982,0.153650
6.590000,-1.930496,-0.955214,1.432821,-2.895745,4.343617,2.149231,2.153892,5.219156,-1.791908,-0.888294,1.332441,-2.687862,4.031793,1.998662,2.000000,4.500000,-0.138589,-0.066920,0.100380,-0.207883,0.311824,0.150570,0.719156,0.153892
6.600000,-1.916168,-0.984171,1.476257,-2.874252,4.311378,2.214386,2.154134,5.220330,-1.778382,-0.915072,1.372608,-2.667573,4.001360,2.058912,2.000000,4.500000,-0.137786,-0.069100,0.103649,-0.206679,0.310018,0.155474,0.720330,0.154134
6.610000,-1.901406,-1.012914,1.519371,-2.852108,4.278163,2.279056,2.154376,5.221505,-1.764457,-0.941644,1.412465,-2.646685,3.970028,2.118698,2.000000,4.500000,-0.136949,-0.071270,0.106905,-0.205423,0.308135,0.160358,0.721505,0.154376
6.620000,-1.886212,-1.041435,1.562152,-2.829318,4.243977,2.343229,2.154619,5.222680,-1.750134,-0.968004,1.452005,-2.625201,3.937802,2.178008,2.000000,4.500000,-0.136078,-0.073431,0.110147,-0.204117,0.306175,0.165221,0.722680,0.154619
6.630000,-1.870590,-1.069728,1.604592,-2.805886,4.208828,2.406888,2.154861,5.223855,-1.735418,-0.994146,1.491218,-2.603126,3.904690,2.236828,2.000000,4.500000,-0.135173,-0.075583,0.113374,-0.202759,0.304139,0.170061,0.723855,0.154861
6.640000,-1.854544,-1.097787,1.646681,-2.781817,4.172725,2.470021,2.155104,5.225030,-1.720311,-1.020064,1.530096,-2.580466,3.870699,2.295144,2.000000,4.500000,-0.134234,-0.077723,0.116584,-0.201350,0.302026,0.174877,0.725030,0.155104
6.650000,-1.838078,-1.125605,1.688408,-2.757116,4.135675,2.532612,2.155346,5.226206,-1.704817,-1.045753,1.568630,-2.557225,3.835838,2.352944,2.000000,4.500000,-0.133261,-0.079852,0.119778,-0.199891,0.299837,0.179667,0.726206,0.155346
6.660000,-1.821194,-1.153176,1.729765,-2.731790,4.097685,2.594647,2.155588,5.227382,-1.688939,-1.071207,1.606810,-2.533409,3.800114,2.410215,2.000000,4.500000,-0.132254,-0.081970,0.122955,-0.198381,0.297572,0.184432,0.727382,0.155588
6.670000,-1.803896,-1.180494,1.770741,-2.705844,4.058766,2.656112,2.155831,5.228558,-1.672682,-1.096419,1.644629,-2.509023,3.763534,2.466943,2.000000,4.500000,-0.131214,-0.084075,0.126112,-0.196821,0.295232,0.189169,0.728558,0.155831
6.680000,-1.786188,-1.207553,1.811329,-2.679283,4.018924,2.716994,2.156073,5.229734,-1.656048,-1.121385,1.682078,-2.484072,3.726108,2.523117,2.000000,4.500000,-0.130140,-0.086167,0.129251,-0.195211,0.292816,0.193877,0.729734,0.156073
6.690000,-1.768075,-1.234346,1.851518,-2.652113,3.978169,2.777277,2.156316,5.230911,-1.639042,-1.146099,1.719148,-2.458562,3.687844,2.578722,2.000000,4.500000,-0.129034,-0.088247,0.132370,-0.193550,0.290326,0.198555,0.730911,0.156316
6.700000,-1.749560,-1.260867,1.891300,-2.624340,3.936510,2.836950,2.156559,5.232088,-1.621666,-1.170555,1.755832,-2.432500,3.648749,2.633748,2.000000,4.500000,-0.127894,-0.090312,0.135468,-0.191840,0.287761,0.203202,0.732088,0.156559
6.710000,-1.730647,-1.287110,1.930665,-2.595971,3.893956,2.895998,2.156801,5.233265,-1.603926,-1.194747,1.792121,-2.405889,3.608834,2.688181,2.000000,4.500000,-0.126721,-0.092363,0.138544,-0.190081,0.285122,0.207817,0.733265,0.156801
6.720000,-1.711340,-1.313070,1.969605,-2.567011,3.850516,2.954407,2.157044,5.234443,-1.585825,-1.218671,1.828006,-2.378738,3.568107,2.742009,2.000000,4.500000,-0.125515,-0.094399,0.141599,-0.188273,0.282409,0.212398,0.734443,0.157044
6.730000,-1.691644,-1.338740,2.008110,-2.537466,3.806200,3.012165,2.157286,5.235620,-1.567368,-1.242320,1.863480,-2.351051,3.526577,2.795220,2.000000,4.500000,-0.124277,-0.096420,0.144630,-0.186415,0.279623,0.216945,0.735620,0.157286
6.740000,-1.671563,-1.364115,2.046172,-2.507345,3.761017,3.069258,2.157529,5.236799,-1.548557,-1.265690,1.898535,-2.322836,3.484253,2.847802,2.000000,4.500000,-0.123006,-0.098425,0.147637,-0.184509,0.276764,0.221455,0.736799,0.157529
6.750000,-1.651101,-1.389188,2.083782,-2.476652,3.714978,3.125673,2.157772,5.237977,-1.529398,-1.288775,1.933162,-2.294097,3.441146,2.899744,2.000000,4.500000,-0.121703,-0.100413,0.150619,-0.182555,0.273832,0.225929,0.737977,0.157772
6.760000,-1.630264,-1.413954,2.120932,-2.445396,3.668093,3.181398,2.158015,5.239155,-1.509895,-1.311570,1.967355,-2.264843,3.397264,2.951033,2.000000,4.500000,-0.120368,-0.102384,0.153577,-0.180553,0.270829,0.230365,0.739155,0.158015
6.770000,-1.609054,-1.438408,2.157613,-2.413582,3.620372,3.236419,2.158257,5.240334,-1.490053,-1.334070,2.001105,-2.235079,3.352618,3.001658,2.000000,4.500000,-0.119002,-0.104338,0.156507,-0.178503,0.267754,0.234761,0.740334,0.158257
6.780000,-1.587478,-1.462544,2.193816,-2.381217,3.571826,3.290725,2.158500,5.241513,-1.469875,-1.356270,2.034405,-2.204812,3.307218,3.051608,2.000000,4.500000,-0.117604,-0.106274,0.159411,-0.176405,0.264608,0.239117,0.741513,0.158500
6.790000,-1.565540,-1.486356,2.229535,-2.348310,3.522465,3.344302,2.158743,5.242693,-1.449366,-1.378165,2.067247,-2.174049,3.261074,3.100871,2.000000,4.500000,-0.116174,-0.108192,0.162288,-0.174261,0.261392,0.243431,0.742693,0.158743
6.800000,-1.543245,-1.509840,2.264759,-2.314867,3.472301,3.397139,2.158986,5.243872,-1.428531,-1.399749,2.099624,-2.142797,3.214195,3.149436,2.000000,4.500000,-0.114713,-0.110090,0.165135,-0.172070,0.258105,0.247703,0.743872,0.158986
6.810000,-1.520597,-1.532988,2.299482,-2.280896,3.421344,3.449223,2.159229,5.245052,-1.407375,-1.421019,2.131529,-2.111063,3.166594,3.197293,2.000000,4.500000,-0.113222,-0.111969,0.167954,-0.169833,0.254749,0.251931,0.745052,0.159229
6.820000,-1.497602,-1.555797,2.333696,-2.246403,3.369605,3.500544,2.159472,5.246232,-1.385902,-1.441969,2.162954,-2.078853,3.118280,3.244430,2.000000,4.500000,-0.111700,-0.113828,0.170742,-0.167550,0.251325,0.256113,0.746232,0.159472
6.830000,-1.474265,-1.578261,2.367392,-2.211398,3.317097,3.551088,2.159715,5.247413,-1.364118,-1.462595,2.193892,-2.046177,3.069265,3.290838,2.000000,4.500000,-0.110148,-0.115667,0.173500,-0.165221,0.247832,0.260250,0.747413,0.159715
6.840000,-1.450591,-1.600375,2.400563,-2.175887,3.263831,3.600844,2.159957,5.248593,-1.342026,-1.482891,2.224337,-2.013039,3.019559,3.336505,2.000000,4.500000,-0.108565,-0.117484,0.176226,-0.162848,0.244272,0.264339,0.748593,0.159957
6.850000,-1.426586,-1.622134,2.433201,-2.139879,3.209818,3.649802,2.160200,5.249774,-1.319633,-1.502854,2.254281,-1.979449,2.969173,3.381421,2.000000,4.500000,-0.106953,-0.119280,0.178920,-0.160430,0.240645,0.268380,0.749774,0.160200
6.860000,-1.402254,-1.643533,2.465299,-2.103381,3.155071,3.697949,2.160443,5.250955,-1.296942,-1.522479,2.283718,-1.945413,2.918120,3.425577,2.000000,4.500000,-0.105312,-0.121054,0.181581,-0.157967,0.236951,0.272372,0.750955,0.160443
6.870000,-1.377601,-1.664567,2.496850,-2.066401,3.099602,3.745275,2.160686,5.252137,-1.273960,-1.541761,2.312641,-1.910940,2.866410,3.468961,2.000000,4.500000,-0.103641,-0.122806,0.184209,-0.155461,0.233192,0.276313,0.752137,0.160686
6.880000,-1.352632,-1.685231,2.527846,-2.028948,3.043423,3.791769,2.160930,5.253319,-1.250691,-1.560696,2.341044,-1.876037,2.814055,3.511566,2.000000,4.500000,-0.101941,-0.124535,0.186802,-0.152912,0.229368,0.280203,0.753319,0.160930
6.890000,-1.327354,-1.705520,2.558280,-1.991031,2.986546,3.837420,2.161173,5.254501,-1.227141,-1.579280,2.368920,-1.840711,2.761067,3.553380,2.000000,4.500000,-0.100213,-0.126240,0.189360,-0.150319,0.225479,0.284040,0.754501,0.161173
6.900000,-1.301771,-1.725430,2.588146,-1.952657,2.928985,3.882219,2.161416,5.255683,-1.203315,-1.597509,2.396263,-1.804972,2.707458,3.594395,2.000000,4.500000,-0.098457,-0.127922,0.191883,-0.147685,0.221527,0.287824,0.755683,0.161416
6.910000,-1.275890,-1.744957,2.617436,-1.913834,2.870752,3.926153,2.161659,5.256865,-1.179217,-1.615378,2.423067,-1.768826,2.653239,3.634601,2.000000,4.500000,-0.096672,-0.129579,0.194368,-0.145008,0.217512,0.291553,0.756865,0.161659
6.920000,-1.249715,-1.764095,2.646143,-1.874573,2.811859,3.969215,2.161902,5.258048,-1.154855,-1.632884,2.449326,-1.732282,2.598424,3.673989,2.000000,4.500000,-0.094860,-0.131211,0.196817,-0.142290,0.213436,0.295226,0.758048,0.161902
6.930000,-1.223254,-1.782841,2.674262,-1.834881,2.752321,4.011392,2.162145,5.259231,-1.130233,-1.650022,2.475034,-1.695349,2.543024,3.712550,2.000000,4.500000,-0.093021,-0.132819,0.199228,-0.139532,0.209297,0.298842,0.759231,0.162145
6.940000,-1.196511,-1.801190,2.701785,-1.794767,2.692150,4.052677,2.162389,5.260415,-1.105356,-1.666790,2.500184,-1.658034,2.487051,3.750277,2.000000,4.500000,-0.091155,-0.134400,0.201600,-0.136733,0.205099,0.302401,0.760415,0.162389
6.950000,-1.169493,-1.819138,2.728706,-1.754240,2.631360,4.093060,2.162632,5.261598,-1.080231,-1.683182,2.524773,-1.620346,2.430520,3.787159,2.000000,4.500000,-0.089262,-0.135956,0.203934,-0.133894,0.200840,0.305900,0.761598,0.162632
6.960000,-1.142206,-1.836680,2.755020,-1.713309,2.569964,4.132530,2.162875,5.262782,-1.054863,-1.699195,2.548793,-1.582294,2.373441,3.823190,2.000000,4.500000,-0.087344,-0.137485,0.206227,-0.131016,0.196523,0.309340,0.762782,0.162875
6.970000,-1.114656,-1.853813,2.780720,-1.671984,2.507976,4.171079,2.163118,5.263966,-1.029257,-1.714827,2.572240,-1.543885,2.315828,3.858360,2.000000,4.500000,-0.085399,-0.138986,0.208480,-0.128099,0.192148,0.312720,0.763966,0.163118
6.980000,-1.086849,-1.870533,2.805799,-1.630273,2.445410,4.208699,2.163362,5.265151,-1.003420,-1.730072,2.595108,-1.505130,2.257694,3.892662,2.000000,4.500000,-0.083429,-0.140461,0.210691,-0.125144,0.187716,0.316037,0.765151,0.163362
6.990000,-1.058791,-1.886836,2.830253,-1.588186,2.382279,4.245380,2.163605,5.266335,-0.977357,-1.744928,2.617392,-1.466035,2.199053,3.926088,2.000000,4.500000,-0.081434,-0.141908,0.212861,-0.122151,0.183227,0.319292,0.766335,0.163605
7.000000,-1.030488,-1.902717,2.854076,-1.545733,2.318599,4.281114,2.163848,5.267520,-0.951074,-1.759392,2.639087,-1.426611,2.139916,3.958631,2.000000,4.500000,-0.079414,-0.143326,0.214989,-0.119122,0.178683,0.322483,0.767520,0.163848
7.010000,-1.001948,-1.918175,2.877262,-1.502921,2.254382,4.315893,2.164092,5.268705,-0.924577,-1.773459,2.660189,-1.386865,2.080298,3.990283,2.000000,4.500000,-0.077371,-0.144716,0.217073,-0.116056,0.174084,0.325610,0.768705,0.164092
7.020000,-0.973175,-1.933204,2.899806,-1.459762,2.189644,4.349709,2.164335,5.269891,-0.897872,-1.787128,2.680692,-1.346808,2.020212,4.021038,2.000000,4.500000,-0.075303,-0.146076,0.219114,-0.112954,0.169431,0.328672,0.769891,0.164335
7.030000,-0.944177,-1.947802,2.921702,-1.416265,2.124398,4.382554,2.164579,5.271076,-0.870965,-1.800394,2.700591,-1.306448,1.959672,4.050887,2.000000,4.500000,-0.073212,-0.147407,0.221111,-0.109818,0.164726,0.331667,0.771076,0.164579
7.040000,-0.914960,-1.961964,2.942946,-1.372440,2.058660,4.414420,2.164822,5.272262,-0.843862,-1.813256,2.719884,-1.265793,1.898690,4.079825,2.000000,4.500000,-0.071098,-0.148709,0.223063,-0.106646,0.159970,0.334594,0.772262,0.164822
7.050000,-0.885530,-1.975689,2.963533,-1.328296,1.992443,4.445300,2.165066,5.273449,-0.816570,-1.825709,2.738564,-1.224854,1.837281,4.107846,2.000000,4.500000,-0.068961,-0.149979,0.224969,-0.103441,0.155162,0.337454,0.773449,0.165066
7.060000,-0.855895,-1.988972,2.983457,-1.283843,1.925764,4.475186,2.165309,5.274635,-0.789093,-1.837752,2.756628,-1.183640,1.775459,4.134942,2.000000,4.500000,-0.066802,-0.151220,0.226830,-0.100203,0.150305,0.340244,0.774635,0.165309
7.070000,-0.826061,-2.001810,3.002715,-1.239091,1.858636,4.504073,2.165553,5.275822,-0.761439,-1.849381,2.774072,-1.142159,1.713238,4.161108,2.000000,4.500000,-0.064621,-0.152429,0.228643,-0.096932,0.145398,0.342965,0.775822,0.165553
7.080000,-0.796033,-2.014201,3.021301,-1.194050,1.791075,4.531952,2.165797,5.277009,-0.733614,-1.860594,2.790891,-1.100421,1.650631,4.186337,2.000000,4.500000,-0.062420,-0.153607,0.230410,-0.093629,0.140444,0.345615,0.777009,0.165797
7.090000,-0.765820,-2.026141,3.039212,-1.148731,1.723096,4.558818,2.166040,5.278196,-0.705623,-1.871389,2.807083,-1.058435,1.587652,4.210625,2.000000,4.500000,-0.060197,-0.154753,0.232129,-0.090296,0.135443,0.348194,0.778196,0.166040
7.100000,-0.735428,-2.037629,3.056443,-1.103142,1.654713,4.584665,2.166284,5.279384,-0.677474,-1.881762,2.822643,-1.016211,1.524317,4.233965,2.000000,4.500000,-0.057954,-0.155867,0.233800,-0.086931,0.130397,0.350700,0.779384,0.166284
7.110000,-0.704864,-2.048660,3.072990,-1.057296,1.585944,4.609486,2.166528,5.280572,-0.649173,-1.891712,2.837568,-0.973759,1.460638,4.256352,2.000000,4.500000,-0.055691,-0.156948,0.235422,-0.083537,0.125305,0.353133,0.780572,0.166528
7.120000,-0.674134,-2.059233,3.088850,-1.011201,1.516801,4.633275,2.166771,5.281760,-0.620725,-1.901237,2.851855,-0.931087,1.396631,4.277782,2.000000,4.500000,-0.053409,-0.157997,0.236995,-0.080113,0.120170,0.355492,0.781760,0.166771
7.130000,-0.643245,-2.069345,3.104018,-0.964868,1.447302,4.656027,2.167015,5.282948,-0.592138,-1.910333,2.865500,-0.888206,1.332310,4.298250,2.000000,4.500000,-0.051108,-0.159012,0.238518,-0.076662,0.114993,0.357777,0.782948,0.167015
7.140000,-0.612205,-2.078994,3.118491,-0.918308,1.377462,4.677736,2.167259,5.284137,-0.563417,-1.919000,2.878500,-0.845126,1.267688,4.317750,2.000000,4.500000,-0.048788,-0.159994,0.239991,-0.073182,0.109773,0.359986,0.784137,0.167259
7.150000,-0.581020,-2.088177,3.132265,-0.871530,1.307296,4.698398,2.167503,5.285326,-0.534570,-1.927235,2.890853,-0.801855,1.202782,4.336279,2.000000,4.500000,-0.046451,-0.160942,0.241413,-0.069676,0.104514,0.362119,0.785326,0.167503
7.160000,-0.549698,-2.096892,3.145338,-0.824546,1.236820,4.718008,2.167746,5.286515,-0.505602,-1.935037,2.902555,-0.758403,1.137605,4.353832,2.000000,4.500000,-0.044095,-0.161856,0.242784,-0.066143,0.099215,0.364175,0.786515,0.167746
7.170000,-0.518244,-2.105138,3.157707,-0.777366,1.166050,4.736560,2.167990,5.287705,-0.476521,-1.942403,2.913604,-0.714781,1.072172,4.370406,2.000000,4.500000,-0.041723,-0.162735,0.244103,-0.062585,0.093878,0.366154,0.787705,0.167990
7.180000,-0.486667,-2.112911,3.169367,-0.730001,1.095001,4.754051,2.168234,5.288894,-0.447332,-1.949332,2.923997,-0.670998,1.006498,4.385996,2.000000,4.500000,-0.039335,-0.163580,0.245370,-0.059002,0.088504,0.368054,0.788894,0.168234
7.190000,-0.454974,-2.120211,3.180317,-0.682460,1.023690,4.770476,2.168478,5.290084,-0.418043,-1.955822,2.933733,-0.627065,0.940597,4.400600,2.000000,4.500000,-0.036930,-0.164389,0.246584,-0.055396,0.083094,0.369876,0.790084,0.168478
7.200000,-0.423170,-2.127036,3.190554,-0.634756,0.952133,4.785831,2.168722,5.291275,-0.388660,-1.961872,2.942809,-0.582990,0.874485,4.414213,2.000000,4.500000,-0.034511,-0.165164,0.247745,-0.051766,0.077649,0.371618,0.791275,0.168722
7.210000,-0.391265,-2.133384,3.200075,-0.586897,0.880346,4.800113,2.168966,5.292465,-0.359189,-1.967481,2.951222,-0.538784,0.808175,4.426833,2.000000,4.500000,-0.032076,-0.165902,0.248853,-0.048114,0.072170,0.373280,0.792465,0.168966
7.220000,-0.359264,-2.139253,3.208879,-0.538896,0.808344,4.813318,2.169210,5.293656,-0.329638,-1.972648,2.958972,-0.494456,0.741685,4.438457,2.000000,4.500000,-0.029626,-0.166605,0.249907,-0.044440,0.066660,0.374861,0.793656,0.169210
7.230000,-0.327175,-2.144641,3.216962,-0.490763,0.736144,4.825443,2.169454,5.294847,-0.300012,-1.977370,2.966055,-0.450018,0.675027,4.449083,2.000000,4.500000,-0.027163,-0.167271,0.250907,-0.040745,0.061118,0.376360,0.794847,0.169454
7.240000,-0.295006,-2.149549,3.224324,-0.442508,0.663763,4.836485,2.169698,5.296038,-0.270319,-1.981648,2.972472,-0.405478,0.608217,4.458707,2.000000,4.500000,-0.024687,-0.167901,0.251852,-0.037030,0.055546,0.377778,0.796038,0.169698
7.250000,-0.262762,-2.153974,3.230961,-0.394144,0.591215,4.846442,2.169942,5.297230,-0.240565,-1.985479,2.978219,-0.360847,0.541271,4.467329,2.000000,4.500000,-0.022198,-0.168495,0.252742,-0.033297,0.049945,0.379113,0.797230,0.169942
7.260000,-0.230453,-2.157916,3.236873,-0.345679,0.518519,4.855310,2.170186,5.298422,-0.210757,-1.988864,2.983297,-0.316135,0.474202,4.474945,2.000000,4.500000,-0.019696,-0.169051,0.253577,-0.029544,0.044317,0.380365,0.798422,0.170186
7.270000,-0.198084,-2.161372,3.242059,-0.297126,0.445689,4.863088,2.170430,5.299614,-0.180901,-1.991802,2.987703,-0.271351,0.407027,4.481554,2.000000,4.500000,-0.017183,-0.169571,0.254356,-0.025775,0.038662,0.381534,0.799614,0.170430
7.280000,-0.165663,-2.164344,3.246516,-0.248495,0.372743,4.869773,2.170675,5.300806,-0.151005,-1.994291,2.991437,-0.226507,0.339761,4.487155,2.000000,4.500000,-0.014659,-0.170052,0.255079,-0.021988,0.032982,0.382618,0.800806,0.170675
7.290000,-0.133198,-2.166829,3.250243,-0.199797,0.299696,4.875364,2.170919,5.301999,-0.121075,-1.996332,2.994498,-0.181612,0.272418,4.491747,2.000000,4.500000,-0.012124,-0.170497,0.255745,-0.018186,0.027279,0.383618,0.801999,0.170919
7.300000,-0.100696,-2.168827,3.253240,-0.151044,0.226566,4.879860,2.171163,5.303192,-0.091117,-1.997923,2.996885,-0.136676,0.205013,4.495328,2.000000,4.500000,-0.009579,-0.170903,0.256355,-0.014368,0.021552,0.384532,0.803192,0.171163
7.310000,-0.068163,-2.170337,3.255506,-0.102245,0.153368,4.883258,2.171407,5.304385,-0.061139,-1.999065,2.998598,-0.091709,0.137563,4.497897,2.000000,4.500000,-0.007024,-0.171272,0.256908,-0.010537,0.015805,0.385361,0.804385,0.171407
7.320000,-0.035608,-2.171360,3.257039,-0.053413,0.080119,4.885559,2.171651,5.305579,-0.031147,-1.999757,2.999636,-0.046721,0.070081,4.499454,2.000000,4.500000,-0.004461,-0.171602,0.257403,-0.006692,0.010038,0.386105,0.805579,0.171651
7.330000,-0.003038,-2.171894,3.257840,-0.004557,0.006836,4.886761,2.171896,5.306773,-0.001149,-2.000000,3.000000,-0.001723,0.002584,4.499999,2.000000,4.500000,-0.001889,-0.171894,0.257841,-0.002834,0.004251,0.386761,0.806773,0.171896
7.340000,0.029540,-2.171939,3.257909,0.044311,-0.066466,4.886863,2.172140,5.307967,0.028850,-1.999792,2.999688,0.043276,-0.064913,4.499532,2.000000,4.500000,0.000690,-0.172147,0.258221,0.001035,-0.001552,0.387331,0.807967,0.172140
7.350000,0.062119,-2.171496,3.257244,0.093179,-0.139769,4.885866,2.172384,5.309161,0.058843,-1.999134,2.998701,0.088264,-0.132397,4.498052,2.000000,4.500000,0.003277,-0.172362,0.258543,0.004915,-0.007372,0.387814,0.809161,0.172384
7.360000,0.094692,-2.170564,3.255846,0.142038,-0.213057,4.883770,2.172629,5.310355,0.088822,-1.998027,2.997040,0.133233,-0.199850,4.495560,2.000000,4.500000,0.005870,-0.172538,0.258806,0.008805,-0.013207,0.388210,0.810355,0.172629
7.370000,0.127250,-2.169144,3.253716,0.190876,-0.286313,4.880574,2.172873,5.311550,0.118781,-1.996470,2.994704,0.178172,-0.267258,4.492057,2.000000,4.500000,0.008469,-0.172674,0.259011,0.012703,-0.019055,0.388517,0.811550,0.172873
7.380000,0.159788,-2.167235,3.250853,0.239681,-0.359522,4.876279,2.173118,5.312745,0.148714,-1.994463,2.991695,0.223071,-0.334607,4.487543,2.000000,4.500000,0.011073,-0.172772,0.259158,0.016610,-0.024915,0.388737,0.812745,0.173118
7.390000,0.192296,-2.164838,3.247258,0.288444,-0.432666,4.870886,2.173362,5.313941,0.178613,-1.992008,2.988013,0.267920,-0.401880,4.482019,2.000000,4.500000,0.013683,-0.172830,0.259245,0.020524,-0.030787,0.388867,0.813941,0.173362
7.400000,0.224769,-2.161954,3.242931,0.337153,-0.505729,4.864396,2.173607,5.315136,0.208472,-1.989105,2.983658,0.312708,-0.469062,4.475487,2.000000,4.500000,0.016297,-0.172849,0.259273,0.024445,-0.036667,0.388910,0.815136,0.173607
7.410000,0.257198,-2.158582,3.237874,0.385797,-0.578695,4.856810,2.173851,5.316332,0.238284,-1.985754,2.978632,0.357426,-0.536139,4.467947,2.000000,4.500000,0.018914,-0.172828,0.259242,0.028371,-0.042556,0.388863,0.816332,0.173851
7.420000,0.289577,-2.154724,3.232087,0.434365,-0.651547,4.848130,2.174096,5.317528,0.268042,-1.981957,2.972935,0.402064,-0.603096,4.459403,2.000000,4.500000,0.021534,-0.172767,0.259151,0.032301,-0.048452,0.388727,0.817528,0.174096
7.430000,0.321898,-2.150381,3.225571,0.482846,-0.724269,4.838357,2.174340,5.318725,0.297741,-1.977713,2.966570,0.446611,-0.669916,4.449855,2.000000,4.500000,0.024157,-0.172667,0.259001,0.036235,-0.054353,0.388501,0.818725,0.174340
7.440000,0.354153,-2.145552,3.218328,0.531230,-0.796845,4.827493,2.174585,5.319922,0.327372,-1.973025,2.959538,0.491057,-0.736586,4.439306,2.000000,4.500000,0.026782,-0.172527,0.258791,0.040172,-0.060259,0.388186,0.819922,0.174585
7.450000,0.386337,-2.140240,3.210360,0.579505,-0.869257,4.815540,2.174829,5.321119,0.356929,-1.967893,2.951839,0.535394,-0.803090,4.427759,2.000000,4.500000,0.029407,-0.172347,0.258521,0.044111,-0.066167,0.387781,0.821119,0.174829
7.460000,0.418440,-2.134445,3.201667,0.627660,-0.941490,4.802501,2.175074,5.322316,0.386406,-1.962318,2.943476,0.579609,-0.869414,4.415215,2.000000,4.500000,0.032034,-0.172127,0.258191,0.048051,-0.072076,0.387287,0.822316,0.175074
7.470000,0.450457,-2.128168,3.192253,0.675685,-1.013528,4.788379,2.175319,5.323513,0.415796,-1.956301,2.934451,0.623695,-0.935542,4.401677,2.000000,4.500000,0.034660,-0.171867,0.257801,0.051991,-0.077986,0.386702,0.823513,0.175319
7.480000,0.482379,-2.121412,3.182117,0.723569,-1.085353,4.773176,2.175564,5.324711,0.445093,-1.949844,2.924766,0.667640,-1.001459,4.387149,2.000000,4.500000,0.037286,-0.171567,0.257351,0.055929,-0.083894,0.386027,0.824711,0.175564
7.490000,0.514200,-2.114176,3.171264,0.771301,-1.156951,4.756896,2.175808,5.325909,0.474290,-1.942949,2.914423,0.711434,-1.067151,4.371634,2.000000,4.500000,0.039911,-0.171227,0.256841,0.059866,-0.089800,0.385261,0.825909,0.175808
7.500000,0.545913,-2.106463,3.159694,0.818870,-1.228305,4.739541,2.176053,5.327108,0.503379,-1.935616,2.903424,0.755069,-1.132603,4.355136,2.000000,4.500000,0.042534,-0.170847,0.256270,0.063801,-0.095701,0.384405,0.827108,0.176053
7.510000,0.577510,-2.098274,3.147411,0.866265,-1.299398,4.721117,2.176298,5.328306,0.532356,-1.927848,2.891772,0.798534,-1.197801,4.337658,2.000000,4.500000,0.045154,-0.170426,0.255639,0.067731,-0.101597,0.383459,0.828306,0.176298
7.520000,0.608984,-2.089611,3.134417,0.913476,-1.370214,4.701626,2.176543,5.329505,0.561213,-1.919646,2.879469,0.841819,-1.262728,4.319203,2.000000,4.500000,0.047772,-0.169966,0.254948,0.071657,-0.107486,0.382422,0.829505,0.176543
7.530000,0.640328,-2.080477,3.120715,0.960493,-1.440739,4.681073,2.176787,5.330704,0.589943,-1.911012,2.866518,0.884915,-1.327372,4.299777,2.000000,4.500000,0.050385,-0.169465,0.254197,0.075578,-0.113367,0.381295,0.830704,0.176787
7.540000,0.671536,-2.070872,3.106308,1.007303,-1.510955,4.659461,2.177032,5.331904,0.618541,-1.901948,2.852922,0.927811,-1.391717,4.279384,2.000000,4.500000,0.052995,-0.168923,0.253385,0.079492,-0.119238,0.380078,0.831904,0.177032
7.550000,0.702599,-2.060799,3.091198,1.053898,-1.580847,4.636797,2.177277,5.333103,0.646999,-1.892457,2.838685,0.970499,-1.455749,4.258027,2.000000,4.500000,0.055599,-0.168342,0.252513,0.083399,-0.125098,0.378770,0.833103,0.177277
7.560000,0.733511,-2.050260,3.075390,1.100266,-1.650399,4.613084,2.177522,5.334303,0.675312,-1.882539,2.823809,1.012969,-1.519453,4.235713,2.000000,4.500000,0.058198,-0.167721,0.251581,0.087297,-0.130946,0.377372,0.834303,0.177522
7.570000,0.764264,-2.039257,3.058886,1.146397,-1.719595,4.588328,2.177767,5.335503,0.703473,-1.872198,2.808297,1.055210,-1.582815,4.212445,2.000000,4.500000,0.060791,-0.167059,0.250589,0.091187,-0.136780,0.375883,0.835503,0.177767
7.580000,0.794853,-2.027793,3.041690,1.192280,-1.788420,4.562535,2.178012,5.336704,0.731476,-1.861436,2.792153,1.097214,-1.645821,4.188230,2.000000,4.500000,0.063377,-0.166358,0.249536,0.095066,-0.142599,0.374304,0.836704,0.178012
7.590000,0.825270,-2.015870,3.023806,1.237905,-1.856858,4.535708,2.178257,5.337905,0.759314,-1.850254,2.775382,1.138972,-1.708457,4.163073,2.000000,4.500000,0.065956,-0.165616,0.248424,0.098934,-0.148401,0.372636,0.837905,0.178257
7.600000,0.855508,-2.003491,3.005237,1.283262,-1.924894,4.507855,2.178502,5.339106,0.786982,-1.838657,2.757986,1.180473,-1.770709,4.136978,2.000000,4.500000,0.068527,-0.164834,0.247251,0.102790,-0.154185,0.370877,0.839106,0.178502
7.610000,0.885561,-1.990659,2.985988,1.328341,-1.992511,4.478982,2.178747,5.340307,0.814472,-1.826646,2.739969,1.221708,-1.832562,4.109953,2.000000,4.500000,0.071089,-0.164013,0.246019,0.106633,-0.159949,0.369029,0.840307,0.178747
7.620000,0.915421,-1.977375,2.966063,1.373131,-2.059696,4.449094,2.178992,5.341509,0.841779,-1.814224,2.721336,1.262669,-1.894003,4.082004,2.000000,4.500000,0.073641,-0.163151,0.244727,0.110462,-0.165693,0.367091,0.841509,0.178992
7.630000,0.945081,-1.963644,2.945466,1.417622,-2.126433,4.418199,2.179237,5.342710,0.868897,-1.801393,2.702090,1.303345,-1.955018,4.053135,2.000000,4.500000,0.076184,-0.162250,0.243376,0.114277,-0.171415,0.365063,0.842710,0.179237
7.640000,0.974536,-1.949468,2.924202,1.461804,-2.192706,4.386302,2.179483,5.343912,0.895819,-1.788158,2.682237,1.343728,-2.015592,4.023355,2.000000,4.500000,0.078717,-0.161310,0.241965,0.118075,-0.177113,0.362947,0.843912,0.179483
7.650000,1.003778,-1.934850,2.902275,1.505667,-2.258500,4.353412,2.179728,5.345115,0.922539,-1.774520,2.661780,1.383809,-2.075714,3.992670,2.000000,4.500000,0.081238,-0.160330,0.240495,0.121858,-0.182786,0.360742,0.845115,0.179728
7.660000,1.032801,-1.919793,2.879690,1.549201,-2.323801,4.319534,2.179973,5.346318,0.949052,-1.760483,2.640724,1.423579,-2.135368,3.961086,2.000000,4.500000,0.083748,-0.159310,0.238965,0.125622,-0.188433,0.358448,0.846318,0.179973
7.670000,1.061597,-1.904301,2.856452,1.592396,-2.388594,4.284677,2.180218,5.347520,0.975352,-1.746049,2.619074,1.463028,-2.194542,3.928611,2.000000,4.500000,0.086246,-0.158252,0.237377,0.129368,-0.194052,0.356066,0.847520,0.180218
7.680000,1.090162,-1.888377,2.832566,1.635243,-2.452864,4.248848,2.180463,5.348724,1.001432,-1.731223,2.596835,1.502148,-2.253222,3.895252,2.000000,4.500000,0.088730,-0.157154,0.235731,0.133095,-0.199643,0.353596,0.848724,0.180463
7.690000,1.118488,-1.872025,2.808037,1.677731,-2.516597,4.212055,2.180709,5.349927,1.027287,-1.716008,2.574011,1.540930,-2.311395,3.861017,2.000000,4.500000,0.091201,-0.156017,0.234026,0.136801,-0.205202,0.351038,0.849927,0.180709
7.700000,1.146568,-1.855247,2.782871,1.719852,-2.579778,4.174306,2.180954,5.351131,1.052910,-1.700406,2.550609,1.579365,-2.369048,3.825913,2.000000,4.500000,0.093658,-0.154841,0.232262,0.140487,-0.210730,0.348393,0.851131,0.180954
7.710000,1.174397,-1.838049,2.757073,1.761595,-2.642393,4.135610,2.181199,5.352335,1.078297,-1.684421,2.526632,1.617445,-2.426168,3.789948,2.000000,4.500000,0.096100,-0.153627,0.230441,0.144150,-0.216224,0.345661,0.852335,0.181199
7.720000,1.201967,-1.820433,2.730649,1.802951,-2.704427,4.095974,2.181445,5.353539,1.103441,-1.668058,2.502087,1.655162,-2.482742,3.753131,2.000000,4.500000,0.098526,-0.152375,0.228562,0.147790,-0.221684,0.342843,0.853539,0.181445
7.730000,1.229274,-1.802403,2.703605,1.843911,-2.765866,4.055407,2.181690,5.354744,1.128337,-1.651319,2.476979,1.692505,-2.538758,3.715469,2.000000,4.500000,0.100937,-0.151084,0.226626,0.151406,-0.227109,0.339939,0.854744,0.181690
7.740000,1.256310,-1.783964,2.675946,1.884465,-2.826697,4.013919,2.181936,5.355948,1.152979,-1.634209,2.451314,1.729468,-2.594202,3.676971,2.000000,4.500000,0.103331,-0.149755,0.224632,0.154997,-0.232495,0.336949,0.855948,0.181936
7.750000,1.283069,-1.765120,2.647679,1.924604,-2.886906,3.971519,2.182181,5.357154,1.177361,-1.616731,2.425097,1.766042,-2.649063,3.637646,2.000000,4.500000,0.105708,-0.148388,0.222582,0.158562,-0.237843,0.333873,0.857154,0.182181
7.760000,1.309546,-1.745874,2.618810,1.964319,-2.946479,3.928215,2.182427,5.358359,1.201479,-1.598890,2.398335,1.802218,-2.703327,3.597502,2.000000,4.500000,0.108067,-0.146984,0.220476,0.162101,-0.243152,0.330713,0.858359,0.182427
7.770000,1.335734,-1.726230,2.589345,2.003602,-3.005402,3.884018,2.182672,5.359565,1.225326,-1.580688,2.371033,1.837989,-2.756984,3.556549,2.000000,4.500000,0.110408,-0.145542,0.218313,0.165612,-0.248418,0.327469,0.859565,0.182672
7.780000,1.361628,-1.706194,2.559291,2.042442,-3.063663,3.838937,2.182918,5.360770,1.248898,-1.562131,2.343197,1.873347,-2.810020,3.514796,2.000000,4.500000,0.112730,-0.144063,0.216094,0.169095,-0.253643,0.324142,0.860770,0.182918
7.790000,1.387221,-1.685770,2.528655,2.080831,-3.121247,3.792982,2.183163,5.361977,1.272188,-1.543223,2.314834,1.908282,-2.862424,3.472251,2.000000,4.500000,0.115032,-0.142547,0.213821,0.172549,-0.258823,0.320731,0.861977,0.183163
7.800000,1.412507,-1.664962,2.497442,2.118761,-3.178141,3.746164,2.183409,5.363183,1.295193,-1.523967,2.285951,1.942789,-2.914184,3.428926,2.000000,4.500000,0.117315,-0.140994,0.211492,0.175972,-0.263958,0.317237,0.863183,0.183409
7.810000,1.437482,-1.643774,2.465661,2.156223,-3.234334,3.698491,2.183654,5.364390,1.317906,-1.504369,2.256553,1.976858,-2.965288,3.384829,2.000000,4.500000,0.119576,-0.139405,0.209108,0.179364,-0.269046,0.313662,0.864390,0.183654
7.820000,1.462138,-1.622212,2.433318,2.193207,-3.289811,3.649976,2.183900,5.365597,1.340322,-1.484431,2.226647,2.010483,-3.015725,3.339971,2.000000,4.500000,0.121816,-0.137780,0.206670,0.182724,-0.274087,0.310006,0.865597,0.183900
7.830000,1.486471,-1.600280,2.400420,2.229707,-3.344561,3.600629,2.184146,5.366804,1.362437,-1.464160,2.196241,2.043655,-3.065483,3.294361,2.000000,4.500000,0.124035,-0.136119,0.204179,0.186052,-0.279078,0.306268,0.866804,0.184146
7.840000,1.510476,-1.577983,2.366974,2.265713,-3.398570,3.550461,2.184391,5.368012,1.384245,-1.443560,2.165340,2.076368,-3.114552,3.248010,2.000000,4.500000,0.126230,-0.134423,0.201634,0.189346,-0.284019,0.302451,0.868012,0.184391
7.850000,1.534145,-1.555325,2.332988,2.301218,-3.451827,3.499482,2.184637,5.369219,1.405742,-1.422635,2.133952,2.108613,-3.162920,3.200928,2.000000,4.500000,0.128403,-0.132691,0.199036,0.192605,-0.288908,0.298554,0.869219,0.184637
7.860000,1.557475,-1.532313,2.298470,2.336213,-3.504319,3.447705,2.184883,5.370427,1.426923,-1.401389,2.102084,2.140384,-3.210576,3.153126,2.000000,4.500000,0.130553,-0.130924,0.196386,0.195829,-0.293743,0.294579,0.870427,0.184883
7.870000,1.580460,-1.508951,2.263427,2.370690,-3.556035,3.395140,2.185129,5.371636,1.447782,-1.379829,2.069743,2.171673,-3.257510,3.104614,2.000000,4.500000,0.132678,-0.129123,0.193684,0.199017,-0.298525,0.290526,0.871636,0.185129
7.880000,1.603094,-1.485244,2.227866,2.404641,-3.606962,3.341800,2.185374,5.372844,1.468316,-1.357957,2.036936,2.202474,-3.303711,3.055404,2.000000,4.500000,0.134778,-0.127287,0.190930,0.202167,-0.303251,0.286395,0.872844,0.185374
7.890000,1.625373,-1.461198,2.191797,2.438059,-3.657089,3.287695,2.185620,5.374053,1.488519,-1.335781,2.003671,2.232779,-3.349169,3.005507,2.000000,4.500000,0.136854,-0.125417,0.188126,0.205280,-0.307920,0.282189,0.874053,0.185620
7.900000,1.647291,-1.436817,2.155226,2.470936,-3.706404,3.232839,2.185866,5.375262,1.508388,-1.313303,1.969955,2.262582,-3.393873,2.954933,2.000000,4.500000,0.138903,-0.123514,0.185271,0.208355,-0.312532,0.277906,0.875262,0.185866
7.910000,1.668843,-1.412108,2.118162,2.503265,-3.754897,3.177243,2.186112,5.376472,1.527917,-1.290531,1.935796,2.291875,-3.437813,2.903694,2.000000,4.500000,0.140926,-0.121577,0.182366,0.211389,-0.317084,0.273549,0.876472,0.186112
7.920000,1.690025,-1.387075,2.080613,2.535037,-3.802556,3.120919,2.186358,5.377682,1.547102,-1.267468,1.901202,2.320654,-3.480980,2.851802,2.000000,4.500000,0.142922,-0.119608,0.179411,0.214384,-0.321575,0.269117,0.877682,0.186358
7.930000,1.710831,-1.361725,2.042587,2.566246,-3.849370,3.063881,2.186604,5.378892,1.565940,-1.244119,1.866179,2.348909,-3.523364,2.799269,2.000000,4.500000,0.144891,-0.117605,0.176408,0.217337,-0.326005,0.264612,0.878892,0.186604
7.940000,1.731257,-1.336062,2.004094,2.596885,-3.895328,3.006140,2.186850,5.380102,1.584425,-1.220491,1.830737,2.376637,-3.564955,2.746105,2.000000,4.500000,0.146832,-0.115571,0.173357,0.220248,-0.330373,0.260035,0.880102,0.186850
7.950000,1.751298,-1.310094,1.965140,2.626947,-3.940420,2.947711,2.187096,5.381312,1.602553,-1.196588,1.794883,2.403829,-3.605744,2.692324,2.000000,4.500000,0.148745,-0.113505,0.170258,0.223117,-0.334676,0.255386,0.881312,0.187096
7.960000,1.770949,-1.283824,1.925736,2.656424,-3.984635,2.888604,2.187342,5.382523,1.620321,-1.172416,1.758625,2.430481,-3.645722,2.637937,2.000000,4.500000,0.150628,-0.111408,0.167111,0.225942,-0.338914,0.250667,0.882523,0.187342
7.970000,1.790206,-1.257260,1.885890,2.685310,-4.027965,2.828835,2.187588,5.383734,1.637724,-1.147981,1.721971,2.456586,-3.684879,2.582957,2.000000,4.500000,0.152482,-0.109279,0.163919,0.228723,-0.343085,0.245878,0.883734,0.187588
7.980000,1.809065,-1.230407,1.845610,2.713598,-4.070397,2.768415,2.187834,5.384946,1.654759,-1.123287,1.684930,2.482138,-3.723208,2.527395,2.000000,4.500000,0.154306,-0.107120,0.160680,0.231460,-0.347189,0.241020,0.884946,0.187834
7.990000,1.827521,-1.203271,1.804906,2.741282,-4.111923,2.707359,2.188080,5.386157,1.671421,-1.098340,1.647510,2.507132,-3.760698,2.471265,2.000000,4.500000,0.156100,-0.104931,0.157396,0.234150,-0.351225,0.236095,0.886157,0.188080
8.000000,1.845571,-1.175858,1.763787,2.768356,-4.152534,2.645680,2.188326,5.387369,1.687708,-1.073146,1.609719,2.531562,-3.797343,2.414578,2.000000,4.500000,0.157863,-0.102712,0.154068,0.236794,-0.355191,0.231102,0.887369,0.188326
8.010000,1.863208,-1.148174,1.722262,2.794813,-4.192219,2.583392,2.188573,5.388581,1.703615,-1.047710,1.571566,2.555422,-3.833133,2.357348,2.000000,4.500000,0.159594,-0.100464,0.150696,0.239391,-0.359086,0.226044,0.888581,0.188573
8.020000,1.880431,-1.120226,1.680339,2.820647,-4.230970,2.520509,2.188819,5.389794,1.719138,-1.022039,1.533059,2.578707,-3.868061,2.299588,2.000000,4.500000,0.161293,-0.098187,0.147280,0.241939,-0.362909,0.220921,0.889794,0.188819
8.030000,1.897234,-1.092020,1.638030,2.845852,-4.268777,2.457045,2.189065,5.391006,1.734275,-0.996138,1.494207,2.601412,-3.902118,2.241311,2.000000,4.500000,0.162960,-0.095882,0.143822,0.244440,-0.366659,0.215734,0.891006,0.189065
8.040000,1.913615,-1.063561,1.595342,2.870422,-4.305633,2.393013,2.189311,5.392219,1.749021,-0.970013,1.455020,2.623532,-3.935297,2.182529,2.000000,4.500000,0.164594,-0.093548,0.140322,0.246890,-0.370336,0.210484,0.892219,0.189311
8.050000,1.929568,-1.034857,1.552286,2.894352,-4.341528,2.328428,2.189558,5.393433,1.763374,-0.943670,1.415504,2.645061,-3.967591,2.123257,2.000000,4.500000,0.166194,-0.091188,0.136781,0.249291,-0.373937,0.205172,0.893433,0.189558
8.060000,1.945091,-1.005914,1.508870,2.917636,-4.376455,2.263305,2.189804,5.394646,1.777330,-0.917114,1.375671,2.665995,-3.998993,2.063506,2.000000,4.500000,0.167761,-0.088800,0.133200,0.251641,-0.377462,0.199799,0.894646,0.189804
8.070000,1.960180,-0.976737,1.465106,2.940270,-4.410404,2.197659,2.190050,5.395860,1.790886,-0.890352,1.335527,2.686330,-4.029494,2.003291,2.000000,4.500000,0.169293,-0.086386,0.129578,0.253940,-0.380910,0.194367,0.895860,0.190050
8.080000,1.974831,-0.947334,1.421002,2.962246,-4.443369,2.131503,2.190297,5.397074,1.804040,-0.863389,1.295084,2.706059,-4.059089,1.942626,2.000000,4.500000,0.170791,-0.083945,0.125918,0.256187,-0.384280,0.188877,0.897074,0.190297
8.090000,1.989041,-0.917712,1.376568,2.983561,-4.475342,2.064852,2.190543,5.398288,1.816787,-0.836233,1.254349,2.725181,-4.087771,1.881523,2.000000,4.500000,0.172254,-0.081480,0.122219,0.258381,-0.387571,0.183329,0.898288,0.190543
8.100000,2.002806,-0.887876,1.331815,3.004210,-4.506314,1.997722,2.190789,5.399503,1.829126,-0.808888,1.213331,2.743689,-4.115533,1.819997,2.000000,4.500000,0.173681,-0.078989,0.118483,0.260521,-0.390782,0.177725,0.899503,0.190789
8.110000,2.016125,-0.857834,1.286751,3.024187,-4.536280,1.930127,2.191036,5.400718,1.841053,-0.781361,1.172041,2.761579,-4.142369,1.758062,2.000000,4.500000,0.175072,-0.076474,0.114710,0.262608,-0.393912,0.172065,0.900718,0.191036
8.120000,2.028992,-0.827592,1.241389,3.043488,-4.565232,1.862083,2.191282,5.401933,1.852566,-0.753658,1.130487,2.778848,-4.168273,1.695731,2.000000,4.500000,0.176426,-0.073934,0.110901,0.264640,-0.396960,0.166352,0.901933,0.191282
8.130000,2.041406,-0.797158,1.195736,3.062109,-4.593163,1.793605,2.191529,5.403148,1.863662,-0.725786,1.088679,2.795493,-4.193239,1.633018,2.000000,4.500000,0.177744,-0.071372,0.107057,0.266616,-0.399925,0.160586,0.903148,0.191529
8.140000,2.053363,-0.766536,1.149805,3.080045,-4.620068,1.724707,2.191775,5.404364,1.874338,-0.697750,1.046626,2.811508,-4.217261,1.569938,2.000000,4.500000,0.179025,-0.068786,0.103179,0.268537,-0.402806,0.154769,0.904364,0.191775
8.150000,2.064861,-0.735736,1.103604,3.097292,-4.645938,1.655406,2.192022,5.405580,1.884593,-0.669558,1.004337,2.826890,-4.240335,1.506505,2.000000,4.500000,0.180268,-0.066178,0.099267,0.270402,-0.405603,0.148901,0.905580,0.192022
8.160000,2.075897,-0.704763,1.057145,3.113846,-4.670769,1.585717,2.192269,5.406796,1.894424,-0.641215,0.961822,2.841637,-4.262455,1.442733,2.000000,4.500000,0.181473,-0.063548,0.095323,0.272210,-0.408314,0.142984,0.906796,0.192269
8.170000,2.086469,-0.673625,1.010437,3.129703,-4.694555,1.515655,2.192515,5.408013,1.903829,-0.612727,0.919091,2.855744,-4.283616,1.378636,2.000000,4.500000,0.182640,-0.060897,0.091346,0.273960,-0.410939,0.137019,0.908013,0.192515
8.180000,2.096573,-0.642328,0.963491,3.144860,-4.717290,1.445237,2.192762,5.409230,1.912806,-0.584102,0.876153,2.869208,-4.303812,1.314229,2.000000,4.500000,0.183768,-0.058226,0.087338,0.275652,-0.413477,0.131008,0.909230,0.192762
8.190000,2.106208,-0.610879,0.916319,3.159312,-4.738968,1.374478,2.193008,5.410447,1.921352,-0.555345,0.833018,2.882027,-4.323041,1.249527,2.000000,4.500000,0.184857,-0.055534,0.083301,0.277285,-0.415927,0.124951,0.910447,0.193008
8.200000,2.115371,-0.579286,0.868929,3.173057,-4.759586,1.303393,2.193255,5.411664,1.929465,-0.526464,0.789695,2.894198,-4.341297,1.184543,2.000000,4.500000,0.185906,-0.052822,0.079233,0.278859,-0.418289,0.118850,0.911664,0.193255
8.210000,2.124061,-0.547555,0.821333,3.186091,-4.779136,1.231999,2.193502,5.412882,1.937145,-0.497463,0.746195,2.905717,-4.358576,1.119293,2.000000,4.500000,0.186916,-0.050092,0.075138,0.280374,-0.420561,0.112707,0.912882,0.193502
8.220000,2.132274,-0.515694,0.773542,3.198411,-4.797616,1.160312,2.193749,5.414100,1.944389,-0.468351,0.702527,2.916583,-4.374874,1.053791,2.000000,4.500000,0.187885,-0.047343,0.071014,0.281828,-0.422742,0.106522,0.914100,0.193749
8.230000,2.140009,-0.483710,0.725565,3.210014,-4.815021,1.088348,2.193995,5.415318,1.951195,-0.439134,0.658701,2.926792,-4.390188,0.988051,2.000000,4.500000,0.188815,-0.044576,0.066864,0.283222,-0.424833,0.100297,0.915318,0.193995
8.240000,2.147265,-0.451610,0.677415,3.220898,-4.831346,1.016123,2.194242,5.416536,1.957562,-0.409818,0.614727,2.936343,-4.404515,0.922090,2.000000,4.500000,0.189703,-0.041792,0.062689,0.284554,-0.426832,0.094033,0.916536,0.194242
8.250000,2.154039,-0.419401,0.629102,3.231059,-4.846588,0.943653,2.194489,5.417755,1.963489,-0.380409,0.570614,2.945233,-4.417850,0.855921,2.000000,4.500000,0.190550,-0.038992,0.058488,0.285825,-0.428738,0.087732,0.917755,0.194489
8.260000,2.160330,-0.387091,0.580636,3.240495,-4.860743,0.870954,2.194736,5.418974,1.968974,-0.350915,0.526373,2.953461,-4.430191,0.789559,2.000000,4.500000,0.191356,-0.036175,0.054263,0.287034,-0.430552,0.081394,0.918974,0.194736
8.270000,2.166137,-0.354686,0.532028,3.249205,-4.873807,0.798043,2.194983,5.420193,1.974016,-0.321342,0.482013,2.961024,-4.441536,0.723020,2.000000,4.500000,0.192121,-0.033343,0.050015,0.288181,-0.432271,0.075022,0.920193,0.194983
8.280000,2.171457,-0.322194,0.483290,3.257185,-4.885778,0.724936,2.195230,5.421413,1.978614,-0.291697,0.437546,2.967921,-4.451881,0.656318,2.000000,4.500000,0.192843,-0.030497,0.045745,0.289264,-0.433897,0.068617,0.921413,0.195230
8.290000,2.176290,-0.289622,0.434433,3.264435,-4.896652,0.651649,2.195477,5.422633,1.982767,-0.261986,0.392979,2.974150,-4.461225,0.589469,2.000000,4.500000,0.193523,-0.027636,0.041453,0.290285,-0.435427,0.062180,0.922633,0.195477
8.300000,2.180634,-0.256977,0.385466,3.270951,-4.906427,0.578199,2.195724,5.423853,1.986473,-0.232216,0.348324,2.979710,-4.469565,0.522487,2.000000,4.500000,0.194161,-0.024761,0.037142,0.291241,-0.436862,0.055713,0.923853,0.195724
8.310000,2.184489,-0.224268,0.336402,3.276733,-4.915100,0.504603,2.195971,5.425073,1.989733,-0.202394,0.303591,2.984599,-4.476899,0.455387,2.000000,4.500000,0.194756,-0.021874,0.032811,0.292134,-0.438201,0.049216,0.925073,0.195971
8.320000,2.187853,-0.191501,0.287251,3.281779,-4.922669,0.430876,2.196218,5.426294,1.992545,-0.172527,0.258790,2.988817,-4.483226,0.388185,2.000000,4.500000,0.195308,-0.018974,0.028461,0.292962,-0.439443,0.042692,0.926294,0.196218
8.330000,2.190725,-0.158683,0.238024,3.286088,-4.929132,0.357036,2.196465,5.427515,1.994908,-0.142620,0.213930,2.992363,-4.488544,0.320895,2.000000,4.500000,0.195817,-0.016063,0.024094,0.293725,-0.440588,0.036141,0.927515,0.196465
8.340000,2.193106,-0.125822,0.188733,3.289658,-4.934487,0.283099,2.196712,5.428736,1.996823,-0.112682,0.169022,2.995235,-4.492852,0.253533,2.000000,4.500000,0.196282,-0.013140,0.019711,0.294423,-0.441635,0.029566,0.928736,0.196712
8.350000,2.194993,-0.092925,0.139388,3.292489,-4.938734,0.209082,2.196959,5.429957,1.998289,-0.082718,0.124076,2.997433,-4.496150,0.186115,2.000000,4.500000,0.196704,-0.010208,0.015312,0.295056,-0.442584,0.022967,0.929957,0.196959
8.360000,2.196387,-0.060000,0.090001,3.294580,-4.941870,0.135001,2.197206,5.431179,1.999305,-0.052735,0.079103,2.998957,-4.498435,0.118654,2.000000,4.500000,0.197082,-0.007265,0.010898,0.295623,-0.443435,0.016347,0.931179,0.197206
8.370000,2.197287,-0.027055,0.040582,3.295930,-4.943895,0.060873,2.197453,5.432401,1.999871,-0.022741,0.034111,2.999806,-4.499709,0.051167,2.000000,4.500000,0.197416,-0.004314,0.006471,0.296124,-0.444186,0.009706,0.932401,0.197453
8.380000,2.197693,0.005905,-0.008857,3.296539,-4.944808,-0.013286,2.197700,5.433623,1.999987,0.007259,-0.010888,2.999980,-4.499970,-0.016332,2.000000,4.500000,0.197706,-0.001354,0.002031,0.296559,-0.444838,0.003047,0.933623,0.197700
8.390000,2.197604,0.038870,-0.058305,3.296406,-4.944609,-0.087458,2.197948,5.434846,1.999653,0.037257,-0.055885,2.999479,-4.499219,-0.083827,2.000000,4.500000,0.197951,0.001613,-0.002420,0.296927,-0.445390,-0.003630,0.934846,0.197948
8.400000,2.197021,0.071834,-0.107751,3.295531,-4.943297,-0.161627,2.198195,5.436069,1.998869,0.067246,-0.100869,2.998304,-4.497456,-0.151304,2.000000,4.500000,0.198152,0.004588,-0.006882,0.297228,-0.445841,-0.010323,0.936069,0.198195
8.410000,2.195943,0.104789,-0.157184,3.293915,-4.940873,-0.235776,2.198442,5.437292,1.997636,0.097220,-0.145831,2.996453,-4.494680,-0.218746,2.000000,4.500000,0.198308,0.007569,-0.011354,0.297462,-0.446192,-0.017030,0.937292,0.198442
8.420000,2.194372,0.137729,-0.206593,3.291557,-4.937336,-0.309889,2.198690,5.438515,1.995953,0.127173,-0.190759,2.993929,-4.490894,-0.286139,2.000000,4.500000,0.198419,0.010556,-0.015834,0.297628,-0.446443,-0.023750,0.938515,0.198690
8.430000,2.192306,0.170644,-0.255966,3.288458,-4.932688,-0.383949,2.198937,5.439739,1.993821,0.157097,-0.235645,2.990731,-4.486096,-0.353468,2.000000,4.500000,0.198485,0.013547,-0.020321,0.297728,-0.446591,-0.030482,0.939739,0.198937
8.440000,2.189746,0.203529,-0.305293,3.284619,-4.926928,-0.457940,2.199184,5.440963,1.991240,0.186985,-0.280478,2.986860,-4.480290,-0.420717,2.000000,4.500000,0.198506,0.016543,-0.024815,0.297759,-0.446639,-0.037223,0.940963,0.199184
8.450000,2.186693,0.236375,-0.354562,3.280040,-4.920059,-0.531844,2.199432,5.442187,1.988211,0.216832,-0.325248,2.982317,-4.473475,-0.487871,2.000000,4.500000,0.198482,0.019543,-0.029315,0.297723,-0.446584,-0.043972,0.942187,0.199432
8.460000,2.183147,0.269175,-0.403763,3.274721,-4.912082,-0.605645,2.199679,5.443412,1.984735,0.246629,-0.369944,2.977103,-4.465654,-0.554916,2.000000,4.500000,0.198412,0.022546,-0.033819,0.297618,-0.446427,-0.050728,0.943412,0.199679
8.470000,2.179110,0.301923,-0.452884,3.268665,-4.902997,-0.679326,2.199927,5.444636,1.980813,0.276372,-0.414557,2.971219,-4.456828,-0.621836,2.000000,4.500000,0.198297,0.025551,-0.038327,0.297446,-0.446169,-0.057490,0.944636,0.199927
8.480000,2.174581,0.334609,-0.501914,3.261871,-4.892807,-0.752871,2.200174,5.445861,1.976444,0.306052,-0.459077,2.964667,-4.447000,-0.688616,2.000000,4.500000,0.198137,0.028558,-0.042836,0.297205,-0.445807,-0.064255,0.945861,0.200174
8.490000,2.169562,0.367228,-0.550842,3.254343,-4.881514,-0.826263,2.200422,5.447087,1.971631,0.335663,-0.503494,2.957447,-4.436171,-0.755241,2.000000,4.500000,0.197930,0.031565,-0.047348,0.296896,-0.445343,-0.071022,0.947087,0.200422
8.500000,2.164053,0.399771,-0.599657,3.246080,-4.869120,-0.899486,2.200669,5.448312,1.966375,0.365198,-0.547797,2.949562,-4.424344,-0.821696,2.000000,4.500000,0.197679,0.034573,-0.051860,0.296518,-0.444777,-0.077789,0.948312,0.200669
8.510000,2.158057,0.432232,-0.648348,3.237085,-4.855628,-0.972522,2.200917,5.449538,1.960676,0.394652,-0.591978,2.941014,-4.411521,-0.887966,2.000000,4.500000,0.197381,0.037580,-0.056371,0.296071,-0.444107,-0.084556,0.949538,0.200917
8.520000,2.151573,0.464603,-0.696905,3.227360,-4.841040,-1.045357,2.201164,5.450764,1.954536,0.424016,-0.636025,2.931804,-4.397706,-0.954037,2.000000,4.500000,0.197038,0.040587,-0.060880,0.295556,-0.443335,-0.091320,0.950764,0.201164
8.530000,2.144604,0.496877,-0.745315,3.216906,-4.825360,-1.117972,2.201412,5.451991,1.947956,0.453286,-0.679928,2.921934,-4.382901,-1.019893,2.000000,4.500000,0.196648,0.043591,-0.065387,0.294973,-0.442459,-0.098080,0.951991,0.201412
8.540000,2.137151,0.529046,-0.793569,3.205727,-4.808590,-1.190353,2.201659,5.453217,1.940938,0.482453,-0.723679,2.911407,-4.367110,-1.085519,2.000000,4.500000,0.196213,0.046593,-0.069889,0.294320,-0.441480,-0.104834,0.953217,0.201659
8.550000,2.129215,0.561103,-0.841654,3.193823,-4.790735,-1.262482,2.201907,5.454444,1.933483,0.511512,-0.767267,2.900224,-4.350336,-1.150901,2.000000,4.500000,0.195733,0.049591,-0.074387,0.293599,-0.440398,-0.111581,0.954444,0.201907
8.560000,2.120799,0.593041,-0.889562,3.181198,-4.771798,-1.334343,2.202155,5.455672,1.925593,0.540455,-0.810683,2.888389,-4.332584,-1.216024,2.000000,4.500000,0.195206,0.052586,-0.078879,0.292809,-0.439213,-0.118319,0.955672,0.202155
8.570000,2.111903,0.624853,-0.937280,3.167855,-4.751782,-1.405920,2.202403,5.456899,1.917270,0.569277,-0.853916,2.875905,-4.313857,-1.280874,2.000000,4.500000,0.194633,0.055576,-0.083364,0.291950,-0.437925,-0.125046,0.956899,0.202403
8.580000,2.102531,0.656532,-0.984798,3.153796,-4.730694,-1.477196,2.202650,5.458127,1.908515,0.597971,-0.896957,2.862773,-4.294159,-1.345435,2.000000,4.500000,0.194015,0.058561,-0.087841,0.291023,-0.436534,-0.131761,0.958127,0.202650
8.590000,2.092683,0.688070,-1.032104,3.139024,-4.708536,-1.548157,2.202898,5.459355,1.899331,0.626530,-0.939796,2.848997,-4.273496,-1.409694,2.000000,4.500000,0.193351,0.061539,-0.092309,0.290027,-0.435040,-0.138463,0.959355,0.202898
8.600000,2.082361,0.719460,-1.079190,3.123542,-4.685313,-1.618785,2.203146,5.460583,1.889720,0.654949,-0.982423,2.834580,-4.251870,-1.473635,2.000000,4.500000,0.192641,0.064511,-0.096767,0.288962,-0.433443,-0.145150,0.960583,0.203146
8.610000,2.071570,0.750695,-1.126043,3.107354,-4.661032,-1.689064,2.203394,5.461812,1.879684,0.683220,-1.024830,2.819525,-4.229288,-1.537245,2.000000,4.500000,0.191886,0.067475,-0.101213,0.287829,-0.431743,-0.151820,0.961812,0.203394
8.620000,2.060309,0.781769,-1.172653,3.090464,-4.635696,-1.758980,2.203642,5.463041,1.869224,0.711337,-1.067006,2.803836,-4.205755,-1.600509,2.000000,4.500000,0.191085,0.070432,-0.105647,0.286627,-0.429941,-0.158471,0.963041,0.203642
8.630000,2.048583,0.812673,-1.219010,3.072874,-4.609311,-1.828515,2.203890,5.464270,1.858344,0.739295,-1.108942,2.787516,-4.181275,-1.663413,2.000000,4.500000,0.190238,0.073379,-0.110068,0.285357,-0.428036,-0.165103,0.964270,0.203890
8.640000,2.036393,0.843402,-1.265103,3.054589,-4.581883,-1.897655,2.204137,5.465500,1.847046,0.767086,-1.150628,2.770569,-4.155854,-1.725942,2.000000,4.500000,0.189346,0.076317,-0.114475,0.284019,-0.426029,-0.171713,0.965500,0.204137
8.650000,2.023741,0.873948,-1.310922,3.035612,-4.553418,-1.966383,2.204385,5.466729,1.835333,0.794704,-1.192056,2.752999,-4.129498,-1.788084,2.000000,4.500000,0.188409,0.079244,-0.118866,0.282613,-0.423920,-0.178300,0.966729,0.204385
8.660000,2.010632,0.904304,-1.356456,3.015948,-4.523923,-2.034685,2.204633,5.467959,1.823206,0.822143,-1.233215,2.734809,-4.102214,-1.849823,2.000000,4.500000,0.187426,0.082161,-0.123241,0.281139,-0.421709,-0.184862,0.967959,0.204633
8.670000,1.997068,0.934464,-1.401696,2.995602,-4.493402,-2.102543,2.204881,5.469190,1.810669,0.849398,-1.274097,2.716004,-4.074006,-1.911145,2.000000,4.500000,0.186398,0.085066,-0.127599,0.279598,-0.419397,-0.191398,0.969190,0.204881
8.680000,1.983051,0.964420,-1.446630,2.974576,-4.461864,-2.169944,2.205129,5.470420,1.797725,0.876461,-1.314692,2.696588,-4.044881,-1.972038,2.000000,4.500000,0.185326,0.087958,-0.131937,0.277989,-0.416983,-0.197906,0.970420,0.205129
8.690000,1.968584,0.994166,-1.491248,2.952877,-4.429315,-2.236872,2.205377,5.471651,1.784376,0.903328,-1.354992,2.676565,-4.014847,-2.032487,2.000000,4.500000,0.184208,0.090838,-0.136257,0.276312,-0.414468,-0.204385,0.971651,0.205377
8.700000,1.953672,1.023694,-1.535541,2.930508,-4.395762,-2.303312,2.205626,5.472882,1.770626,0.929991,-1.394986,2.655939,-3.983909,-2.092479,2.000000,4.500000,0.183046,0.093704,-0.140555,0.274569,-0.411853,-0.210833,0.972882,0.205626
8.710000,1.938317,1.052999,-1.579499,2.907475,-4.361212,-2.369249,2.205874,5.474114,1.756478,0.956445,-1.434667,2.634717,-3.952075,-2.152000,2.000000,4.500000,0.181839,0.096555,-0.144832,0.272758,-0.409137,-0.217248,0.974114,0.205874
8.720000,1.922522,1.082074,-1.623111,2.883782,-4.325674,-2.434667,2.206122,5.475345,1.741934,0.982683,-1.474025,2.612901,-3.919351,-2.211037,2.000000,4.500000,0.180588,0.099391,-0.149087,0.270881,-0.406322,-0.223630,0.975345,0.206122
8.730000,1.906290,1.110912,-1.666368,2.859436,-4.289154,-2.499552,2.206370,5.476577,1.726998,1.008701,-1.513051,2.590497,-3.885746,-2.269576,2.000000,4.500000,0.179292,0.102211,-0.153317,0.268938,-0.403407,-0.229976,0.976577,0.206370
8.740000,1.889627,1.139506,-1.709259,2.834440,-4.251660,-2.563889,2.206618,5.477809,1.711674,1.034491,-1.551737,2.567511,-3.851267,-2.327605,2.000000,4.500000,0.177953,0.105015,-0.157523,0.266929,-0.400394,-0.236284,0.977809,0.206618
8.750000,1.872534,1.167851,-1.751776,2.808801,-4.213202,-2.627664,2.206866,5.479042,1.695965,1.060049,-1.590073,2.543947,-3.815921,-2.385110,2.000000,4.500000,0.176569,0.107802,-0.161703,0.264854,-0.397281,-0.242554,0.979042,0.206866
8.760000,1.855016,1.195939,-1.793908,2.782525,-4.173787,-2.690862,2.207115,5.480275,1.679874,1.085368,-1.628052,2.519811,-3.779716,-2.442078,2.000000,4.500000,0.175143,0.110571,-0.165856,0.262714,-0.394071,-0.248784,0.980275,0.207115
8.770000,1.837077,1.223764,-1.835646,2.755616,-4.133424,-2.753469,2.207363,5.481508,1.663405,1.110443,-1.665665,2.495107,-3.742661,-2.498497,2.000000,4.500000,0.173672,0.113321,-0.169981,0.260509,-0.390763,-0.254972,0.981508,0.207363
8.780000,1.818721,1.251320,-1.876980,2.728081,-4.092122,-2.815470,2.207611,5.482741,1.646562,1.135268,-1.702903,2.469843,-3.704764,-2.554354,2.000000,4.500000,0.172159,0.116052,-0.174078,0.258239,-0.387358,-0.261116,0.982741,0.207611
8.790000,1.799951,1.278601,-1.917901,2.699927,-4.049890,-2.876852,2.207860,5.483975,1.629348,1.159838,-1.739757,2.444022,-3.666033,-2.609636,2.000000,4.500000,0.170603,0.118763,-0.178144,0.255904,-0.383857,-0.267216,0.983975,0.207860
8.800000,1.780772,1.305600,-1.958400,2.671158,-4.006737,-2.937600,2.208108,5.485209,1.611768,1.184147,-1.776221,2.417652,-3.626478,-2.664331,2.000000,4.500000,0.169004,0.121453,-0.182180,0.253506,-0.380259,-0.273270,0.985209,0.208108
8.810000,1.761188,1.332312,-1.998468,2.641782,-3.962673,-2.997701,2.208356,5.486443,1.593825,1.208189,-1.812284,2.390738,-3.586106,-2.718426,2.000000,4.500000,0.167363,0.124122,-0.186184,0.251045,-0.376567,-0.279275,0.986443,0.208356
8.820000,1.741203,1.358730,-2.038094,2.611805,-3.917708,-3.057142,2.208605,5.487677,1.575524,1.231960,-1.847940,2.363285,-3.544928,-2.771910,2.000000,4.500000,0.165680,0.126770,-0.190154,0.248520,-0.372780,-0.285232,0.987677,0.208605
8.830000,1.720822,1.384848,-2.077271,2.581234,-3.871850,-3.115907,2.208853,5.488912,1.556868,1.255453,-1.883180,2.335301,-3.502952,-2.824770,2.000000,4.500000,0.163955,0.129394,-0.194091,0.245932,-0.368898,-0.291137,0.988912,0.208853
8.840000,1.700050,1.410660,-2.115990,2.550075,-3.825112,-3.173985,2.209102,5.490147,1.537861,1.278664,-1.917996,2.306792,-3.460188,-2.876995,2.000000,4.500000,0.162188,0.131996,-0.197994,0.243282,-0.364924,-0.296990,0.990147,0.209102
8.850000,1.678890,1.436161,-2.154241,2.518335,-3.777502,-3.231362,2.209350,5.491382,1.518509,1.301587,-1.952381,2.277764,-3.416646,-2.928572,2.000000,4.500000,0.160381,0.134573,-0.201860,0.240571,-0.360857,-0.302790,0.991382,0.209350
8.860000,1.657347,1.461344,-2.192016,2.486021,-3.729032,-3.288024,2.209599,5.492618,1.498815,1.324218,-1.986327,2.248223,-3.372334,-2.979490,2.000000,4.500000,0.158532,0.137126,-0.205689,0.237798,-0.356697,-0.308534,0.992618,0.209599
8.870000,1.635427,1.486204,-2.229306,2.453141,-3.679711,-3.343960,2.209847,5.493854,1.478784,1.346550,-2.019825,2.218176,-3.327264,-3.029738,2.000000,4.500000,0.156643,0.139654,-0.209481,0.234965,-0.352447,-0.314222,0.993854,0.209847
8.880000,1.613134,1.510736,-2.266104,2.419701,-3.629552,-3.399155,2.210096,5.495090,1.458420,1.368580,-2.052870,2.187630,-3.281446,-3.079304,2.000000,4.500000,0.154714,0.142156,-0.213234,0.232071,-0.348106,-0.319851,0.995090,0.210096
8.890000,1.590473,1.534933,-2.302399,2.385710,-3.578565,-3.453599,2.210345,5.496326,1.437728,1.390301,-2.085452,2.156592,-3.234889,-3.128178,2.000000,4.500000,0.152745,0.144631,-0.216947,0.229117,-0.343676,-0.325421,0.996326,0.210345
8.900000,1.567449,1.558790,-2.338185,2.351174,-3.526761,-3.507277,2.210593,5.497563,1.416713,1.411710,-2.117565,2.125069,-3.187604,-3.176347,2.000000,4.500000,0.150736,0.147080,-0.220620,0.226105,-0.339157,-0.330930,0.997563,0.210593
8.910000,1.544067,1.582302,-2.373452,2.316101,-3.474151,-3.560178,2.210842,5.498800,1.395379,1.432801,-2.149202,2.093068,-3.139602,-3.223802,2.000000,4.500000,0.148689,0.149501,-0.224251,0.223033,-0.334550,-0.336376,0.998800,0.210842
8.920000,1.520333,1.605463,-2.408194,2.280499,-3.420749,-3.612291,2.211091,5.500037,1.373730,1.453570,-2.180355,2.060596,-3.090893,-3.270532,2.000000,4.500000,0.146602,0.151893,-0.227839,0.219904,-0.329855,-0.341759,1.000037,0.211091
8.930000,1.496251,1.628268,-2.442401,2.244376,-3.366564,-3.663602,2.211339,5.501275,1.351773,1.474011,-2.211017,2.027660,-3.041489,-3.316526,2.000000,4.500000,0.144478,0.154256,-0.231384,0.216717,-0.325075,-0.347076,1.001275,0.211339
8.940000,1.471827,1.650711,-2.476067,2.207740,-3.311610,-3.714100,2.211588,5.502512,1.329512,1.494121,-2.241182,1.994268,-2.991401,-3.361773,2.000000,4.500000,0.142315,0.156590,-0.234885,0.213473,-0.320209,-0.352327,1.002512,0.211588
8.950000,1.447066,1.672789,-2.509183,2.170599,-3.255899,-3.763775,2.211837,5.503750,1.306951,1.513895,-2.270843,1.960427,-2.940640,-3.406264,2.000000,4.500000,0.140115,0.158893,-0.238340,0.210173,-0.315259,-0.357510,1.003750,0.211837
8.960000,1.421974,1.694495,-2.541742,2.132962,-3.199442,-3.812613,2.212086,5.504989,1.284097,1.533328,-2.299993,1.926145,-2.889217,-3.449989,2.000000,4.500000,0.137878,0.161166,-0.241749,0.206817,-0.310225,-0.362624,1.004989,0.212086
8.970000,1.396557,1.715824,-2.573736,2.094835,-3.142253,-3.860605,2.212335,5.506227,1.260953,1.552417,-2.328625,1.891430,-2.837144,-3.492938,2.000000,4.500000,0.135604,0.163408,-0.245111,0.203406,-0.305109,-0.367667,1.006227,0.212335
8.980000,1.370820,1.736773,-2.605159,2.056229,-3.084344,-3.907738,2.212583,5.507466,1.237526,1.571156,-2.356733,1.856289,-2.784433,-3.535100,2.000000,4.500000,0.133294,0.165617,-0.248426,0.199941,-0.299911,-0.372638,1.007466,0.212583
8.990000,1.344768,1.757335,-2.636002,2.017152,-3.025728,-3.954004,2.212832,5.508705,1.213820,1.589541,-2.384312,1.820730,-2.731095,-3.576467,2.000000,4.500000,0.130948,0.167794,-0.251691,0.196422,-0.294633,-0.377536,1.008705,0.212832
9.000000,1.318408,1.777506,-2.666260,1.977612,-2.966418,-3.999390,2.213081,5.509945,1.189841,1.607569,-2.411353,1.784762,-2.677143,-3.617030,2.000000,4.500000,0.128567,0.169938,-0.254906,0.192850,-0.289275,-0.382360,1.009945,0.213081
9.010000,1.291745,1.797283,-2.695924,1.937618,-2.906427,-4.043886,2.213330,5.511185,1.165595,1.625235,-2.437852,1.748392,-2.622588,-3.656779,2.000000,4.500000,0.126151,0.172048,-0.258071,0.189226,-0.283839,-0.387107,1.011185,0.213330
9.020000,1.264786,1.816659,-2.724988,1.897179,-2.845769,-4.087482,2.213579,5.512425,1.141086,1.642535,-2.463803,1.711629,-2.567444,-3.695705,2.000000,4.500000,0.123700,0.174123,-0.261185,0.185550,-0.278325,-0.391778,1.012425,0.213579
9.030000,1.237536,1.835631,-2.753446,1.856304,-2.784457,-4.130169,2.213828,5.513665,1.116321,1.659466,-2.489199,1.674481,-2.511721,-3.733799,2.000000,4.500000,0.121216,0.176164,-0.264246,0.181823,-0.272735,-0.396370,1.013665,0.213828
9.040000,1.210002,1.854194,-2.781290,1.815003,-2.722504,-4.171936,2.214077,5.514906,1.091304,1.676024,-2.514036,1.636956,-2.455434,-3.771053,2.000000,4.500000,0.118698,0.178170,-0.267255,0.178047,-0.267070,-0.400882,1.014906,0.214077
9.050000,1.182189,1.872344,-2.808515,1.773283,-2.659925,-4.212773,2.214326,5.516146,1.066042,1.692204,-2.538306,1.599063,-2.398594,-3.807459,2.000000,4.500000,0.116147,0.180139,-0.270209,0.174221,-0.261331,-0.405314,1.016146,0.214326
9.060000,1.154104,1.890076,-2.835115,1.731156,-2.596733,-4.252672,2.214575,5.517387,1.040540,1.708004,-2.562006,1.560810,-2.341214,-3.843009,2.000000,4.500000,0.113564,0.182073,-0.273109,0.170346,-0.255519,-0.409663,1.017387,0.214575
9.070000,1.125753,1.907388,-2.861082,1.688629,-2.532943,-4.291623,2.214825,5.518629,1.014804,1.723419,-2.585129,1.522205,-2.283308,-3.877693,2.000000,4.500000,0.110949,0.183969,-0.275953,0.166423,-0.249635,-0.413930,1.018629,0.214825
9.080000,1.097142,1.924274,-2.886411,1.645713,-2.468569,-4.329617,2.215074,5.519871,0.988839,1.738447,-2.607670,1.483259,-2.224888,-3.911505,2.000000,4.500000,0.108303,0.185828,-0.278741,0.162454,-0.243681,-0.418112,1.019871,0.215074
9.090000,1.068278,1.940731,-2.911097,1.602416,-2.403625,-4.366646,2.215323,5.521113,0.962652,1.753083,-2.629625,1.443978,-2.165967,-3.944437,2.000000,4.500000,0.105625,0.187648,-0.281472,0.158438,-0.237657,-0.422208,1.021113,0.215323
9.100000,1.039167,1.956756,-2.935133,1.558750,-2.338125,-4.402700,2.215572,5.522355,0.936249,1.767325,-2.650988,1.404373,-2.106559,-3.976482,2.000000,4.500000,0.102918,0.189430,-0.284146,0.154377,-0.231566,-0.426218,1.022355,0.215572
9.110000,1.009815,1.972343,-2.958515,1.514723,-2.272084,-4.437772,2.215821,5.523597,0.909634,1.781170,-2.671754,1.364452,-2.046677,-4.007632,2.000000,4.500000,0.100181,0.191173,-0.286760,0.150271,-0.225407,-0.430140,1.023597,0.215821
9.120000,0.980230,1.987490,-2.981236,1.470345,-2.205518,-4.471853,2.216071,5.524840,0.882816,1.794613,-2.691920,1.324223,-1.986335,-4.037880,2.000000,4.500000,0.097415,0.192877,-0.289316,0.146122,-0.219183,-0.433973,1.024840,0.216071
9.130000,0.950418,2.002194,-3.003291,1.425627,-2.138440,-4.504936,2.216320,5.526083,0.855798,1.807653,-2.711480,1.283697,-1.925546,-4.067219,2.000000,4.500000,0.094620,0.194541,-0.291811,0.141930,-0.212895,-0.437717,1.026083,0.216320
9.140000,0.920385,2.016450,-3.024675,1.380577,-2.070866,-4.537013,2.216569,5.527327,0.828588,1.820286,-2.730429,1.242882,-1.864323,-4.095644,2.000000,4.500000,0.091797,0.196164,-0.294246,0.137695,-0.206543,-0.441369,1.027327,0.216569
9.150000,0.890138,2.030256,-3.045384,1.335207,-2.002811,-4.568076,2.216819,5.528570,0.801191,1.832510,-2.748765,1.201787,-1.802681,-4.123147,2.000000,4.500000,0.088947,0.197746,-0.296619,0.133420,-0.200130,-0.444929,1.028570,0.216819
9.160000,0.859684,2.043608,-3.065412,1.289526,-1.934290,-4.598118,2.217068,5.529814,0.773615,1.844321,-2.766482,1.160422,-1.740633,-4.149722,2.000000,4.500000,0.086070,0.199287,-0.298930,0.129104,-0.193657,-0.448395,1.029814,0.217068
9.170000,0.829030,2.056503,-3.084755,1.243545,-1.865318,-4.627132,2.217317,5.531058,0.745864,1.855717,-2.783576,1.118796,-1.678194,-4.175364,2.000000,4.500000,0.083166,0.200786,-0.301179,0.124749,-0.187124,-0.451768,1.031058,0.217317
9.180000,0.798183,2.068939,-3.103408,1.197274,-1.795911,-4.655112,2.217567,5.532303,0.717945,1.866696,-2.800044,1.076918,-1.615377,-4.200066,2.000000,4.500000,0.080237,0.202242,-0.303364,0.120356,-0.180534,-0.455046,1.032303,0.217567
9.190000,0.767149,2.080911,-3.121367,1.150723,-1.726084,-4.682051,2.217816,5.533548,0.689865,1.877255,-2.815882,1.034798,-1.552197,-4.223824,2.000000,4.500000,0.077283,0.203656,-0.305485,0.115925,-0.173888,-0.458227,1.033548,0.217816
9.200000,0.735935,2.092419,-3.138628,1.103902,-1.655854,-4.707942,2.218066,5.534793,0.661630,1.887391,-2.831087,0.992445,-1.488667,-4.246631,2.000000,4.500000,0.074305,0.205027,-0.307541,0.111458,-0.167187,-0.461311,1.034793,0.218066
9.210000,0.704549,2.103458,-3.155186,1.056823,-1.585234,-4.732780,2.218315,5.536038,0.633246,1.897103,-2.845655,0.949868,-1.424802,-4.268482,2.000000,4.500000,0.071303,0.206355,-0.309532,0.106955,-0.160432,-0.464298,1.036038,0.218315
9.220000,0.672997,2.114026,-3.171039,1.009495,-1.514243,-4.756558,2.218565,5.537284,0.604719,1.906388,-2.859582,0.907078,-1.360617,-4.289373,2.000000,4.500000,0.068278,0.207638,-0.311457,0.102417,-0.153625,-0.467185,1.037284,0.218565
9.230000,0.641286,2.124121,-3.186181,0.961930,-1.442894,-4.779272,2.218814,5.538530,0.576056,1.915244,-2.872866,0.864084,-1.296126,-4.309299,2.000000,4.500000,0.065230,0.208877,-0.313315,0.097846,-0.146768,-0.469973,1.038530,0.218814
9.240000,0.609425,2.133740,-3.200610,0.914137,-1.371205,-4.800915,2.219064,5.539776,0.547264,1.923669,-2.885504,0.820895,-1.231343,-4.328255,2.000000,4.500000,0.062161,0.210071,-0.315107,0.093241,-0.139862,-0.472660,1.039776,0.219064
9.250000,0.577418,2.142881,-3.214322,0.866128,-1.299192,-4.821483,2.219314,5.541022,0.518348,1.931661,-2.897492,0.777522,-1.166283,-4.346238,2.000000,4.500000,0.059070,0.211220,-0.316830,0.088606,-0.132908,-0.475245,1.041022,0.219314
9.260000,0.545275,2.151543,-3.227314,0.817913,-1.226869,-4.840971,2.219563,5.542269,0.489316,1.939219,-2.908828,0.733974,-1.100961,-4.363242,2.000000,4.500000,0.055959,0.212324,-0.318486,0.083939,-0.125908,-0.477729,1.042269,0.219563
9.270000,0.513002,2.159722,-3.239583,0.769503,-1.154255,-4.859374,2.219813,5.543516,0.460174,1.946340,-2.919510,0.690261,-1.035391,-4.379265,2.000000,4.500000,0.052828,0.213382,-0.320073,0.079243,-0.118864,-0.480109,1.043516,0.219813
9.280000,0.480606,2.167417,-3.251125,0.720909,-1.081364,-4.876688,2.220063,5.544763,0.430928,1.953024,-2.929535,0.646392,-0.969588,-4.394303,2.000000,4.500000,0.049678,0.214393,-0.321590,0.074517,-0.111776,-0.482385,1.044763,0.220063
9.290000,0.448095,2.174626,-3.261939,0.672143,-1.008214,-4.892908,2.220312,5.546011,0.401585,1.959268,-2.938901,0.602378,-0.903567,-4.408352,2.000000,4.500000,0.046510,0.215358,-0.323038,0.069765,-0.104647,-0.484556,1.046011,0.220312
9.300000,0.415476,2.181347,-3.272021,0.623213,-0.934820,-4.908032,2.220562,5.547259,0.372152,1.965071,-2.947606,0.558228,-0.837342,-4.421409,2.000000,4.500000,0.043324,0.216277,-0.324415,0.064985,-0.097478,-0.486623,1.047259,0.220562
9.310000,0.382755,2.187580,-3.281369,0.574133,-0.861200,-4.922054,2.220812,5.548507,0.342635,1.970432,-2.955648,0.513953,-0.770929,-4.433471,2.000000,4.500000,0.040120,0.217148,-0.325722,0.060180,-0.090270,-0.488583,1.048507,0.220812
9.320000,0.349942,2.193321,-3.289981,0.524913,-0.787369,-4.934972,2.221062,5.549755,0.313041,1.975349,-2.963024,0.469562,-0.704343,-4.444536,2.000000,4.500000,0.036900,0.217972,-0.326957,0.055350,-0.083026,-0.490436,1.049755,0.221062
9.330000,0.317042,2.198570,-3.297855,0.475563,-0.713344,-4.946783,2.221312,5.551004,0.283377,1.979823,-2.969734,0.425066,-0.637598,-4.454601,2.000000,4.500000,0.033665,0.218747,-0.328121,0.050497,-0.075746,-0.492182,1.051004,0.221312
9.340000,0.284063,2.203326,-3.304988,0.426095,-0.639143,-4.957483,2.221562,5.552253,0.253649,1.983850,-2.975776,0.380473,-0.570710,-4.463663,2.000000,4.500000,0.030414,0.219475,-0.329213,0.045622,-0.068432,-0.493819,1.052253,0.221562
9.350000,0.251013,2.207587,-3.311380,0.376520,-0.564780,-4.967070,2.221811,5.553502,0.223864,1.987432,-2.981148,0.335796,-0.503693,-4.471721,2.000000,4.500000,0.027150,0.220155,-0.330232,0.040725,-0.061087,-0.495348,1.053502,0.221811
9.360000,0.217900,2.211352,-3.317028,0.326850,-0.490274,-4.975542,2.222061,5.554752,0.194028,1.990566,-2.985849,0.291042,-0.436564,-4.478774,2.000000,4.500000,0.023871,0.220786,-0.331179,0.035807,-0.053711,-0.496768,1.054752,0.222061
9.370000,0.184729,2.214620,-3.321930,0.277094,-0.415641,-4.982896,2.222311,5.556001,0.164149,1.993252,-2.989879,0.246224,-0.369335,-4.484818,2.000000,4.500000,0.020580,0.221368,-0.332052,0.030871,-0.046306,-0.498078,1.056001,0.222311
9.380000,0.151510,2.217391,-3.326087,0.227265,-0.340898,-4.989130,2.222561,5.557252,0.134233,1.995490,-2.993235,0.201349,-0.302024,-4.489853,2.000000,4.500000,0.017277,0.221901,-0.332851,0.025916,-0.038874,-0.499277,1.057252,0.222561
9.390000,0.118249,2.219664,-3.329496,0.177374,-0.266061,-4.994244,2.222811,5.558502,0.104287,1.997279,-2.995919,0.156430,-0.234645,-4.493878,2.000000,4.500000,0.013963,0.222385,-0.333577,0.020944,-0.031416,-0.500365,1.058502,0.222811
9.400000,0.084954,2.221438,-3.332156,0.127431,-0.191147,-4.998235,2.223061,5.559753,0.074317,1.998619,-2.997928,0.111475,-0.167213,-4.496892,2.000000,4.500000,0.010638,0.222819,-0.334228,0.015956,-0.023934,-0.501342,1.059753,0.223061
9.410000,0.051633,2.222712,-3.334068,0.077449,-0.116174,-5.001102,2.223312,5.561004,0.044330,1.999509,-2.999263,0.066495,-0.099743,-4.498894,2.000000,4.500000,0.007302,0.223203,-0.334805,0.010954,-0.016431,-0.502207,1.061004,0.223312
9.420000,0.018292,2.223486,-3.335230,0.027438,-0.041157,-5.002844,2.223562,5.562255,0.014334,1.999949,-2.999923,0.021501,-0.032251,-4.499884,2.000000,4.500000,0.003958,0.223538,-0.335307,0.005937,-0.008906,-0.502960,1.062255,0.223562
9.430000,-0.015060,2.223761,-3.335641,-0.022590,0.033886,-5.003462,2.223812,5.563506,-0.015666,1.999939,-2.999908,-0.023499,0.035248,-4.499862,2.000000,4.500000,0.000606,0.223822,-0.335733,0.000909,-0.001363,-0.503600,1.063506,0.223812
9.440000,-0.048417,2.223535,-3.335302,-0.072625,0.108938,-5.002954,2.224062,5.564758,-0.045662,1.999479,-2.999218,-0.068493,0.102740,-4.498827,2.000000,4.500000,-0.002755,0.224056,-0.336084,-0.004132,0.006198,-0.504126,1.064758,0.224062
9.450000,-0.081770,2.222809,-3.334213,-0.122655,0.183982,-5.001319,2.224312,5.566010,-0.075648,1.998569,-2.997853,-0.113472,0.170208,-4.496780,2.000000,4.500000,-0.006122,0.224240,-0.336360,-0.009182,0.013774,-0.504540,1.066010,0.224312
9.460000,-0.115112,2.221582,-3.332373,-0.172668,0.259002,-4.998560,2.224562,5.567262,-0.105617,1.997209,-2.995814,-0.158425,0.237638,-4.493721,2.000000,4.500000,-0.009495,0.224373,-0.336559,-0.014242,0.021363,-0.504839,1.067262,0.224562
9.470000,-0.148436,2.219855,-3.329783,-0.222653,0.333980,-4.994675,2.224813,5.568515,-0.135562,1.995400,-2.993101,-0.203343,0.305015,-4.489651,2.000000,4.500000,-0.012873,0.224455,-0.336682,-0.019310,0.028965,-0.505024,1.068515,0.224813
9.480000,-0.181733,2.217629,-3.326443,-0.272600,0.408900,-4.989665,2.225063,5.569768,-0.165477,1.993143,-2.989714,-0.248215,0.372323,-4.484571,2.000000,4.500000,-0.016257,0.224486,-0.336729,-0.024385,0.036577,-0.505094,1.069768,0.225063
9.490000,-0.214998,2.214903,-3.322354,-0.322497,0.483745,-4.983531,2.225313,5.571021,-0.195354,1.990436,-2.985654,-0.293031,0.439547,-4.478482,2.000000,4.500000,-0.019644,0.224467,-0.336700,-0.029466,0.044198,-0.505050,1.071021,0.225313
9.500000,-0.248221,2.211678,-3.317517,-0.372332,0.558498,-4.976275,2.225564,5.572275,-0.225188,1.987282,-2.980923,-0.337781,0.506672,-4.471385,2.000000,4.500000,-0.023034,0.224396,-0.336594,-0.034551,0.051826,-0.504890,1.072275,0.225564
9.510000,-0.281397,2.207955,-3.311932,-0.422095,0.633142,-4.967898,2.225814,5.573528,-0.254970,1.983681,-2.975521,-0.382456,0.573683,-4.463282,2.000000,4.500000,-0.026426,0.224274,-0.336410,-0.039639,0.059459,-0.504616,1.073528,0.225814
9.520000,-0.314516,2.203734,-3.305600,-0.471774,0.707661,-4.958401,2.226064,5.574782,-0.284696,1.979633,-2.969450,-0.427044,0.640566,-4.454175,2.000000,4.500000,-0.029820,0.224100,-0.336150,-0.044730,0.067095,-0.504226,1.074782,0.226064
9.530000,-0.347572,2.199016,-3.298524,-0.521358,0.782037,-4.947786,2.226315,5.576037,-0.314357,1.975140,-2.962711,-0.471536,0.707304,-4.444066,2.000000,4.500000,-0.033215,0.223876,-0.335813,-0.049822,0.074733,-0.503720,1.076037,0.226315
9.540000,-0.380557,2.193802,-3.290703,-0.570836,0.856253,-4.936055,2.226565,5.577291,-0.343948,1.970203,-2.955305,-0.515922,0.773882,-4.432957,2.000000,4.500000,-0.036609,0.223599,-0.335399,-0.054914,0.082371,-0.503098,1.077291,0.226565
9.550000,-0.413464,2.188094,-3.282141,-0.620196,0.930294,-4.923211,2.226816,5.578546,-0.373461,1.964822,-2.947234,-0.560192,0.840287,-4.420850,2.000000,4.500000,-0.040003,0.223272,-0.334907,-0.060005,0.090007,-0.502361,1.078546,0.226816
9.560000,-0.446286,2.181892,-3.272838,-0.669428,1.004142,-4.909257,2.227066,5.579801,-0.402890,1.959000,-2.938499,-0.604335,0.906503,-4.407749,2.000000,4.500000,-0.043395,0.222892,-0.334339,-0.065093,0.097639,-0.501508,1.079801,0.227066
9.570000,-0.479014,2.175198,-3.262797,-0.718521,1.077781,-4.894195,2.227317,5.581057,-0.432229,1.952736,-2.929104,-0.648343,0.972515,-4.393656,2.000000,4.500000,-0.046785,0.222462,-0.333692,-0.070178,0.105267,-0.500539,1.081057,0.227317
9.580000,-0.511642,2.168013,-3.252019,-0.767463,1.151194,-4.878028,2.227567,5.582313,-0.461470,1.946033,-2.919050,-0.692205,1.038308,-4.378575,2.000000,4.500000,-0.050172,0.221979,-0.332969,-0.075258,0.112886,-0.499453,1.082313,0.227567
9.590000,-0.544162,2.160338,-3.240507,-0.816243,1.224365,-4.860760,2.227818,5.583569,-0.490608,1.938893,-2.908339,-0.735911,1.103867,-4.362508,2.000000,4.500000,-0.053554,0.221445,-0.332168,-0.080332,0.120498,-0.498252,1.083569,0.227818
9.600000,-0.576567,2.152175,-3.228263,-0.864851,1.297276,-4.842395,2.228068,5.584825,-0.519635,1.931316,-2.896973,-0.779452,1.169178,-4.345460,2.000000,4.500000,-0.056932,0.220860,-0.331290,-0.085399,0.128098,-0.496935,1.084825,0.228068
9.610000,-0.608850,2.143527,-3.215290,-0.913275,1.369912,-4.822936,2.228319,5.586082,-0.548545,1.923304,-2.884956,-0.822817,1.234226,-4.327434,2.000000,4.500000,-0.060305,0.220223,-0.330334,-0.090457,0.135686,-0.495502,1.086082,0.228319
9.620000,-0.641003,2.134394,-3.201591,-0.961504,1.442256,-4.802387,2.228570,5.587338,-0.577332,1.914860,-2.872290,-0.865998,1.298996,-4.308435,2.000000,4.500000,-0.063671,0.219534,-0.329302,-0.095507,0.143260,-0.493952,1.087338,0.228570
9.630000,-0.673019,2.124779,-3.187169,-1.009528,1.514292,-4.780753,2.228820,5.588596,-0.605989,1.905985,-2.858977,-0.908983,1.363474,-4.288466,2.000000,4.500000,-0.067030,0.218794,-0.328192,-0.100545,0.150818,-0.492287,1.088596,0.228820
9.640000,-0.704890,2.114684,-3.172026,-1.057335,1.586003,-4.758039,2.229071,5.589853,-0.634509,1.896681,-2.845021,-0.951764,1.427645,-4.267532,2.000000,4.500000,-0.070381,0.218003,-0.327005,-0.105572,0.158358,-0.490507,1.089853,0.229071
9.650000,-0.736611,2.104111,-3.156166,-1.104916,1.657374,-4.734249,2.229322,5.591111,-0.662887,1.886950,-2.830425,-0.994330,1.491495,-4.245638,2.000000,4.500000,-0.073724,0.217160,-0.325741,-0.110586,0.165878,-0.488611,1.091111,0.229322
9.660000,-0.768172,2.093061,-3.139592,-1.152258,1.728387,-4.709388,2.229573,5.592369,-0.691115,1.876795,-2.815192,-1.036673,1.555010,-4.222789,2.000000,4.500000,-0.077057,0.216266,-0.324400,-0.115585,0.173378,-0.486599,1.092369,0.229573
9.670000,-0.799568,2.081539,-3.122308,-1.199352,1.799028,-4.683462,2.229824,5.593627,-0.719189,1.866218,-2.799326,-1.078783,1.618174,-4.198989,2.000000,4.500000,-0.080380,0.215321,-0.322982,-0.120569,0.180854,-0.484473,1.093627,0.229824
9.680000,-0.830791,2.069545,-3.104318,-1.246187,1.869280,-4.656477,2.230074,5.594886,-0.747100,1.855220,-2.782830,-1.120650,1.680975,-4.174245,2.000000,4.500000,-0.083691,0.214325,-0.321488,-0.125537,0.188305,-0.482232,1.094886,0.230074
9.690000,-0.861834,2.057083,-3.085625,-1.292752,1.939127,-4.628438,2.230325,5.596144,-0.774843,1.843805,-2.765708,-1.162265,1.743397,-4.148562,2.000000,4.500000,-0.086991,0.213278,-0.319917,-0.130487,0.195730,-0.479876,1.096144,0.230325
9.700000,-0.892691,2.044156,-3.066234,-1.339036,2.008554,-4.599351,2.230576,5.597404,-0.802412,1.831976,-2.747964,-1.203618,1.805427,-4.121945,2.000000,4.500000,-0.090279,0.212180,-0.318270,-0.135418,0.203127,-0.477405,1.097404,0.230576
9.710000,-0.923353,2.030766,-3.046148,-1.385029,2.077544,-4.569222,2.230827,5.598663,-0.829800,1.819734,-2.729601,-1.244700,1.867051,-4.094401,2.000000,4.500000,-0.093553,0.211032,-0.316547,-0.140329,0.210494,-0.474821,1.098663,0.230827
9.720000,-0.953814,2.016915,-3.025373,-1.430722,2.146083,-4.538059,2.231078,5.599923,-0.857002,1.807083,-2.710624,-1.285503,1.928254,-4.065936,2.000000,4.500000,-0.096813,0.209833,-0.314749,-0.145219,0.217828,-0.472123,1.099923,0.231078
9.730000,-0.984068,2.002608,-3.003912,-1.476102,2.214153,-4.505868,2.231329,5.601183,-0.884011,1.794025,-2.691037,-1.326016,1.989024,-4.036556,2.000000,4.500000,-0.100057,0.208583,-0.312875,-0.150086,0.225129,-0.469312,1.101183,0.231329
9.740000,-1.014107,1.987847,-2.981770,-1.521161,2.281741,-4.472656,2.231580,5.602443,-0.910821,1.780563,-2.670845,-1.366231,2.049346,-4.006267,2.000000,4.500000,-0.103287,0.207284,-0.310926,-0.154930,0.232395,-0.466388,1.102443,0.231580
9.750000,-1.043925,1.972635,-2.958953,-1.565888,2.348831,-4.438430,2.231831,5.603704,-0.937426,1.766701,-2.650052,-1.406138,2.109208,-3.975078,2.000000,4.500000,-0.106499,0.205934,-0.308901,-0.159749,0.239624,-0.463352,1.103704,0.231831
9.760000,-1.073515,1.956977,-2.935465,-1.610272,2.415408,-4.403197,2.232082,5.604964,-0.963820,1.752442,-2.628662,-1.445730,2.168594,-3.942994,2.000000,4.500000,-0.109695,0.204535,-0.306802,-0.164542,0.246813,-0.460204,1.104964,0.232082
9.770000,-1.102869,1.940874,-2.911311,-1.654304,2.481456,-4.366966,2.232333,5.606225,-0.989997,1.737788,-2.606682,-1.484995,2.227493,-3.910022,2.000000,4.500000,-0.112872,0.203086,-0.304629,-0.169308,0.253963,-0.456944,1.106225,0.232333
9.780000,-1.131982,1.924331,-2.886496,-1.697973,2.546960,-4.329744,2.232584,5.607487,-1.015951,1.722743,-2.584114,-1.523927,2.285891,-3.876171,2.000000,4.500000,-0.116031,0.201588,-0.302382,-0.174046,0.261070,-0.453573,1.107487,0.232584
9.790000,-1.160847,1.907351,-2.861027,-1.741271,2.611906,-4.291540,2.232835,5.608749,-1.041677,1.707310,-2.560965,-1.562516,2.343774,-3.841448,2.000000,4.500000,-0.119170,0.200041,-0.300061,-0.178755,0.268132,-0.450092,1.108749,0.232835
9.800000,-1.189458,1.889938,-2.834907,-1.784186,2.676279,-4.252361,2.233087,5.610011,-1.067169,1.691494,-2.537240,-1.600753,2.401130,-3.805861,2.000000,4.500000,-0.122289,0.198445,-0.297667,-0.183433,0.275150,-0.446500,1.110011,0.233087
9.810000,-1.217807,1.872096,-2.808145,-1.826710,2.740065,-4.212217,2.233338,5.611273,-1.092420,1.675296,-2.512945,-1.638630,2.457945,-3.769417,2.000000,4.500000,-0.125386,0.196800,-0.295200,-0.188080,0.282119,-0.442800,1.111273,0.233338
9.820000,-1.245888,1.853829,-2.780744,-1.868832,2.803248,-4.171116,2.233589,5.612535,-1.117426,1.658722,-2.488083,-1.676139,2.514208,-3.732125,2.000000,4.500000,-0.128462,0.195107,-0.292661,-0.192693,0.289040,-0.438991,1.112535,0.233589
9.830000,-1.273695,1.835141,-2.752712,-1.910543,2.865815,-4.129067,2.233840,5.613798,-1.142180,1.641775,-2.462662,-1.713270,2.569905,-3.693994,2.000000,4.500000,-0.131516,0.193366,-0.290049,-0.197273,0.295910,-0.435074,1.113798,0.233840
9.840000,-1.301223,1.816036,-2.724053,-1.951834,2.927751,-4.086080,2.234092,5.615061,-1.166677,1.624458,-2.436687,-1.750016,2.625024,-3.655031,2.000000,4.500000,-0.134545,0.191577,-0.287366,-0.201818,0.302727,-0.431049,1.115061,0.234092
9.850000,-1.328463,1.796517,-2.694776,-1.992695,2.989042,-4.042164,2.234343,5.616325,-1.190912,1.606776,-2.410164,-1.786368,2.679552,-3.615246,2.000000,4.500000,-0.137551,0.189741,-0.284612,-0.206327,0.309490,-0.426918,1.116325,0.234343
9.860000,-1.355411,1.776590,-2.664885,-2.033116,3.049675,-3.997328,2.234594,5.617588,-1.214879,1.588732,-2.383098,-1.822318,2.733477,-3.574647,2.000000,4.500000,-0.140532,0.187858,-0.281787,-0.210798,0.316198,-0.422681,1.117588,0.234594
9.870000,-1.382060,1.756259,-2.634389,-2.073090,3.109634,-3.951583,2.234846,5.618852,-1.238572,1.570331,-2.355496,-1.857858,2.786787,-3.533245,2.000000,4.500000,-0.143488,0.185928,-0.278892,-0.215232,0.322847,-0.418338,1.118852,0.234846
9.880000,-1.408404,1.735528,-2.603292,-2.112605,3.168908,-3.904939,2.235097,5.620116,-1.261987,1.551576,-2.327365,-1.892980,2.839470,-3.491047,2.000000,4.500000,-0.146417,0.183952,-0.275928,-0.219625,0.329438,-0.413892,1.120116,0.235097
9.890000,-1.434437,1.714402,-2.571603,-2.151655,3.227482,-3.857405,2.235349,5.621381,-1.285118,1.532473,-2.298709,-1.927676,2.891515,-3.448064,2.000000,4.500000,-0.149319,0.181929,-0.272894,-0.223978,0.335968,-0.409341,1.121381,0.235349
9.900000,-1.460153,1.692886,-2.539328,-2.190229,3.285343,-3.808993,2.235600,5.622646,-1.307959,1.513024,-2.269536,-1.961939,2.942908,-3.404305,2.000000,4.500000,-0.152193,0.179861,-0.269792,-0.228290,0.342435,-0.404688,1.122646,0.235600
9.910000,-1.485546,1.670983,-2.506475,-2.228319,3.342478,-3.759713,2.235852,5.623911,-1.330507,1.493235,-2.239853,-1.995760,2.993640,-3.359780,2.000000,4.500000,-0.155039,0.177748,-0.266622,-0.232559,0.348838,-0.399933,1.123911,0.235852
9.920000,-1.510611,1.648700,-2.473050,-2.265916,3.398874,-3.709575,2.236103,5.625176,-1.352755,1.473111,-2.209666,-2.029132,3.043698,-3.314499,2.000000,4.500000,-0.157856,0.175590,-0.263384,-0.236784,0.355176,-0.395077,1.125176,0.236103
9.930000,-1.535341,1.626041,-2.439062,-2.303012,3.454518,-3.658592,2.236355,5.626442,-1.374698,1.452654,-2.178981,-2.062047,3.093071,-3.268472,2.000000,4.500000,-0.160643,0.173387,-0.260080,-0.240964,0.361446,-0.390120,1.126442,0.236355
9.940000,-1.559732,1.603011,-2.404516,-2.339598,3.509396,-3.606775,2.236606,5.627708,-1.396333,1.431871,-2.147807,-2.094499,3.141748,-3.221710,2.000000,4.500000,-0.163399,0.171140,-0.256710,-0.245099,0.367648,-0.385064,1.127708,0.236606
9.950000,-1.583777,1.579615,-2.369422,-2.375665,3.563498,-3.554134,2.236858,5.628974,-1.417653,1.410766,-2.116149,-2.126479,3.189719,-3.174223,2.000000,4.500000,-0.166124,0.168849,-0.253274,-0.249186,0.373779,-0.379910,1.128974,0.236858
9.960000,-1.607471,1.555858,-2.333787,-2.411207,3.616810,-3.500681,2.237109,5.630241,-1.438654,1.389343,-2.084015,-2.157981,3.236972,-3.126022,2.000000,4.500000,-0.168817,0.166515,-0.249773,-0.253226,0.379838,-0.374659,1.130241,0.237109
9.970000,-1.630809,1.531746,-2.297619,-2.446214,3.669320,-3.446429,2.237361,5.631507,-1.459332,1.367608,-2.051412,-2.188997,3.283496,-3.077118,2.000000,4.500000,-0.171477,0.164138,-0.246207,-0.257216,0.385824,-0.369311,1.131507,0.237361
9.980000,-1.653785,1.507284,-2.260926,-2.480678,3.721017,-3.391389,2.237613,5.632775,-1.479681,1.345565,-2.018347,-2.219521,3.329282,-3.027521,2.000000,4.500000,-0.174104,0.161719,-0.242579,-0.261157,0.391735,-0.363868,1.132775,0.237613
9.990000,-1.676394,1.482477,-2.223716,-2.514592,3.771888,-3.335574,2.237864,5.634042,-1.499697,1.323219,-1.984829,-2.249545,3.374318,-2.977243,2.000000,4.500000,-0.176697,0.159258,-0.238887,-0.265046,0.397569,-0.358331,1.134042,0.237864
10.000000,-1.698632,1.457331,-2.185997,-2.547947,3.821921,-3.278996,2.238116,5.635310,-1.519376,1.300576,-1.950864,-2.279064,3.418596,-2.926295,2.000000,4.500000,-0.179256,0.156756,-0.235134,-0.268884,0.403326,-0.352700,1.135310,0.238116
