time,x1,y1,x2,y2
0,0,0,1.496e+11,0
3600,0,0,1.496e+11,1.07208e+08
7200,0.230817,0,1.496e+11,2.14416e+08
10800,0.69245,0.00016541,1.496e+11,3.21624e+08
14400,1.3849,0.000661641,1.496e+11,4.28832e+08
18000,2.30817,0.0016541,1.49599e+11,5.36039e+08
21600,3.46225,0.0033082,1.49599e+11,6.43247e+08
25200,4.84714,0.00578935,1.49598e+11,7.50454e+08
28800,6.46285,0.00926296,1.49598e+11,8.57661e+08
32400,8.30937,0.0138944,1.49597e+11,9.64867e+08
36000,10.3867,0.0198492,1.49597e+11,1.07207e+09
39600,12.6949,0.0272926,1.49596e+11,1.17928e+09
43200,15.2338,0.0363901,1.49595e+11,1.28648e+09
46800,18.0036,0.0473071,1.49594e+11,1.39369e+09
50400,21.0041,0.0602089,1.49593e+11,1.50089e+09
54000,24.2355,0.0752611,1.49592e+11,1.60809e+09
57600,27.6977,0.0926289,1.49591e+11,1.7153e+09
61200,31.3907,0.112478,1.4959e+11,1.8225e+09
64800,35.3145,0.134973,1.49588e+11,1.9297e+09
68400,39.469,0.160281,1.49587e+11,2.0369e+09
72000,43.8544,0.188565,1.49585e+11,2.1441e+09
75600,48.4706,0.219992,1.49584e+11,2.25129e+09
79200,53.3175,0.254728,1.49582e+11,2.35849e+09
82800,58.3953,0.292937,1.49581e+11,2.46569e+09
86400,63.7038,0.334784,1.49579e+11,2.57288e+09
90000,69.2431,0.380436,1.49577e+11,2.68007e+09
93600,75.0132,0.430057,1.49575e+11,2.78726e+09
97200,81.0141,0.483814,1.49573e+11,2.89445e+09
100800,87.2457,0.541871,1.49571e+11,3.00164e+09
104400,93.7081,0.604393,1.49569e+11,3.10883e+09
108000,100.401,0.671547,1.49567e+11,3.21602e+09
111600,107.325,0.743497,1.49564e+11,3.3232e+09
115200,114.48,0.820409,1.49562e+11,3.43038e+09
118800,121.865,0.902448,1.49559e+11,3.53756e+09
122400,129.482,0.98978,1.49557e+11,3.64474e+09
126000,137.329,1.08257,1.49554e+11,3.75192e+09
129600,145.406,1.18098,1.49552e+11,3.85909e+09
133200,153.715,1.28518,1.49549e+11,3.96627e+09
136800,162.254,1.39534,1.49546e+11,4.07344e+09
140400,171.024,1.51162,1.49543e+11,4.18061e+09
144000,180.024,1.63418,1.4954e+11,4.28778e+09
147600,189.256,1.76318,1.49537e+11,4.39494e+09
151200,198.718,1.89881,1.49534e+11,4.5021e+09
154800,208.411,2.04122,1.49531e+11,4.60926e+09
158400,218.334,2.19057,1.49527e+11,4.71642e+09
162000,228.488,2.34703,1.49524e+11,4.82358e+09
165600,238.873,2.51077,1.4952e+11,4.93073e+09
169200,249.489,2.68195,1.49517e+11,5.03788e+09
172800,260.335,2.86074,1.49513e+11,5.14503e+09
176400,271.412,3.0473,1.4951e+11,5.25218e+09
180000,282.72,3.2418,1.49506e+11,5.35932e+09
183600,294.258,3.44441,1.49502e+11,5.46646e+09
187200,306.027,3.65528,1.49498e+11,5.5736e+09
190800,318.027,3.87459,1.49494e+11,5.68073e+09
194400,330.257,4.10249,1.4949e+11,5.78787e+09
198000,342.718,4.33916,1.49486e+11,5.89499e+09
201600,355.409,4.58476,1.49482e+11,6.00212e+09
205200,368.332,4.83945,1.49477e+11,6.10924e+09
208800,381.484,5.10341,1.49473e+11,6.21636e+09
212400,394.868,5.37679,1.49468e+11,6.32348e+09
216000,408.482,5.65976,1.49464e+11,6.43059e+09
219600,422.326,5.95248,1.49459e+11,6.53771e+09
223200,436.402,6.25513,1.49455e+11,6.64481e+09
226800,450.708,6.56786,1.4945e+11,6.75192e+09
230400,465.244,6.89085,1.49445e+11,6.85902e+09
234000,480.011,7.22425,1.4944e+11,6.96611e+09
237600,495.008,7.56824,1.49435e+11,7.07321e+09
241200,510.237,7.92297,1.4943e+11,7.1803e+09
244800,525.695,8.28862,1.49425e+11,7.28738e+09
248400,541.384,8.66534,1.4942e+11,7.39447e+09
252000,557.304,9.0533,1.49414e+11,7.50154e+09
255600,573.454,9.45268,1.49409e+11,7.60862e+09
259200,589.835,9.86363,1.49404e+11,7.71569e+09
262800,606.447,10.2863,1.49398e+11,7.82276e+09
266400,623.288,10.7209,1.49392e+11,7.92982e+09
270000,640.361,11.1676,1.49387e+11,8.03688e+09
273600,657.663,11.6265,1.49381e+11,8.14394e+09
277200,675.197,12.0978,1.49375e+11,8.25099e+09
280800,692.96,12.5816,1.49369e+11,8.35803e+09
284400,710.955,13.0782,1.49363e+11,8.46508e+09
288000,729.179,13.5877,1.49357e+11,8.57211e+09
291600,747.634,14.1102,1.49351e+11,8.67915e+09
295200,766.32,14.646,1.49345e+11,8.78618e+09
298800,785.236,15.1951,1.49338e+11,8.8932e+09
302400,804.382,15.7579,1.49332e+11,9.00022e+09
306000,823.759,16.3343,1.49326e+11,9.10724e+09
309600,843.366,16.9246,1.49319e+11,9.21425e+09
313200,863.203,17.529,1.49313e+11,9.32126e+09
316800,883.271,18.1476,1.49306e+11,9.42826e+09
320400,903.569,18.7805,1.49299e+11,9.53526e+09
324000,924.098,19.428,1.49292e+11,9.64225e+09
327600,944.857,20.0903,1.49285e+11,9.74924e+09
331200,965.846,20.7674,1.49278e+11,9.85622e+09
334800,987.065,21.4595,1.49271e+11,9.9632e+09
338400,1008.52,22.1668,1.49264e+11,1.00702e+10
342000,1030.2,22.8896,1.49257e+11,1.01771e+10
345600,1052.11,23.6278,1.4925e+11,1.02841e+10
349200,1074.25,24.3818,1.49242e+11,1.03911e+10
352800,1096.62,25.1516,1.49235e+11,1.0498e+10
356400,1119.22,25.9374,1.49227e+11,1.0605e+10
360000,1142.05,26.7395,1.4922e+11,1.07119e+10
363600,1165.11,27.5579,1.49212e+11,1.08188e+10
367200,1188.4,28.3928,1.49204e+11,1.09258e+10
370800,1211.93,29.2445,1.49196e+11,1.10327e+10
374400,1235.68,30.1129,1.49188e+11,1.11396e+10
378000,1259.66,30.9984,1.4918e+11,1.12465e+10
381600,1283.87,31.9011,1.49172e+11,1.13534e+10
385200,1308.32,32.8212,1.49164e+11,1.14603e+10
388800,1332.99,33.7587,1.49156e+11,1.15672e+10
392400,1357.89,34.714,1.49148e+11,1.16741e+10
396000,1383.02,35.687,1.49139e+11,1.1781e+10
399600,1408.39,36.6781,1.49131e+11,1.18879e+10
403200,1433.98,37.6874,1.49122e+11,1.19947e+10
406800,1459.8,38.715,1.49114e+11,1.21016e+10
410400,1485.86,39.7611,1.49105e+11,1.22085e+10
414000,1512.14,40.8259,1.49096e+11,1.23153e+10
417600,1538.66,41.9095,1.49088e+11,1.24222e+10
421200,1565.4,43.0121,1.49079e+11,1.2529e+10
424800,1592.37,44.1339,1.4907e+11,1.26358e+10
428400,1619.58,45.275,1.49061e+11,1.27427e+10
432000,1647.01,46.4356,1.49051e+11,1.28495e+10
435600,1674.67,47.6159,1.49042e+11,1.29563e+10
439200,1702.57,48.816,1.49033e+11,1.30631e+10
442800,1730.69,50.0361,1.49024e+11,1.31699e+10
446400,1759.04,51.2763,1.49014e+11,1.32767e+10
450000,1787.63,52.5368,1.49005e+11,1.33835e+10
453600,1816.44,53.8179,1.48995e+11,1.34903e+10
457200,1845.48,55.1195,1.48985e+11,1.35971e+10
460800,1874.76,56.442,1.48976e+11,1.37038e+10
464400,1904.26,57.7855,1.48966e+11,1.38106e+10
468000,1933.99,59.1501,1.48956e+11,1.39173e+10
471600,1963.95,60.536,1.48946e+11,1.40241e+10
475200,1994.14,61.9434,1.48936e+11,1.41308e+10
478800,2024.57,63.3724,1.48926e+11,1.42376e+10
482400,2055.22,64.8232,1.48916e+11,1.43443e+10
486000,2086.1,66.296,1.48905e+11,1.4451e+10
489600,2117.21,67.791,1.48895e+11,1.45577e+10
493200,2148.55,69.3082,1.48884e+11,1.46644e+10
496800,2180.12,70.8478,1.48874e+11,1.47711e+10
500400,2211.92,72.4101,1.48863e+11,1.48778e+10
504000,2243.95,73.9952,1.48853e+11,1.49845e+10
507600,2276.21,75.6032,1.48842e+11,1.50911e+10
511200,2308.7,77.2344,1.48831e+11,1.51978e+10
514800,2341.42,78.8888,1.4882e+11,1.53045e+10
518400,2374.37,80.5667,1.48809e+11,1.54111e+10
522000,2407.55,82.2682,1.48798e+11,1.55178e+10
525600,2440.96,83.9934,1.48787e+11,1.56244e+10
529200,2474.59,85.7427,1.48776e+11,1.5731e+10
532800,2508.46,87.516,1.48765e+11,1.58376e+10
536400,2542.56,89.3135,1.48753e+11,1.59442e+10
540000,2576.88,91.1355,1.48742e+11,1.60508e+10
543600,2611.44,92.9822,1.4873e+11,1.61574e+10
547200,2646.22,94.8535,1.48719e+11,1.6264e+10
550800,2681.24,96.7498,1.48707e+11,1.63706e+10
554400,2716.48,98.6712,1.48695e+11,1.64772e+10
558000,2751.95,100.618,1.48683e+11,1.65837e+10
561600,2787.65,102.59,1.48672e+11,1.66903e+10
565200,2823.59,104.588,1.4866e+11,1.67968e+10
568800,2859.75,106.611,1.48648e+11,1.69034e+10
572400,2896.14,108.66,1.48635e+11,1.70099e+10
576000,2932.76,110.736,1.48623e+11,1.71164e+10
579600,2969.61,112.837,1.48611e+11,1.72229e+10
583200,3006.69,114.965,1.48599e+11,1.73294e+10
586800,3043.99,117.12,1.48586e+11,1.74359e+10
590400,3081.53,119.301,1.48574e+11,1.75424e+10
594000,3119.3,121.509,1.48561e+11,1.76489e+10
597600,3157.29,123.745,1.48548e+11,1.77553e+10
601200,3195.52,126.007,1.48536e+11,1.78618e+10
604800,3233.97,128.297,1.48523e+11,1.79682e+10
608400,3272.65,130.615,1.4851e+11,1.80747e+10
612000,3311.57,132.96,1.48497e+11,1.81811e+10
615600,3350.71,135.333,1.48484e+11,1.82875e+10
619200,3390.08,137.734,1.48471e+11,1.83939e+10
622800,3429.68,140.163,1.48458e+11,1.85003e+10
626400,3469.5,142.621,1.48444e+11,1.86067e+10
630000,3509.56,145.107,1.48431e+11,1.87131e+10
633600,3549.85,147.622,1.48418e+11,1.88194e+10
637200,3590.36,150.166,1.48404e+11,1.89258e+10
640800,3631.11,152.739,1.48391e+11,1.90322e+10
644400,3672.08,155.341,1.48377e+11,1.91385e+10
648000,3713.28,157.973,1.48363e+11,1.92448e+10
651600,3754.71,160.633,1.48349e+11,1.93511e+10
655200,3796.37,163.324,1.48336e+11,1.94575e+10
658800,3838.26,166.045,1.48322e+11,1.95638e+10
662400,3880.38,168.795,1.48308e+11,1.96701e+10
666000,3922.73,171.576,1.48294e+11,1.97763e+10
669600,3965.3,174.387,1.48279e+11,1.98826e+10
673200,4008.11,177.228,1.48265e+11,1.99889e+10
676800,4051.14,180.101,1.48251e+11,2.00951e+10
680400,4094.4,183.004,1.48236e+11,2.02014e+10
684000,4137.89,185.938,1.48222e+11,2.03076e+10
687600,4181.61,188.903,1.48207e+11,2.04138e+10
691200,4225.56,191.899,1.48193e+11,2.052e+10
694800,4269.73,194.927,1.48178e+11,2.06262e+10
698400,4314.14,197.987,1.48163e+11,2.07324e+10
702000,4358.77,201.079,1.48148e+11,2.08386e+10
705600,4403.63,204.202,1.48133e+11,2.09448e+10
709200,4448.72,207.358,1.48118e+11,2.10509e+10
712800,4494.04,210.546,1.48103e+11,2.11571e+10
716400,4539.59,213.766,1.48088e+11,2.12632e+10
720000,4585.37,217.019,1.48073e+11,2.13693e+10
723600,4631.37,220.305,1.48058e+11,2.14754e+10
727200,4677.6,223.624,1.48042e+11,2.15815e+10
730800,4724.07,226.976,1.48027e+11,2.16876e+10
734400,4770.76,230.361,1.48011e+11,2.17937e+10
738000,4817.67,233.78,1.47995e+11,2.18998e+10
741600,4864.82,237.232,1.4798e+11,2.20058e+10
745200,4912.19,240.718,1.47964e+11,2.21119e+10
748800,4959.8,244.238,1.47948e+11,2.22179e+10
752400,5007.63,247.792,1.47932e+11,2.23239e+10
756000,5055.69,251.381,1.47916e+11,2.243e+10
759600,5103.98,255.004,1.479e+11,2.2536e+10
763200,5152.49,258.661,1.47884e+11,2.26419e+10
766800,5201.24,262.354,1.47868e+11,2.27479e+10
770400,5250.21,266.081,1.47851e+11,2.28539e+10
774000,5299.41,269.843,1.47835e+11,2.29598e+10
777600,5348.84,273.641,1.47819e+11,2.30658e+10
781200,5398.49,277.473,1.47802e+11,2.31717e+10
784800,5448.38,281.342,1.47785e+11,2.32776e+10
788400,5498.49,285.246,1.47769e+11,2.33835e+10
792000,5548.83,289.187,1.47752e+11,2.34894e+10
795600,5599.4,293.163,1.47735e+11,2.35953e+10
799200,5650.19,297.175,1.47718e+11,2.37012e+10
802800,5701.22,301.224,1.47701e+11,2.38071e+10
806400,5752.47,305.31,1.47684e+11,2.39129e+10
810000,5803.95,309.432,1.47667e+11,2.40187e+10
813600,5855.66,313.591,1.4765e+11,2.41246e+10
817200,5907.59,317.787,1.47632e+11,2.42304e+10
820800,5959.76,322.02,1.47615e+11,2.43362e+10
824400,6012.15,326.291,1.47598e+11,2.4442e+10
828000,6064.77,330.599,1.4758e+11,2.45477e+10
831600,6117.61,334.945,1.47563e+11,2.46535e+10
835200,6170.69,339.329,1.47545e+11,2.47592e+10
838800,6223.99,343.751,1.47527e+11,2.4865e+10
842400,6277.52,348.211,1.47509e+11,2.49707e+10
846000,6331.28,352.71,1.47491e+11,2.50764e+10
849600,6385.26,357.247,1.47473e+11,2.51821e+10
853200,6439.47,361.822,1.47455e+11,2.52878e+10
856800,6493.91,366.437,1.47437e+11,2.53935e+10
860400,6548.58,371.09,1.47419e+11,2.54991e+10
864000,6603.47,375.783,1.47401e+11,2.56048e+10
867600,6658.6,380.515,1.47382e+11,2.57104e+10
871200,6713.95,385.286,1.47364e+11,2.5816e+10
874800,6769.52,390.097,1.47345e+11,2.59216e+10
878400,6825.33,394.948,1.47327e+11,2.60272e+10
882000,6881.36,399.839,1.47308e+11,2.61328e+10
885600,6937.62,404.771,1.47289e+11,2.62384e+10
889200,6994.1,409.742,1.47271e+11,2.63439e+10
892800,7050.82,414.754,1.47252e+11,2.64494e+10
896400,7107.76,419.806,1.47233e+11,2.6555e+10
900000,7164.92,424.9,1.47214e+11,2.66605e+10
903600,7222.32,430.034,1.47195e+11,2.6766e+10
907200,7279.94,435.21,1.47175e+11,2.68715e+10
910800,7337.79,440.426,1.47156e+11,2.69769e+10
914400,7395.86,445.685,1.47137e+11,2.70824e+10
918000,7454.17,450.984,1.47117e+11,2.71878e+10
921600,7512.7,456.326,1.47098e+11,2.72933e+10
925200,7571.45,461.709,1.47078e+11,2.73987e+10
928800,7630.44,467.135,1.47059e+11,2.75041e+10
932400,7689.65,472.603,1.47039e+11,2.76095e+10
936000,7749.08,478.113,1.47019e+11,2.77148e+10
939600,7808.75,483.666,1.46999e+11,2.78202e+10
943200,7868.64,489.262,1.46979e+11,2.79255e+10
946800,7928.76,494.9,1.46959e+11,2.80309e+10
950400,7989.1,500.582,1.46939e+11,2.81362e+10
954000,8049.67,506.307,1.46919e+11,2.82415e+10
957600,8110.47,512.075,1.46899e+11,2.83468e+10
961200,8171.49,517.887,1.46878e+11,2.84521e+10
964800,8232.75,523.743,1.46858e+11,2.85573e+10
968400,8294.22,529.642,1.46838e+11,2.86626e+10
972000,8355.93,535.586,1.46817e+11,2.87678e+10
975600,8417.86,541.574,1.46796e+11,2.8873e+10
979200,8480.02,547.606,1.46776e+11,2.89782e+10
982800,8542.4,553.682,1.46755e+11,2.90834e+10
986400,8605.01,559.804,1.46734e+11,2.91885e+10
990000,8667.85,565.97,1.46713e+11,2.92937e+10
993600,8730.91,572.181,1.46692e+11,2.93988e+10
997200,8794.2,578.438,1.46671e+11,2.9504e+10
1.0008e+06,8857.71,584.74,1.4665e+11,2.96091e+10
1.0044e+06,8921.45,591.087,1.46629e+11,2.97142e+10
1.008e+06,8985.42,597.48,1.46607e+11,2.98192e+10
1.0116e+06,9049.62,603.919,1.46586e+11,2.99243e+10
1.0152e+06,9114.04,610.404,1.46565e+11,3.00294e+10
1.0188e+06,9178.68,616.935,1.46543e+11,3.01344e+10
1.0224e+06,9243.56,623.512,1.46521e+11,3.02394e+10
1.026e+06,9308.65,630.136,1.465e+11,3.03444e+10
1.0296e+06,9373.98,636.806,1.46478e+11,3.04494e+10
1.0332e+06,9439.53,643.523,1.46456e+11,3.05544e+10
1.0368e+06,9505.31,650.288,1.46434e+11,3.06593e+10
1.0404e+06,9571.31,657.099,1.46412e+11,3.07643e+10
1.044e+06,9637.54,663.958,1.4639e+11,3.08692e+10
1.0476e+06,9703.99,670.864,1.46368e+11,3.09741e+10
1.0512e+06,9770.67,677.818,1.46346e+11,3.1079e+10
1.0548e+06,9837.58,684.819,1.46324e+11,3.11839e+10
1.0584e+06,9904.71,691.868,1.46301e+11,3.12887e+10
1.062e+06,9972.06,698.966,1.46279e+11,3.13936e+10
1.0656e+06,10039.6,706.112,1.46256e+11,3.14984e+10
1.0692e+06,10107.5,713.306,1.46234e+11,3.16032e+10
1.0728e+06,10175.5,720.549,1.46211e+11,3.1708e+10
1.0764e+06,10243.7,727.841,1.46188e+11,3.18128e+10
1.08e+06,10312.2,735.181,1.46165e+11,3.19175e+10
1.0836e+06,10380.9,742.571,1.46143e+11,3.20223e+10
1.0872e+06,10449.9,750.01,1.4612e+11,3.2127e+10
1.0908e+06,10519,757.498,1.46097e+11,3.22317e+10
1.0944e+06,10588.4,765.036,1.46073e+11,3.23364e+10
1.098e+06,10658,772.623,1.4605e+11,3.24411e+10
1.1016e+06,10727.9,780.26,1.46027e+11,3.25458e+10
1.1052e+06,10797.9,787.948,1.46004e+11,3.26504e+10
1.1088e+06,10868.2,795.685,1.4598e+11,3.27551e+10
1.1124e+06,10938.7,803.473,1.45957e+11,3.28597e+10
1.116e+06,11009.5,811.312,1.45933e+11,3.29643e+10
1.1196e+06,11080.4,819.201,1.4591e+11,3.30688e+10
1.1232e+06,11151.6,827.141,1.45886e+11,3.31734e+10
1.1268e+06,11223.1,835.132,1.45862e+11,3.3278e+10
1.1304e+06,11294.7,843.175,1.45838e+11,3.33825e+10
1.134e+06,11366.6,851.268,1.45814e+11,3.3487e+10
1.1376e+06,11438.6,859.413,1.4579e+11,3.35915e+10
1.1412e+06,11511,867.61,1.45766e+11,3.3696e+10
1.1448e+06,11583.5,875.858,1.45742e+11,3.38004e+10
1.1484e+06,11656.3,884.159,1.45718e+11,3.39049e+10
1.152e+06,11729.2,892.512,1.45694e+11,3.40093e+10
1.1556e+06,11802.5,900.917,1.45669e+11,3.41137e+10
1.1592e+06,11875.9,909.374,1.45645e+11,3.42181e+10
1.1628e+06,11949.6,917.884,1.4562e+11,3.43225e+10
1.1664e+06,12023.5,926.447,1.45596e+11,3.44268e+10
1.17e+06,12097.6,935.063,1.45571e+11,3.45312e+10
1.1736e+06,12171.9,943.732,1.45546e+11,3.46355e+10
1.1772e+06,12246.5,952.454,1.45521e+11,3.47398e+10
1.1808e+06,12321.2,961.229,1.45496e+11,3.48441e+10
1.1844e+06,12396.3,970.059,1.45471e+11,3.49483e+10
1.188e+06,12471.5,978.941,1.45446e+11,3.50526e+10
1.1916e+06,12547,987.878,1.45421e+11,3.51568e+10
1.1952e+06,12622.6,996.869,1.45396e+11,3.5261e+10
1.1988e+06,12698.5,1005.91,1.45371e+11,3.53652e+10
1.2024e+06,12774.7,1015.01,1.45345e+11,3.54694e+10
1.206e+06,12851,1024.17,1.4532e+11,3.55736e+10
1.2096e+06,12927.6,1033.38,1.45294e+11,3.56777e+10
1.2132e+06,13004.4,1042.64,1.45269e+11,3.57818e+10
1.2168e+06,13081.4,1051.96,1.45243e+11,3.58859e+10
1.2204e+06,13158.7,1061.33,1.45217e+11,3.599e+10
1.224e+06,13236.2,1070.76,1.45192e+11,3.60941e+10
1.2276e+06,13313.9,1080.25,1.45166e+11,3.61981e+10
1.2312e+06,13391.8,1089.79,1.4514e+11,3.63022e+10
1.2348e+06,13470,1099.38,1.45114e+11,3.64062e+10
1.2384e+06,13548.3,1109.04,1.45088e+11,3.65102e+10
1.242e+06,13626.9,1118.74,1.45061e+11,3.66142e+10
1.2456e+06,13705.7,1128.51,1.45035e+11,3.67181e+10
1.2492e+06,13784.8,1138.33,1.45009e+11,3.68221e+10
1.2528e+06,13864.1,1148.21,1.44983e+11,3.6926e+10
1.2564e+06,13943.5,1158.14,1.44956e+11,3.70299e+10
1.26e+06,14023.3,1168.13,1.44929e+11,3.71337e+10
1.2636e+06,14103.2,1178.18,1.44903e+11,3.72376e+10
1.2672e+06,14183.4,1188.29,1.44876e+11,3.73415e+10
1.2708e+06,14263.7,1198.45,1.44849e+11,3.74453e+10
1.2744e+06,14344.4,1208.67,1.44823e+11,3.75491e+10
1.278e+06,14425.2,1218.95,1.44796e+11,3.76529e+10
1.2816e+06,14506.2,1229.29,1.44769e+11,3.77566e+10
1.2852e+06,14587.5,1239.68,1.44742e+11,3.78604e+10
1.2888e+06,14669,1250.14,1.44714e+11,3.79641e+10
1.2924e+06,14750.8,1260.65,1.44687e+11,3.80678e+10
1.296e+06,14832.7,1271.22,1.4466e+11,3.81715e+10
1.2996e+06,14914.9,1281.85,1.44633e+11,3.82752e+10
1.3032e+06,14997.3,1292.54,1.44605e+11,3.83788e+10
1.3068e+06,15079.9,1303.28,1.44578e+11,3.84824e+10
1.3104e+06,15162.7,1314.09,1.4455e+11,3.8586e+10
1.314e+06,15245.8,1324.95,1.44522e+11,3.86896e+10
1.3176e+06,15329.1,1335.88,1.44495e+11,3.87932e+10
1.3212e+06,15412.6,1346.86,1.44467e+11,3.88968e+10
1.3248e+06,15496.3,1357.91,1.44439e+11,3.90003e+10
1.3284e+06,15580.3,1369.01,1.44411e+11,3.91038e+10
1.332e+06,15664.5,1380.18,1.44383e+11,3.92073e+10
1.3356e+06,15748.9,1391.4,1.44355e+11,3.93108e+10
1.3392e+06,15833.5,1402.69,1.44327e+11,3.94142e+10
1.3428e+06,15918.3,1414.03,1.44298e+11,3.95176e+10
1.3464e+06,16003.4,1425.44,1.4427e+11,3.9621e+10
1.35e+06,16088.7,1436.91,1.44242e+11,3.97244e+10
1.3536e+06,16174.2,1448.43,1.44213e+11,3.98278e+10
1.3572e+06,16260,1460.02,1.44185e+11,3.99311e+10
1.3608e+06,16345.9,1471.68,1.44156e+11,4.00345e+10
1.3644e+06,16432.1,1483.39,1.44127e+11,4.01378e+10
1.368e+06,16518.5,1495.16,1.44098e+11,4.02411e+10
1.3716e+06,16605.1,1507,1.4407e+11,4.03443e+10
1.3752e+06,16692,1518.9,1.44041e+11,4.04476e+10
1.3788e+06,16779.1,1530.86,1.44012e+11,4.05508e+10
1.3824e+06,16866.3,1542.88,1.43983e+11,4.0654e+10
1.386e+06,16953.9,1554.97,1.43953e+11,4.07572e+10
1.3896e+06,17041.6,1567.12,1.43924e+11,4.08604e+10
1.3932e+06,17129.6,1579.33,1.43895e+11,4.09635e+10
1.3968e+06,17217.7,1591.6,1.43866e+11,4.10666e+10
1.4004e+06,17306.1,1603.94,1.43836e+11,4.11697e+10
1.404e+06,17394.8,1616.34,1.43807e+11,4.12728e+10
1.4076e+06,17483.6,1628.81,1.43777e+11,4.13758e+10
1.4112e+06,17572.7,1641.34,1.43747e+11,4.14789e+10
1.4148e+06,17662,1653.93,1.43718e+11,4.15819e+10
1.4184e+06,17751.5,1666.59,1.43688e+11,4.16849e+10
1.422e+06,17841.2,1679.31,1.43658e+11,4.17879e+10
1.4256e+06,17931.2,1692.09,1.43628e+11,4.18908e+10
1.4292e+06,18021.4,1704.94,1.43598e+11,4.19937e+10
1.4328e+06,18111.8,1717.85,1.43568e+11,4.20966e+10
1.4364e+06,18202.4,1730.83,1.43538e+11,4.21995e+10
1.44e+06,18293.2,1743.87,1.43507e+11,4.23024e+10
1.4436e+06,18384.3,1756.98,1.43477e+11,4.24052e+10
1.4472e+06,18475.6,1770.16,1.43447e+11,4.25081e+10
1.4508e+06,18567.1,1783.4,1.43416e+11,4.26109e+10
1.4544e+06,18658.8,1796.7,1.43386e+11,4.27136e+10
1.458e+06,18750.8,1810.07,1.43355e+11,4.28164e+10
1.4616e+06,18842.9,1823.51,1.43324e+11,4.29191e+10
1.4652e+06,18935.3,1837.01,1.43294e+11,4.30218e+10
1.4688e+06,19027.9,1850.58,1.43263e+11,4.31245e+10
1.4724e+06,19120.8,1864.21,1.43232e+11,4.32272e+10
1.476e+06,19213.8,1877.91,1.43201e+11,4.33298e+10
1.4796e+06,19307.1,1891.68,1.4317e+11,4.34325e+10
1.4832e+06,19400.6,1905.52,1.43139e+11,4.35351e+10
1.4868e+06,19494.3,1919.42,1.43107e+11,4.36376e+10
1.4904e+06,19588.3,1933.39,1.43076e+11,4.37402e+10
1.494e+06,19682.4,1947.42,1.43045e+11,4.38427e+10
1.4976e+06,19776.8,1961.53,1.43013e+11,4.39452e+10
1.5012e+06,19871.4,1975.7,1.42982e+11,4.40477e+10
1.5048e+06,19966.2,1989.94,1.4295e+11,4.41502e+10
1.5084e+06,20061.3,2004.25,1.42919e+11,4.42526e+10
1.512e+06,20156.5,2018.62,1.42887e+11,4.4355e+10
1.5156e+06,20252,2033.06,1.42855e+11,4.44574e+10
1.5192e+06,20347.7,2047.58,1.42823e+11,4.45598e+10
1.5228e+06,20443.6,2062.16,1.42791e+11,4.46622e+10
1.5264e+06,20539.8,2076.81,1.42759e+11,4.47645e+10
1.53e+06,20636.1,2091.52,1.42727e+11,4.48668e+10
1.5336e+06,20732.7,2106.31,1.42695e+11,4.49691e+10
1.5372e+06,20829.5,2121.17,1.42663e+11,4.50714e+10
1.5408e+06,20926.5,2136.09,1.4263e+11,4.51736e+10
1.5444e+06,21023.8,2151.09,1.42598e+11,4.52758e+10
1.548e+06,21121.3,2166.15,1.42565e+11,4.5378e+10
1.5516e+06,21218.9,2181.29,1.42533e+11,4.54802e+10
1.5552e+06,21316.8,2196.49,1.425e+11,4.55823e+10
1.5588e+06,21415,2211.77,1.42468e+11,4.56844e+10
1.5624e+06,21513.3,2227.11,1.42435e+11,4.57865e+10
1.566e+06,21611.9,2242.53,1.42402e+11,4.58886e+10
1.5696e+06,21710.7,2258.02,1.42369e+11,4.59906e+10
1.5732e+06,21809.7,2273.57,1.42336e+11,4.60927e+10
1.5768e+06,21908.9,2289.2,1.42303e+11,4.61947e+10
1.5804e+06,22008.3,2304.9,1.4227e+11,4.62967e+10
1.584e+06,22108,2320.67,1.42237e+11,4.63986e+10
1.5876e+06,22207.9,2336.51,1.42204e+11,4.65005e+10
1.5912e+06,22308,2352.43,1.4217e+11,4.66025e+10
1.5948e+06,22408.3,2368.41,1.42137e+11,4.67043e+10
1.5984e+06,22508.8,2384.47,1.42103e+11,4.68062e+10
1.602e+06,22609.6,2400.6,1.4207e+11,4.6908e+10
1.6056e+06,22710.6,2416.8,1.42036e+11,4.70098e+10
1.6092e+06,22811.8,2433.07,1.42002e+11,4.71116e+10
1.6128e+06,22913.2,2449.42,1.41969e+11,4.72134e+10
1.6164e+06,23014.8,2465.84,1.41935e+11,4.73151e+10
1.62e+06,23116.7,2482.33,1.41901e+11,4.74168e+10
1.6236e+06,23218.7,2498.89,1.41867e+11,4.75185e+10
1.6272e+06,23321,2515.53,1.41833e+11,4.76202e+10
1.6308e+06,23423.5,2532.24,1.41799e+11,4.77218e+10
1.6344e+06,23526.3,2549.03,1.41764e+11,4.78235e+10
1.638e+06,23629.2,2565.89,1.4173e+11,4.79251e+10
1.6416e+06,23732.4,2582.82,1.41696e+11,4.80266e+10
1.6452e+06,23835.8,2599.82,1.41661e+11,4.81282e+10
1.6488e+06,23939.4,2616.9,1.41627e+11,4.82297e+10
1.6524e+06,24043.2,2634.06,1.41592e+11,4.83312e+10
1.656e+06,24147.2,2651.29,1.41558e+11,4.84327e+10
1.6596e+06,24251.5,2668.59,1.41523e+11,4.85341e+10
1.6632e+06,24356,2685.97,1.41488e+11,4.86355e+10
1.6668e+06,24460.7,2703.42,1.41453e+11,4.87369e+10
1.6704e+06,24565.6,2720.95,1.41418e+11,4.88383e+10
1.674e+06,24670.7,2738.55,1.41383e+11,4.89396e+10
1.6776e+06,24776.1,2756.23,1.41348e+11,4.9041e+10
1.6812e+06,24881.6,2773.98,1.41313e+11,4.91422e+10
1.6848e+06,24987.4,2791.81,1.41278e+11,4.92435e+10
1.6884e+06,25093.4,2809.72,1.41243e+11,4.93448e+10
1.692e+06,25199.6,2827.7,1.41207e+11,4.9446e+10
1.6956e+06,25306.1,2845.75,1.41172e+11,4.95472e+10
1.6992e+06,25412.7,2863.89,1.41136e+11,4.96483e+10
1.7028e+06,25519.6,2882.1,1.41101e+11,4.97495e+10
1.7064e+06,25626.7,2900.38,1.41065e+11,4.98506e+10
1.71e+06,25734,2918.75,1.41029e+11,4.99517e+10
1.7136e+06,25841.5,2937.19,1.40993e+11,5.00528e+10
1.7172e+06,25949.3,2955.7,1.40957e+11,5.01538e+10
1.7208e+06,26057.3,2974.3,1.40922e+11,5.02548e+10
1.7244e+06,26165.4,2992.97,1.40885e+11,5.03558e+10
1.728e+06,26273.8,3011.72,1.40849e+11,5.04568e+10
1.7316e+06,26382.4,3030.55,1.40813e+11,5.05577e+10
1.7352e+06,26491.3,3049.45,1.40777e+11,5.06586e+10
1.7388e+06,26600.3,3068.43,1.40741e+11,5.07595e+10
1.7424e+06,26709.6,3087.49,1.40704e+11,5.08604e+10
1.746e+06,26819.1,3106.63,1.40668e+11,5.09612e+10
1.7496e+06,26928.8,3125.85,1.40631e+11,5.1062e+10
1.7532e+06,27038.7,3145.15,1.40595e+11,5.11628e+10
1.7568e+06,27148.8,3164.52,1.40558e+11,5.12635e+10
1.7604e+06,27259.2,3183.98,1.40521e+11,5.13643e+10
1.764e+06,27369.8,3203.51,1.40484e+11,5.1465e+10
1.7676e+06,27480.5,3223.12,1.40447e+11,5.15657e+10
1.7712e+06,27591.5,3242.81,1.40411e+11,5.16663e+10
1.7748e+06,27702.8,3262.58,1.40373e+11,5.17669e+10
1.7784e+06,27814.2,3282.43,1.40336e+11,5.18675e+10
1.782e+06,27925.9,3302.36,1.40299e+11,5.19681e+10
1.7856e+06,28037.7,3322.38,1.40262e+11,5.20686e+10
1.7892e+06,28149.8,3342.47,1.40225e+11,5.21692e+10
1.7928e+06,28262.1,3362.64,1.40187e+11,5.22696e+10
1.7964e+06,28374.6,3382.89,1.4015e+11,5.23701e+10
1.8e+06,28487.4,3403.22,1.40112e+11,5.24705e+10
1.8036e+06,28600.3,3423.63,1.40075e+11,5.2571e+10
1.8072e+06,28713.5,3444.13,1.40037e+11,5.26713e+10
1.8108e+06,28826.9,3464.7,1.39999e+11,5.27717e+10
1.8144e+06,28940.5,3485.36,1.39961e+11,5.2872e+10
1.818e+06,29054.3,3506.1,1.39923e+11,5.29723e+10
1.8216e+06,29168.3,3526.92,1.39885e+11,5.30726e+10
1.8252e+06,29282.5,3547.82,1.39847e+11,5.31728e+10
1.8288e+06,29397,3568.8,1.39809e+11,5.32731e+10
1.8324e+06,29511.7,3589.86,1.39771e+11,5.33733e+10
1.836e+06,29626.6,3611.01,1.39733e+11,5.34734e+10
1.8396e+06,29741.7,3632.24,1.39694e+11,5.35736e+10
1.8432e+06,29857,3653.55,1.39656e+11,5.36737e+10
1.8468e+06,29972.5,3674.95,1.39618e+11,5.37737e+10
1.8504e+06,30088.3,3696.42,1.39579e+11,5.38738e+10
1.854e+06,30204.3,3717.98,1.3954e+11,5.39738e+10
1.8576e+06,30320.5,3739.63,1.39502e+11,5.40738e+10
1.8612e+06,30436.9,3761.35,1.39463e+11,5.41738e+10
1.8648e+06,30553.5,3783.16,1.39424e+11,5.42737e+10
1.8684e+06,30670.3,3805.06,1.39385e+11,5.43737e+10
1.872e+06,30787.4,3827.03,1.39346e+11,5.44736e+10
1.8756e+06,30904.6,3849.09,1.39307e+11,5.45734e+10
1.8792e+06,31022.1,3871.24,1.39268e+11,5.46732e+10
1.8828e+06,31139.8,3893.47,1.39229e+11,5.4773e+10
1.8864e+06,31257.7,3915.78,1.39189e+11,5.48728e+10
1.89e+06,31375.8,3938.18,1.3915e+11,5.49726e+10
1.8936e+06,31494.1,3960.66,1.39111e+11,5.50723e+10
1.8972e+06,31612.7,3983.23,1.39071e+11,5.5172e+10
1.9008e+06,31731.5,4005.88,1.39032e+11,5.52716e+10
1.9044e+06,31850.4,4028.62,1.38992e+11,5.53713e+10
1.908e+06,31969.6,4051.44,1.38952e+11,5.54709e+10
1.9116e+06,32089,4074.35,1.38913e+11,5.55705e+10
1.9152e+06,32208.7,4097.34,1.38873e+11,5.567e+10
1.9188e+06,32328.5,4120.42,1.38833e+11,5.57695e+10
1.9224e+06,32448.5,4143.59,1.38793e+11,5.5869e+10
1.926e+06,32568.8,4166.84,1.38753e+11,5.59685e+10
1.9296e+06,32689.3,4190.18,1.38713e+11,5.60679e+10
1.9332e+06,32810,4213.6,1.38672e+11,5.61673e+10
1.9368e+06,32930.9,4237.11,1.38632e+11,5.62667e+10
1.9404e+06,33052,4260.71,1.38592e+11,5.63661e+10
1.944e+06,33173.3,4284.39,1.38551e+11,5.64654e+10
1.9476e+06,33294.9,4308.16,1.38511e+11,5.65647e+10
1.9512e+06,33416.7,4332.02,1.3847e+11,5.66639e+10
1.9548e+06,33538.6,4355.96,1.3843e+11,5.67632e+10
1.9584e+06,33660.8,4380,1.38389e+11,5.68624e+10
1.962e+06,33783.2,4404.12,1.38348e+11,5.69616e+10
1.9656e+06,33905.8,4428.32,1.38308e+11,5.70607e+10
1.9692e+06,34028.7,4452.62,1.38267e+11,5.71598e+10
1.9728e+06,34151.7,4477,1.38226e+11,5.72589e+10
1.9764e+06,34275,4501.48,1.38185e+11,5.7358e+10
1.98e+06,34398.4,4526.03,1.38143e+11,5.7457e+10
1.9836e+06,34522.1,4550.68,1.38102e+11,5.7556e+10
1.9872e+06,34646,4575.42,1.38061e+11,5.7655e+10
1.9908e+06,34770.1,4600.25,1.3802e+11,5.77539e+10
1.9944e+06,34894.4,4625.16,1.37978e+11,5.78528e+10
1.998e+06,35019,4650.16,1.37937e+11,5.79517e+10
2.0016e+06,35143.7,4675.26,1.37895e+11,5.80505e+10
2.0052e+06,35268.7,4700.44,1.37854e+11,5.81494e+10
2.0088e+06,35393.9,4725.71,1.37812e+11,5.82481e+10
2.0124e+06,35519.2,4751.07,1.3777e+11,5.83469e+10
2.016e+06,35644.8,4776.53,1.37728e+11,5.84456e+10
2.0196e+06,35770.6,4802.07,1.37686e+11,5.85443e+10
2.0232e+06,35896.7,4827.7,1.37644e+11,5.8643e+10
2.0268e+06,36022.9,4853.42,1.37602e+11,5.87417e+10
2.0304e+06,36149.4,4879.23,1.3756e+11,5.88403e+10
2.034e+06,36276,4905.14,1.37518e+11,5.89388e+10
2.0376e+06,36402.9,4931.13,1.37476e+11,5.90374e+10
2.0412e+06,36530,4957.21,1.37434e+11,5.91359e+10
2.0448e+06,36657.3,4983.39,1.37391e+11,5.92344e+10
2.0484e+06,36784.8,5009.66,1.37349e+11,5.93329e+10
2.052e+06,36912.5,5036.01,1.37306e+11,5.94313e+10
2.0556e+06,37040.4,5062.46,1.37264e+11,5.95297e+10
2.0592e+06,37168.6,5089.01,1.37221e+11,5.96281e+10
2.0628e+06,37296.9,5115.64,1.37178e+11,5.97264e+10
2.0664e+06,37425.5,5142.36,1.37135e+11,5.98247e+10
2.07e+06,37554.3,5169.18,1.37092e+11,5.9923e+10
2.0736e+06,37683.3,5196.09,1.37049e+11,6.00212e+10
2.0772e+06,37812.5,5223.09,1.37006e+11,6.01194e+10
2.0808e+06,37941.9,5250.19,1.36963e+11,6.02176e+10
2.0844e+06,38071.5,5277.38,1.3692e+11,6.03158e+10
2.088e+06,38201.3,5304.66,1.36877e+11,6.04139e+10
2.0916e+06,38331.4,5332.03,1.36834e+11,6.0512e+10
2.0952e+06,38461.6,5359.5,1.3679e+11,6.06101e+10
2.0988e+06,38592.1,5387.06,1.36747e+11,6.07081e+10
2.1024e+06,38722.8,5414.71,1.36703e+11,6.08061e+10
2.106e+06,38853.7,5442.46,1.3666e+11,6.0904e+10
2.1096e+06,38984.8,5470.3,1.36616e+11,6.1002e+10
2.1132e+06,39116.1,5498.23,1.36572e+11,6.10999e+10
2.1168e+06,39247.6,5526.26,1.36528e+11,6.11978e+10
2.1204e+06,39379.3,5554.38,1.36485e+11,6.12956e+10
2.124e+06,39511.3,5582.6,1.36441e+11,6.13934e+10
2.1276e+06,39643.4,5610.91,1.36397e+11,6.14912e+10
2.1312e+06,39775.8,5639.32,1.36352e+11,6.15889e+10
2.1348e+06,39908.4,5667.82,1.36308e+11,6.16867e+10
2.1384e+06,40041.2,5696.42,1.36264e+11,6.17843e+10
2.142e+06,40174.2,5725.11,1.3622e+11,6.1882e+10
2.1456e+06,40307.4,5753.89,1.36175e+11,6.19796e+10
2.1492e+06,40440.8,5782.78,1.36131e+11,6.20772e+10
2.1528e+06,40574.4,5811.75,1.36087e+11,6.21748e+10
2.1564e+06,40708.2,5840.83,1.36042e+11,6.22723e+10
2.16e+06,40842.3,5870,1.35997e+11,6.23698e+10
2.1636e+06,40976.5,5899.26,1.35953e+11,6.24672e+10
2.1672e+06,41111,5928.63,1.35908e+11,6.25647e+10
2.1708e+06,41245.7,5958.08,1.35863e+11,6.26621e+10
2.1744e+06,41380.6,5987.64,1.35818e+11,6.27594e+10
2.178e+06,41515.7,6017.29,1.35773e+11,6.28568e+10
2.1816e+06,41651,6047.04,1.35728e+11,6.29541e+10
2.1852e+06,41786.5,6076.88,1.35683e+11,6.30513e+10
2.1888e+06,41922.2,6106.82,1.35638e+11,6.31486e+10
2.1924e+06,42058.1,6136.86,1.35592e+11,6.32458e+10
2.196e+06,42194.3,6167,1.35547e+11,6.33429e+10
2.1996e+06,42330.6,6197.23,1.35502e+11,6.34401e+10
2.2032e+06,42467.2,6227.57,1.35456e+11,6.35372e+10
2.2068e+06,42604,6258,1.35411e+11,6.36343e+10
2.2104e+06,42740.9,6288.52,1.35365e+11,6.37313e+10
2.214e+06,42878.1,6319.15,1.35319e+11,6.38283e+10
2.2176e+06,43015.5,6349.87,1.35273e+11,6.39253e+10
2.2212e+06,43153.1,6380.7,1.35228e+11,6.40222e+10
2.2248e+06,43290.9,6411.62,1.35182e+11,6.41191e+10
2.2284e+06,43429,6442.64,1.35136e+11,6.4216e+10
2.232e+06,43567.2,6473.76,1.3509e+11,6.43128e+10
2.2356e+06,43705.6,6504.98,1.35044e+11,6.44097e+10
2.2392e+06,43844.3,6536.29,1.34997e+11,6.45064e+10
2.2428e+06,43983.1,6567.71,1.34951e+11,6.46032e+10
2.2464e+06,44122.2,6599.23,1.34905e+11,6.46999e+10
2.25e+06,44261.5,6630.84,1.34859e+11,6.47966e+10
2.2536e+06,44400.9,6662.56,1.34812e+11,6.48932e+10
2.2572e+06,44540.6,6694.37,1.34766e+11,6.49898e+10
2.2608e+06,44680.5,6726.29,1.34719e+11,6.50864e+10
2.2644e+06,44820.6,6758.3,1.34672e+11,6.5183e+10
2.268e+06,44960.9,6790.42,1.34626e+11,6.52795e+10
2.2716e+06,45101.4,6822.64,1.34579e+11,6.53759e+10
2.2752e+06,45242.2,6854.95,1.34532e+11,6.54724e+10
2.2788e+06,45383.1,6887.37,1.34485e+11,6.55688e+10
2.2824e+06,45524.2,6919.89,1.34438e+11,6.56652e+10
2.286e+06,45665.6,6952.51,1.34391e+11,6.57615e+10
2.2896e+06,45807.1,6985.23,1.34344e+11,6.58578e+10
2.2932e+06,45948.9,7018.06,1.34297e+11,6.59541e+10
2.2968e+06,46090.9,7050.98,1.34249e+11,6.60503e+10
2.3004e+06,46233.1,7084.01,1.34202e+11,6.61466e+10
2.304e+06,46375.4,7117.13,1.34154e+11,6.62427e+10
2.3076e+06,46518,7150.37,1.34107e+11,6.63389e+10
2.3112e+06,46660.8,7183.7,1.34059e+11,6.6435e+10
2.3148e+06,46803.8,7217.13,1.34012e+11,6.6531e+10
2.3184e+06,46947,7250.67,1.33964e+11,6.66271e+10
2.322e+06,47090.5,7284.31,1.33916e+11,6.67231e+10
2.3256e+06,47234.1,7318.05,1.33868e+11,6.68191e+10
2.3292e+06,47377.9,7351.9,1.33821e+11,6.6915e+10
2.3328e+06,47522,7385.85,1.33773e+11,6.70109e+10
2.3364e+06,47666.2,7419.9,1.33725e+11,6.71068e+10
2.34e+06,47810.7,7454.05,1.33676e+11,6.72026e+10
2.3436e+06,47955.3,7488.31,1.33628e+11,6.72984e+10
2.3472e+06,48100.2,7522.67,1.3358e+11,6.73942e+10
2.3508e+06,48245.2,7557.14,1.33532e+11,6.74899e+10
2.3544e+06,48390.5,7591.71,1.33483e+11,6.75856e+10
2.358e+06,48536,7626.38,1.33435e+11,6.76812e+10
2.3616e+06,48681.7,7661.16,1.33386e+11,6.77769e+10
2.3652e+06,48827.6,7696.04,1.33338e+11,6.78725e+10
2.3688e+06,48973.7,7731.03,1.33289e+11,6.7968e+10
2.3724e+06,49120,7766.12,1.3324e+11,6.80635e+10
2.376e+06,49266.5,7801.32,1.33192e+11,6.8159e+10
2.3796e+06,49413.2,7836.62,1.33143e+11,6.82545e+10
2.3832e+06,49560.1,7872.03,1.33094e+11,6.83499e+10
2.3868e+06,49707.3,7907.54,1.33045e+11,6.84453e+10
2.3904e+06,49854.6,7943.16,1.32996e+11,6.85406e+10
2.394e+06,50002.1,7978.88,1.32947e+11,6.86359e+10
2.3976e+06,50149.9,8014.71,1.32897e+11,6.87312e+10
2.4012e+06,50297.8,8050.64,1.32848e+11,6.88264e+10
2.4048e+06,50446,8086.68,1.32799e+11,6.89216e+10
2.4084e+06,50594.3,8122.83,1.32749e+11,6.90168e+10
2.412e+06,50742.9,8159.08,1.327e+11,6.91119e+10
2.4156e+06,50891.7,8195.44,1.3265e+11,6.9207e+10
2.4192e+06,51040.6,8231.91,1.32601e+11,6.93021e+10
2.4228e+06,51189.8,8268.48,1.32551e+11,6.93971e+10
2.4264e+06,51339.2,8305.16,1.32501e+11,6.94921e+10
2.43e+06,51488.8,8341.95,1.32451e+11,6.95871e+10
2.4336e+06,51638.5,8378.84,1.32402e+11,6.9682e+10
2.4372e+06,51788.5,8415.84,1.32352e+11,6.97769e+10
2.4408e+06,51938.7,8452.95,1.32302e+11,6.98717e+10
2.4444e+06,52089.1,8490.17,1.32251e+11,6.99665e+10
2.448e+06,52239.7,8527.49,1.32201e+11,7.00613e+10
2.4516e+06,52390.6,8564.93,1.32151e+11,7.01561e+10
2.4552e+06,52541.6,8602.47,1.32101e+11,7.02508e+10
2.4588e+06,52692.8,8640.11,1.3205e+11,7.03454e+10
2.4624e+06,52844.2,8677.87,1.32e+11,7.04401e+10
2.466e+06,52995.8,8715.74,1.3195e+11,7.05347e+10
2.4696e+06,53147.7,8753.71,1.31899e+11,7.06292e+10
2.4732e+06,53299.7,8791.79,1.31848e+11,7.07238e+10
2.4768e+06,53451.9,8829.98,1.31798e+11,7.08182e+10
2.4804e+06,53604.4,8868.28,1.31747e+11,7.09127e+10
2.484e+06,53757,8906.69,1.31696e+11,7.10071e+10
2.4876e+06,53909.9,8945.21,1.31645e+11,7.11015e+10
2.4912e+06,54062.9,8983.84,1.31594e+11,7.11958e+10
2.4948e+06,54216.2,9022.58,1.31543e+11,7.12901e+10
2.4984e+06,54369.6,9061.43,1.31492e+11,7.13844e+10
2.502e+06,54523.3,9100.39,1.31441e+11,7.14786e+10
2.5056e+06,54677.1,9139.45,1.3139e+11,7.15728e+10
2.5092e+06,54831.2,9178.63,1.31338e+11,7.1667e+10
2.5128e+06,54985.4,9217.92,1.31287e+11,7.17611e+10
2.5164e+06,55139.9,9257.32,1.31235e+11,7.18552e+10
2.52e+06,55294.6,9296.83,1.31184e+11,7.19493e+10
2.5236e+06,55449.5,9336.45,1.31132e+11,7.20433e+10
2.5272e+06,55604.5,9376.18,1.31081e+11,7.21372e+10
2.5308e+06,55759.8,9416.03,1.31029e+11,7.22312e+10
2.5344e+06,55915.3,9455.98,1.30977e+11,7.23251e+10
2.538e+06,56071,9496.05,1.30925e+11,7.24189e+10
2.5416e+06,56226.9,9536.22,1.30873e+11,7.25128e+10
2.5452e+06,56382.9,9576.51,1.30821e+11,7.26066e+10
2.5488e+06,56539.2,9616.91,1.30769e+11,7.27003e+10
2.5524e+06,56695.7,9657.43,1.30717e+11,7.2794e+10
2.556e+06,56852.4,9698.05,1.30665e+11,7.28877e+10
2.5596e+06,57009.3,9738.79,1.30613e+11,7.29813e+10
2.5632e+06,57166.4,9779.64,1.3056e+11,7.30749e+10
2.5668e+06,57323.7,9820.6,1.30508e+11,7.31685e+10
2.5704e+06,57481.2,9861.67,1.30456e+11,7.3262e+10
2.574e+06,57638.9,9902.86,1.30403e+11,7.33555e+10
2.5776e+06,57796.8,9944.16,1.30351e+11,7.3449e+10
2.5812e+06,57954.9,9985.58,1.30298e+11,7.35424e+10
2.5848e+06,58113.2,10027.1,1.30245e+11,7.36358e+10
2.5884e+06,58271.7,10068.7,1.30192e+11,7.37291e+10
2.592e+06,58430.4,10110.5,1.3014e+11,7.38224e+10
2.5956e+06,58589.3,10152.4,1.30087e+11,7.39157e+10
2.5992e+06,58748.4,10194.3,1.30034e+11,7.40089e+10
2.6028e+06,58907.7,10236.4,1.29981e+11,7.41021e+10
2.6064e+06,59067.2,10278.7,1.29927e+11,7.41952e+10
2.61e+06,59226.9,10321,1.29874e+11,7.42884e+10
2.6136e+06,59386.8,10363.4,1.29821e+11,7.43814e+10
2.6172e+06,59546.9,10406,1.29768e+11,7.44745e+10
2.6208e+06,59707.2,10448.6,1.29714e+11,7.45675e+10
2.6244e+06,59867.7,10491.4,1.29661e+11,7.46604e+10
2.628e+06,60028.4,10534.3,1.29607e+11,7.47533e+10
2.6316e+06,60189.4,10577.3,1.29554e+11,7.48462e+10
2.6352e+06,60350.5,10620.5,1.295e+11,7.49391e+10
2.6388e+06,60511.8,10663.7,1.29446e+11,7.50319e+10
2.6424e+06,60673.3,10707.1,1.29393e+11,7.51246e+10
2.646e+06,60835,10750.5,1.29339e+11,7.52174e+10
2.6496e+06,60996.9,10794.1,1.29285e+11,7.53101e+10
2.6532e+06,61159,10837.8,1.29231e+11,7.54027e+10
2.6568e+06,61321.3,10881.7,1.29177e+11,7.54953e+10
2.6604e+06,61483.8,10925.6,1.29123e+11,7.55879e+10
2.664e+06,61646.5,10969.6,1.29068e+11,7.56804e+10
2.6676e+06,61809.4,11013.8,1.29014e+11,7.57729e+10
2.6712e+06,61972.5,11058.1,1.2896e+11,7.58654e+10
2.6748e+06,62135.8,11102.5,1.28905e+11,7.59578e+10
2.6784e+06,62299.3,11147,1.28851e+11,7.60502e+10
2.682e+06,62463,11191.7,1.28796e+11,7.61425e+10
2.6856e+06,62626.9,11236.4,1.28742e+11,7.62348e+10
2.6892e+06,62791,11281.3,1.28687e+11,7.63271e+10
2.6928e+06,62955.3,11326.3,1.28632e+11,7.64193e+10
2.6964e+06,63119.8,11371.4,1.28578e+11,7.65115e+10
2.7e+06,63284.5,11416.6,1.28523e+11,7.66036e+10
2.7036e+06,63449.4,11462,1.28468e+11,7.66957e+10
2.7072e+06,63614.5,11507.4,1.28413e+11,7.67878e+10
2.7108e+06,63779.7,11553,1.28358e+11,7.68798e+10
2.7144e+06,63945.2,11598.7,1.28303e+11,7.69718e+10
2.718e+06,64110.9,11644.5,1.28248e+11,7.70638e+10
2.7216e+06,64276.8,11690.5,1.28192e+11,7.71557e+10
2.7252e+06,64442.9,11736.5,1.28137e+11,7.72476e+10
2.7288e+06,64609.1,11782.7,1.28082e+11,7.73394e+10
2.7324e+06,64775.6,11829,1.28026e+11,7.74312e+10
2.736e+06,64942.3,11875.4,1.27971e+11,7.75229e+10
2.7396e+06,65109.1,11922,1.27915e+11,7.76146e+10
2.7432e+06,65276.2,11968.6,1.27859e+11,7.77063e+10
2.7468e+06,65443.5,12015.4,1.27804e+11,7.77979e+10
2.7504e+06,65610.9,12062.3,1.27748e+11,7.78895e+10
2.754e+06,65778.6,12109.3,1.27692e+11,7.79811e+10
2.7576e+06,65946.4,12156.4,1.27636e+11,7.80726e+10
2.7612e+06,66114.5,12203.7,1.2758e+11,7.8164e+10
2.7648e+06,66282.7,12251,1.27524e+11,7.82555e+10
2.7684e+06,66451.2,12298.5,1.27468e+11,7.83469e+10
2.772e+06,66619.8,12346.2,1.27412e+11,7.84382e+10
2.7756e+06,66788.7,12393.9,1.27356e+11,7.85295e+10
2.7792e+06,66957.7,12441.7,1.27299e+11,7.86208e+10
2.7828e+06,67126.9,12489.7,1.27243e+11,7.8712e+10
2.7864e+06,67296.4,12537.8,1.27187e+11,7.88032e+10
2.79e+06,67466,12586,1.2713e+11,7.88944e+10
2.7936e+06,67635.8,12634.4,1.27074e+11,7.89855e+10
2.7972e+06,67805.8,12682.9,1.27017e+11,7.90765e+10
2.8008e+06,67976,12731.4,1.2696e+11,7.91676e+10
2.8044e+06,68146.4,12780.1,1.26904e+11,7.92586e+10
2.808e+06,68317,12829,1.26847e+11,7.93495e+10
2.8116e+06,68487.8,12877.9,1.2679e+11,7.94404e+10
2.8152e+06,68658.8,12927,1.26733e+11,7.95313e+10
2.8188e+06,68830,12976.2,1.26676e+11,7.96221e+10
2.8224e+06,69001.4,13025.5,1.26619e+11,7.97129e+10
2.826e+06,69173,13075,1.26562e+11,7.98036e+10
2.8296e+06,69344.8,13124.5,1.26504e+11,7.98943e+10
2.8332e+06,69516.7,13174.2,1.26447e+11,7.9985e+10
2.8368e+06,69688.9,13224,1.2639e+11,8.00756e+10
2.8404e+06,69861.2,13274,1.26332e+11,8.01662e+10
2.844e+06,70033.8,13324,1.26275e+11,8.02567e+10
2.8476e+06,70206.6,13374.2,1.26217e+11,8.03472e+10
2.8512e+06,70379.5,13424.5,1.2616e+11,8.04376e+10
2.8548e+06,70552.6,13474.9,1.26102e+11,8.05281e+10
2.8584e+06,70726,13525.5,1.26044e+11,8.06184e+10
2.862e+06,70899.5,13576.2,1.25987e+11,8.07088e+10
2.8656e+06,71073.2,13627,1.25929e+11,8.07991e+10
2.8692e+06,71247.1,13677.9,1.25871e+11,8.08893e+10
2.8728e+06,71421.3,13728.9,1.25813e+11,8.09795e+10
2.8764e+06,71595.6,13780.1,1.25755e+11,8.10697e+10
2.88e+06,71770.1,13831.4,1.25697e+11,8.11598e+10
2.8836e+06,71944.8,13882.8,1.25638e+11,8.12499e+10
2.8872e+06,72119.6,13934.4,1.2558e+11,8.13399e+10
2.8908e+06,72294.7,13986.1,1.25522e+11,8.14299e+10
2.8944e+06,72470,14037.9,1.25464e+11,8.15199e+10
2.898e+06,72645.5,14089.8,1.25405e+11,8.16098e+10
2.9016e+06,72821.1,14141.8,1.25347e+11,8.16996e+10
2.9052e+06,72997,14194,1.25288e+11,8.17895e+10
2.9088e+06,73173,14246.3,1.25229e+11,8.18793e+10
2.9124e+06,73349.3,14298.8,1.25171e+11,8.1969e+10
2.916e+06,73525.7,14351.3,1.25112e+11,8.20587e+10
2.9196e+06,73702.3,14404,1.25053e+11,8.21484e+10
2.9232e+06,73879.2,14456.8,1.24994e+11,8.2238e+10
2.9268e+06,74056.2,14509.7,1.24935e+11,8.23276e+10
2.9304e+06,74233.4,14562.8,1.24876e+11,8.24171e+10
2.934e+06,74410.8,14616,1.24817e+11,8.25066e+10
2.9376e+06,74588.4,14669.3,1.24758e+11,8.2596e+10
2.9412e+06,74766.2,14722.8,1.24699e+11,8.26855e+10
2.9448e+06,74944.1,14776.3,1.2464e+11,8.27748e+10
2.9484e+06,75122.3,14830,1.2458e+11,8.28641e+10
2.952e+06,75300.7,14883.9,1.24521e+11,8.29534e+10
2.9556e+06,75479.2,14937.8,1.24461e+11,8.30427e+10
2.9592e+06,75658,14991.9,1.24402e+11,8.31319e+10
2.9628e+06,75836.9,15046.1,1.24342e+11,8.3221e+10
2.9664e+06,76016,15100.5,1.24283e+11,8.33101e+10
2.97e+06,76195.4,15154.9,1.24223e+11,8.33992e+10
2.9736e+06,76374.9,15209.5,1.24163e+11,8.34882e+10
2.9772e+06,76554.6,15264.2,1.24103e+11,8.35772e+10
2.9808e+06,76734.5,15319.1,1.24043e+11,8.36661e+10
2.9844e+06,76914.6,15374.1,1.23983e+11,8.3755e+10
2.988e+06,77094.8,15429.2,1.23923e+11,8.38439e+10
2.9916e+06,77275.3,15484.4,1.23863e+11,8.39327e+10
2.9952e+06,77456,15539.8,1.23803e+11,8.40215e+10
2.9988e+06,77636.8,15595.3,1.23743e+11,8.41102e+10
3.0024e+06,77817.9,15650.9,1.23682e+11,8.41989e+10
3.006e+06,77999.1,15706.7,1.23622e+11,8.42875e+10
3.0096e+06,78180.5,15762.6,1.23562e+11,8.43761e+10
3.0132e+06,78362.1,15818.6,1.23501e+11,8.44646e+10
3.0168e+06,78544,15874.7,1.23441e+11,8.45532e+10
3.0204e+06,78726,15931,1.2338e+11,8.46416e+10
3.024e+06,78908.1,15987.4,1.23319e+11,8.473e+10
3.0276e+06,79090.5,16044,1.23259e+11,8.48184e+10
3.0312e+06,79273.1,16100.6,1.23198e+11,8.49067e+10
3.0348e+06,79455.8,16157.4,1.23137e+11,8.4995e+10
3.0384e+06,79638.8,16214.4,1.23076e+11,8.50833e+10
3.042e+06,79821.9,16271.4,1.23015e+11,8.51715e+10
3.0456e+06,80005.3,16328.6,1.22954e+11,8.52596e+10
3.0492e+06,80188.8,16386,1.22893e+11,8.53478e+10
3.0528e+06,80372.5,16443.4,1.22832e+11,8.54358e+10
3.0564e+06,80556.4,16501,1.2277e+11,8.55239e+10
3.06e+06,80740.5,16558.7,1.22709e+11,8.56118e+10
3.0636e+06,80924.7,16616.6,1.22648e+11,8.56998e+10
3.0672e+06,81109.2,16674.6,1.22586e+11,8.57877e+10
3.0708e+06,81293.8,16732.7,1.22525e+11,8.58755e+10
3.0744e+06,81478.7,16790.9,1.22463e+11,8.59633e+10
3.078e+06,81663.7,16849.3,1.22402e+11,8.60511e+10
3.0816e+06,81848.9,16907.8,1.2234e+11,8.61388e+10
3.0852e+06,82034.4,16966.5,1.22278e+11,8.62265e+10
3.0888e+06,82219.9,17025.3,1.22216e+11,8.63141e+10
3.0924e+06,82405.7,17084.2,1.22154e+11,8.64017e+10
3.096e+06,82591.7,17143.2,1.22092e+11,8.64893e+10
3.0996e+06,82777.9,17202.4,1.2203e+11,8.65768e+10
3.1032e+06,82964.2,17261.7,1.21968e+11,8.66642e+10
3.1068e+06,83150.8,17321.1,1.21906e+11,8.67516e+10
3.1104e+06,83337.5,17380.7,1.21844e+11,8.6839e+10
3.114e+06,83524.4,17440.4,1.21782e+11,8.69263e+10
3.1176e+06,83711.5,17500.3,1.2172e+11,8.70136e+10
3.1212e+06,83898.8,17560.3,1.21657e+11,8.71008e+10
3.1248e+06,84086.3,17620.4,1.21595e+11,8.7188e+10
3.1284e+06,84273.9,17680.6,1.21532e+11,8.72751e+10
3.132e+06,84461.8,17741,1.2147e+11,8.73622e+10
3.1356e+06,84649.8,17801.5,1.21407e+11,8.74493e+10
3.1392e+06,84838.1,17862.2,1.21344e+11,8.75363e+10
3.1428e+06,85026.5,17923,1.21282e+11,8.76233e+10
3.1464e+06,85215.1,17983.9,1.21219e+11,8.77102e+10
3.15e+06,85403.9,18045,1.21156e+11,8.7797e+10
3.1536e+06,85592.9,18106.2,1.21093e+11,8.78839e+10
3.1572e+06,85782,18167.5,1.2103e+11,8.79707e+10
3.1608e+06,85971.4,18229,1.20967e+11,8.80574e+10
3.1644e+06,86160.9,18290.6,1.20904e+11,8.81441e+10
3.168e+06,86350.6,18352.3,1.20841e+11,8.82307e+10
3.1716e+06,86540.5,18414.2,1.20777e+11,8.83173e+10
3.1752e+06,86730.6,18476.2,1.20714e+11,8.84039e+10
3.1788e+06,86920.9,18538.3,1.20651e+11,8.84904e+10
3.1824e+06,87111.4,18600.6,1.20587e+11,8.85769e+10
3.186e+06,87302,18663,1.20524e+11,8.86633e+10
3.1896e+06,87492.9,18725.6,1.2046e+11,8.87497e+10
3.1932e+06,87683.9,18788.3,1.20396e+11,8.8836e+10
3.1968e+06,87875.1,18851.1,1.20333e+11,8.89223e+10
3.2004e+06,88066.5,18914.1,1.20269e+11,8.90085e+10
3.204e+06,88258.1,18977.2,1.20205e+11,8.90947e+10
3.2076e+06,88449.9,19040.4,1.20141e+11,8.91808e+10
3.2112e+06,88641.8,19103.8,1.20077e+11,8.92669e+10
3.2148e+06,88834,19167.3,1.20013e+11,8.9353e+10
3.2184e+06,89026.3,19230.9,1.19949e+11,8.9439e+10
3.222e+06,89218.8,19294.7,1.19885e+11,8.9525e+10
3.2256e+06,89411.5,19358.7,1.19821e+11,8.96109e+10
3.2292e+06,89604.4,19422.7,1.19757e+11,8.96968e+10
3.2328e+06,89797.5,19486.9,1.19693e+11,8.97826e+10
3.2364e+06,89990.7,19551.3,1.19628e+11,8.98684e+10
3.24e+06,90184.1,19615.7,1.19564e+11,8.99541e+10
3.2436e+06,90377.8,19680.4,1.19499e+11,9.00398e+10
3.2472e+06,90571.6,19745.1,1.19435e+11,9.01254e+10
3.2508e+06,90765.6,19810,1.1937e+11,9.0211e+10
3.2544e+06,90959.7,19875.1,1.19305e+11,9.02966e+10
3.258e+06,91154.1,19940.2,1.19241e+11,9.03821e+10
3.2616e+06,91348.6,20005.5,1.19176e+11,9.04675e+10
3.2652e+06,91543.3,20071,1.19111e+11,9.05529e+10
3.2688e+06,91738.2,20136.6,1.19046e+11,9.06383e+10
3.2724e+06,91933.3,20202.3,1.18981e+11,9.07236e+10
3.276e+06,92128.6,20268.2,1.18916e+11,9.08089e+10
3.2796e+06,92324.1,20334.2,1.18851e+11,9.08941e+10
3.2832e+06,92519.7,20400.4,1.18786e+11,9.09793e+10
3.2868e+06,92715.5,20466.6,1.18721e+11,9.10644e+10
3.2904e+06,92911.5,20533.1,1.18655e+11,9.11495e+10
3.294e+06,93107.7,20599.7,1.1859e+11,9.12345e+10
3.2976e+06,93304.1,20666.4,1.18525e+11,9.13195e+10
3.3012e+06,93500.7,20733.2,1.18459e+11,9.14044e+10
3.3048e+06,93697.4,20800.2,1.18394e+11,9.14893e+10
3.3084e+06,93894.3,20867.4,1.18328e+11,9.15742e+10
3.312e+06,94091.4,20934.6,1.18262e+11,9.1659e+10
3.3156e+06,94288.7,21002,1.18197e+11,9.17437e+10
3.3192e+06,94486.2,21069.6,1.18131e+11,9.18285e+10
3.3228e+06,94683.8,21137.3,1.18065e+11,9.19131e+10
3.3264e+06,94881.7,21205.2,1.17999e+11,9.19977e+10
3.33e+06,95079.7,21273.1,1.17933e+11,9.20823e+10
3.3336e+06,95277.9,21341.3,1.17867e+11,9.21668e+10
3.3372e+06,95476.3,21409.5,1.17801e+11,9.22513e+10
3.3408e+06,95674.8,21477.9,1.17735e+11,9.23357e+10
3.3444e+06,95873.6,21546.5,1.17669e+11,9.24201e+10
3.348e+06,96072.5,21615.2,1.17603e+11,9.25044e+10
3.3516e+06,96271.6,21684,1.17536e+11,9.25887e+10
3.3552e+06,96470.9,21753,1.1747e+11,9.26729e+10
3.3588e+06,96670.4,21822.1,1.17404e+11,9.27571e+10
3.3624e+06,96870,21891.4,1.17337e+11,9.28412e+10
3.366e+06,97069.9,21960.8,1.1727e+11,9.29253e+10
3.3696e+06,97269.9,22030.4,1.17204e+11,9.30094e+10
3.3732e+06,97470.1,22100.1,1.17137e+11,9.30934e+10
3.3768e+06,97670.4,22169.9,1.1707e+11,9.31773e+10
3.3804e+06,97871,22239.9,1.17004e+11,9.32612e+10
3.384e+06,98071.7,22310,1.16937e+11,9.33451e+10
3.3876e+06,98272.6,22380.3,1.1687e+11,9.34289e+10
3.3912e+06,98473.7,22450.7,1.16803e+11,9.35126e+10
3.3948e+06,98675,22521.2,1.16736e+11,9.35963e+10
3.3984e+06,98876.5,22591.9,1.16669e+11,9.368e+10
3.402e+06,99078.1,22662.8,1.16602e+11,9.37636e+10
3.4056e+06,99279.9,22733.8,1.16534e+11,9.38472e+10
3.4092e+06,99481.9,22804.9,1.16467e+11,9.39307e+10
3.4128e+06,99684.1,22876.2,1.164e+11,9.40142e+10
3.4164e+06,99886.5,22947.6,1.16332e+11,9.40976e+10
3.42e+06,100089,23019.2,1.16265e+11,9.4181e+10
3.4236e+06,100292,23090.9,1.16197e+11,9.42643e+10
3.4272e+06,100495,23162.8,1.1613e+11,9.43476e+10
3.4308e+06,100698,23234.8,1.16062e+11,9.44308e+10
3.4344e+06,100901,23306.9,1.15995e+11,9.4514e+10
3.438e+06,101104,23379.2,1.15927e+11,9.45971e+10
3.4416e+06,101308,23451.7,1.15859e+11,9.46802e+10
3.4452e+06,101512,23524.3,1.15791e+11,9.47632e+10
3.4488e+06,101716,23597,1.15723e+11,9.48462e+10
3.4524e+06,101920,23669.9,1.15655e+11,9.49291e+10
3.456e+06,102124,23742.9,1.15587e+11,9.5012e+10
3.4596e+06,102329,23816.1,1.15519e+11,9.50948e+10
3.4632e+06,102533,23889.4,1.15451e+11,9.51776e+10
3.4668e+06,102738,23962.9,1.15383e+11,9.52604e+10
3.4704e+06,102943,24036.5,1.15314e+11,9.53431e+10
3.474e+06,103148,24110.2,1.15246e+11,9.54257e+10
3.4776e+06,103354,24184.1,1.15178e+11,9.55083e+10
3.4812e+06,103559,24258.2,1.15109e+11,9.55908e+10
3.4848e+06,103765,24332.4,1.15041e+11,9.56733e+10
3.4884e+06,103971,24406.8,1.14972e+11,9.57558e+10
3.492e+06,104177,24481.3,1.14903e+11,9.58382e+10
3.4956e+06,104384,24555.9,1.14835e+11,9.59205e+10
3.4992e+06,104590,24630.7,1.14766e+11,9.60028e+10
3.5028e+06,104797,24705.6,1.14697e+11,9.60851e+10
3.5064e+06,105003,24780.7,1.14628e+11,9.61673e+10
3.51e+06,105210,24856,1.14559e+11,9.62494e+10
3.5136e+06,105418,24931.3,1.1449e+11,9.63315e+10
3.5172e+06,105625,25006.9,1.14421e+11,9.64136e+10
3.5208e+06,105832,25082.6,1.14352e+11,9.64956e+10
3.5244e+06,106040,25158.4,1.14283e+11,9.65775e+10
3.528e+06,106248,25234.4,1.14214e+11,9.66594e+10
3.5316e+06,106456,25310.5,1.14144e+11,9.67413e+10
3.5352e+06,106664,25386.8,1.14075e+11,9.68231e+10
3.5388e+06,106873,25463.2,1.14006e+11,9.69048e+10
3.5424e+06,107081,25539.8,1.13936e+11,9.69865e+10
3.546e+06,107290,25616.5,1.13867e+11,9.70682e+10
3.5496e+06,107499,25693.4,1.13797e+11,9.71498e+10
3.5532e+06,107708,25770.4,1.13727e+11,9.72314e+10
3.5568e+06,107917,25847.6,1.13658e+11,9.73129e+10
3.5604e+06,108127,25924.9,1.13588e+11,9.73943e+10
3.564e+06,108336,26002.4,1.13518e+11,9.74757e+10
3.5676e+06,108546,26080,1.13448e+11,9.75571e+10
3.5712e+06,108756,26157.8,1.13378e+11,9.76384e+10
3.5748e+06,108966,26235.7,1.13308e+11,9.77196e+10
3.5784e+06,109177,26313.8,1.13238e+11,9.78008e+10
3.582e+06,109387,26392,1.13168e+11,9.7882e+10
3.5856e+06,109598,26470.4,1.13098e+11,9.79631e+10
3.5892e+06,109809,26548.9,1.13028e+11,9.80442e+10
3.5928e+06,110020,26627.6,1.12957e+11,9.81252e+10
3.5964e+06,110231,26706.4,1.12887e+11,9.82061e+10
3.6e+06,110442,26785.4,1.12817e+11,9.8287e+10
3.6036e+06,110654,26864.5,1.12746e+11,9.83679e+10
3.6072e+06,110866,26943.8,1.12676e+11,9.84487e+10
3.6108e+06,111077,27023.2,1.12605e+11,9.85294e+10
3.6144e+06,111290,27102.8,1.12535e+11,9.86101e+10
3.618e+06,111502,27182.6,1.12464e+11,9.86908e+10
3.6216e+06,111714,27262.5,1.12393e+11,9.87714e+10
3.6252e+06,111927,27342.5,1.12322e+11,9.88519e+10
3.6288e+06,112140,27422.7,1.12251e+11,9.89324e+10
3.6324e+06,112352,27503.1,1.12181e+11,9.90129e+10
3.636e+06,112566,27583.6,1.1211e+11,9.90933e+10
3.6396e+06,112779,27664.2,1.12039e+11,9.91736e+10
3.6432e+06,112992,27745,1.11967e+11,9.92539e+10
3.6468e+06,113206,27826,1.11896e+11,9.93341e+10
3.6504e+06,113420,27907.1,1.11825e+11,9.94143e+10
3.654e+06,113634,27988.4,1.11754e+11,9.94945e+10
3.6576e+06,113848,28069.8,1.11682e+11,9.95746e+10
3.6612e+06,114062,28151.4,1.11611e+11,9.96546e+10
3.6648e+06,114277,28233.1,1.1154e+11,9.97346e+10
3.6684e+06,114491,28315,1.11468e+11,9.98145e+10
3.672e+06,114706,28397,1.11397e+11,9.98944e+10
3.6756e+06,114921,28479.2,1.11325e+11,9.99743e+10
3.6792e+06,115136,28561.5,1.11253e+11,1.00054e+11
3.6828e+06,115352,28644,1.11182e+11,1.00134e+11
3.6864e+06,115567,28726.7,1.1111e+11,1.00213e+11
3.69e+06,115783,28809.5,1.11038e+11,1.00293e+11
3.6936e+06,115999,28892.4,1.10966e+11,1.00373e+11
3.6972e+06,116215,28975.6,1.10894e+11,1.00452e+11
3.7008e+06,116431,29058.8,1.10822e+11,1.00532e+11
3.7044e+06,116647,29142.3,1.1075e+11,1.00611e+11
3.708e+06,116864,29225.8,1.10678e+11,1.0069e+11
3.7116e+06,117081,29309.6,1.10606e+11,1.0077e+11
3.7152e+06,117298,29393.5,1.10534e+11,1.00849e+11
3.7188e+06,117515,29477.5,1.10461e+11,1.00928e+11
3.7224e+06,117732,29561.7,1.10389e+11,1.01007e+11
3.726e+06,117949,29646.1,1.10316e+11,1.01087e+11
3.7296e+06,118167,29730.6,1.10244e+11,1.01166e+11
3.7332e+06,118385,29815.2,1.10171e+11,1.01245e+11
3.7368e+06,118603,29900.1,1.10099e+11,1.01324e+11
3.7404e+06,118821,29985,1.10026e+11,1.01402e+11
3.744e+06,119039,30070.2,1.09954e+11,1.01481e+11
3.7476e+06,119257,30155.5,1.09881e+11,1.0156e+11
3.7512e+06,119476,30240.9,1.09808e+11,1.01639e+11
3.7548e+06,119695,30326.5,1.09735e+11,1.01718e+11
3.7584e+06,119914,30412.3,1.09662e+11,1.01796e+11
3.762e+06,120133,30498.2,1.09589e+11,1.01875e+11
3.7656e+06,120352,30584.3,1.09516e+11,1.01953e+11
3.7692e+06,120571,30670.5,1.09443e+11,1.02032e+11
3.7728e+06,120791,30756.9,1.0937e+11,1.0211e+11
3.7764e+06,121011,30843.5,1.09297e+11,1.02189e+11
3.78e+06,121231,30930.2,1.09224e+11,1.02267e+11
3.7836e+06,121451,31017,1.0915e+11,1.02345e+11
3.7872e+06,121671,31104,1.09077e+11,1.02423e+11
3.7908e+06,121892,31191.2,1.09003e+11,1.02502e+11
3.7944e+06,122112,31278.6,1.0893e+11,1.0258e+11
3.798e+06,122333,31366,1.08856e+11,1.02658e+11
3.8016e+06,122554,31453.7,1.08783e+11,1.02736e+11
3.8052e+06,122775,31541.5,1.08709e+11,1.02814e+11
3.8088e+06,122996,31629.5,1.08636e+11,1.02892e+11
3.8124e+06,123218,31717.6,1.08562e+11,1.0297e+11
3.816e+06,123439,31805.9,1.08488e+11,1.03047e+11
3.8196e+06,123661,31894.3,1.08414e+11,1.03125e+11
3.8232e+06,123883,31982.9,1.0834e+11,1.03203e+11
3.8268e+06,124105,32071.7,1.08266e+11,1.0328e+11
3.8304e+06,124328,32160.6,1.08192e+11,1.03358e+11
3.834e+06,124550,32249.7,1.08118e+11,1.03436e+11
3.8376e+06,124773,32339,1.08044e+11,1.03513e+11
3.8412e+06,124996,32428.4,1.0797e+11,1.03591e+11
3.8448e+06,125218,32517.9,1.07895e+11,1.03668e+11
3.8484e+06,125442,32607.6,1.07821e+11,1.03745e+11
3.852e+06,125665,32697.5,1.07747e+11,1.03823e+11
3.8556e+06,125888,32787.6,1.07672e+11,1.039e+11
3.8592e+06,126112,32877.8,1.07598e+11,1.03977e+11
3.8628e+06,126336,32968.1,1.07523e+11,1.04054e+11
3.8664e+06,126560,33058.6,1.07449e+11,1.04131e+11
3.87e+06,126784,33149.3,1.07374e+11,1.04208e+11
3.8736e+06,127008,33240.2,1.07299e+11,1.04285e+11
3.8772e+06,127233,33331.2,1.07225e+11,1.04362e+11
3.8808e+06,127457,33422.3,1.0715e+11,1.04439e+11
3.8844e+06,127682,33513.6,1.07075e+11,1.04516e+11
3.888e+06,127907,33605.1,1.07e+11,1.04592e+11
3.8916e+06,128132,33696.8,1.06925e+11,1.04669e+11
3.8952e+06,128357,33788.6,1.0685e+11,1.04746e+11
3.8988e+06,128583,33880.6,1.06775e+11,1.04822e+11
3.9024e+06,128808,33972.7,1.067e+11,1.04899e+11
3.906e+06,129034,34065,1.06625e+11,1.04975e+11
3.9096e+06,129260,34157.4,1.06549e+11,1.05052e+11
3.9132e+06,129486,34250,1.06474e+11,1.05128e+11
3.9168e+06,129713,34342.8,1.06399e+11,1.05204e+11
3.9204e+06,129939,34435.8,1.06323e+11,1.05281e+11
3.924e+06,130166,34528.9,1.06248e+11,1.05357e+11
3.9276e+06,130392,34622.1,1.06172e+11,1.05433e+11
3.9312e+06,130619,34715.6,1.06097e+11,1.05509e+11
3.9348e+06,130846,34809.1,1.06021e+11,1.05585e+11
3.9384e+06,131074,34902.9,1.05945e+11,1.05661e+11
3.942e+06,131301,34996.8,1.0587e+11,1.05737e+11
3.9456e+06,131529,35090.9,1.05794e+11,1.05813e+11
3.9492e+06,131756,35185.1,1.05718e+11,1.05889e+11
3.9528e+06,131984,35279.5,1.05642e+11,1.05964e+11
3.9564e+06,132212,35374.1,1.05566e+11,1.0604e+11
3.96e+06,132441,35468.8,1.0549e+11,1.06116e+11
3.9636e+06,132669,35563.7,1.05414e+11,1.06191e+11
3.9672e+06,132897,35658.8,1.05338e+11,1.06267e+11
3.9708e+06,133126,35754,1.05262e+11,1.06342e+11
3.9744e+06,133355,35849.4,1.05186e+11,1.06418e+11
3.978e+06,133584,35944.9,1.05109e+11,1.06493e+11
3.9816e+06,133813,36040.6,1.05033e+11,1.06569e+11
3.9852e+06,134043,36136.5,1.04957e+11,1.06644e+11
3.9888e+06,134272,36232.6,1.0488e+11,1.06719e+11
3.9924e+06,134502,36328.8,1.04804e+11,1.06794e+11
3.996e+06,134732,36425.1,1.04727e+11,1.06869e+11
3.9996e+06,134962,36521.7,1.0465e+11,1.06944e+11
4.0032e+06,135192,36618.4,1.04574e+11,1.07019e+11
4.0068e+06,135422,36715.2,1.04497e+11,1.07094e+11
4.0104e+06,135653,36812.3,1.0442e+11,1.07169e+11
4.014e+06,135883,36909.5,1.04343e+11,1.07244e+11
4.0176e+06,136114,37006.8,1.04267e+11,1.07319e+11
4.0212e+06,136345,37104.4,1.0419e+11,1.07394e+11
4.0248e+06,136576,37202,1.04113e+11,1.07468e+11
4.0284e+06,136808,37299.9,1.04036e+11,1.07543e+11
4.032e+06,137039,37397.9,1.03959e+11,1.07617e+11
4.0356e+06,137271,37496.1,1.03881e+11,1.07692e+11
4.0392e+06,137503,37594.5,1.03804e+11,1.07766e+11
4.0428e+06,137735,37693,1.03727e+11,1.07841e+11
4.0464e+06,137967,37791.7,1.0365e+11,1.07915e+11
4.05e+06,138199,37890.5,1.03572e+11,1.07989e+11
4.0536e+06,138431,37989.6,1.03495e+11,1.08064e+11
4.0572e+06,138664,38088.7,1.03417e+11,1.08138e+11
4.0608e+06,138897,38188.1,1.0334e+11,1.08212e+11
4.0644e+06,139130,38287.6,1.03262e+11,1.08286e+11
4.068e+06,139363,38387.3,1.03185e+11,1.0836e+11
4.0716e+06,139596,38487.2,1.03107e+11,1.08434e+11
4.0752e+06,139829,38587.2,1.03029e+11,1.08508e+11
4.0788e+06,140063,38687.4,1.02951e+11,1.08582e+11
4.0824e+06,140296,38787.7,1.02874e+11,1.08655e+11
4.086e+06,140530,38888.2,1.02796e+11,1.08729e+11
4.0896e+06,140764,38988.9,1.02718e+11,1.08803e+11
4.0932e+06,140999,39089.8,1.0264e+11,1.08876e+11
4.0968e+06,141233,39190.8,1.02562e+11,1.0895e+11
4.1004e+06,141467,39292,1.02484e+11,1.09024e+11
4.104e+06,141702,39393.4,1.02406e+11,1.09097e+11
4.1076e+06,141937,39494.9,1.02327e+11,1.0917e+11
4.1112e+06,142172,39596.6,1.02249e+11,1.09244e+11
4.1148e+06,142407,39698.5,1.02171e+11,1.09317e+11
4.1184e+06,142642,39800.5,1.02092e+11,1.0939e+11
4.122e+06,142878,39902.7,1.02014e+11,1.09463e+11
4.1256e+06,143113,40005.1,1.01936e+11,1.09537e+11
4.1292e+06,143349,40107.6,1.01857e+11,1.0961e+11
4.1328e+06,143585,40210.3,1.01778e+11,1.09683e+11
4.1364e+06,143821,40313.2,1.017e+11,1.09756e+11
4.14e+06,144057,40416.2,1.01621e+11,1.09828e+11
4.1436e+06,144294,40519.5,1.01542e+11,1.09901e+11
4.1472e+06,144530,40622.8,1.01464e+11,1.09974e+11
4.1508e+06,144767,40726.4,1.01385e+11,1.10047e+11
4.1544e+06,145004,40830.1,1.01306e+11,1.10119e+11
4.158e+06,145241,40934,1.01227e+11,1.10192e+11
4.1616e+06,145478,41038.1,1.01148e+11,1.10265e+11
4.1652e+06,145715,41142.3,1.01069e+11,1.10337e+11
4.1688e+06,145953,41246.7,1.0099e+11,1.10409e+11
4.1724e+06,146190,41351.3,1.00911e+11,1.10482e+11
4.176e+06,146428,41456,1.00832e+11,1.10554e+11
4.1796e+06,146666,41561,1.00752e+11,1.10626e+11
4.1832e+06,146904,41666,1.00673e+11,1.10699e+11
4.1868e+06,147142,41771.3,1.00594e+11,1.10771e+11
4.1904e+06,147381,41876.7,1.00514e+11,1.10843e+11
4.194e+06,147619,41982.3,1.00435e+11,1.10915e+11
4.1976e+06,147858,42088.1,1.00355e+11,1.10987e+11
4.2012e+06,148097,42194,1.00276e+11,1.11059e+11
4.2048e+06,148336,42300.1,1.00196e+11,1.11131e+11
4.2084e+06,148575,42406.4,1.00116e+11,1.11203e+11
4.212e+06,148814,42512.9,1.00037e+11,1.11274e+11
4.2156e+06,149054,42619.5,9.99569e+10,1.11346e+11
4.2192e+06,149294,42726.3,9.98771e+10,1.11418e+11
4.2228e+06,149533,42833.3,9.97973e+10,1.11489e+11
4.2264e+06,149773,42940.4,9.97173e+10,1.11561e+11
4.23e+06,150013,43047.7,9.96374e+10,1.11632e+11
4.2336e+06,150254,43155.2,9.95573e+10,1.11704e+11
4.2372e+06,150494,43262.9,9.94773e+10,1.11775e+11
4.2408e+06,150735,43370.7,9.93972e+10,1.11846e+11
4.2444e+06,150975,43478.7,9.9317e+10,1.11917e+11
4.248e+06,151216,43586.9,9.92368e+10,1.11989e+11
4.2516e+06,151457,43695.2,9.91565e+10,1.1206e+11
4.2552e+06,151699,43803.7,9.90761e+10,1.12131e+11
4.2588e+06,151940,43912.4,9.89958e+10,1.12202e+11
4.2624e+06,152181,44021.3,9.89153e+10,1.12273e+11
4.266e+06,152423,44130.3,9.88349e+10,1.12344e+11
4.2696e+06,152665,44239.5,9.87543e+10,1.12415e+11
4.2732e+06,152907,44348.9,9.86737e+10,1.12485e+11
4.2768e+06,153149,44458.5,9.85931e+10,1.12556e+11
4.2804e+06,153391,44568.2,9.85124e+10,1.12627e+11
4.284e+06,153634,44678.1,9.84317e+10,1.12697e+11
4.2876e+06,153876,44788.2,9.83509e+10,1.12768e+11
4.2912e+06,154119,44898.4,9.82701e+10,1.12838e+11
4.2948e+06,154362,45008.9,9.81892e+10,1.12909e+11
4.2984e+06,154605,45119.5,9.81083e+10,1.12979e+11
4.302e+06,154848,45230.2,9.80273e+10,1.13049e+11
4.3056e+06,155091,45341.2,9.79462e+10,1.1312e+11
4.3092e+06,155335,45452.3,9.78652e+10,1.1319e+11
4.3128e+06,155578,45563.6,9.7784e+10,1.1326e+11
4.3164e+06,155822,45675.1,9.77028e+10,1.1333e+11
4.32e+06,156066,45786.7,9.76216e+10,1.134e+11
4.3236e+06,156310,45898.5,9.75403e+10,1.1347e+11
4.3272e+06,156554,46010.5,9.7459e+10,1.1354e+11
4.3308e+06,156799,46122.7,9.73776e+10,1.1361e+11
4.3344e+06,157043,46235,9.72961e+10,1.1368e+11
4.338e+06,157288,46347.6,9.72147e+10,1.13749e+11
4.3416e+06,157533,46460.3,9.71331e+10,1.13819e+11
4.3452e+06,157778,46573.1,9.70515e+10,1.13889e+11
4.3488e+06,158023,46686.2,9.69699e+10,1.13958e+11
4.3524e+06,158268,46799.4,9.68882e+10,1.14028e+11
4.356e+06,158513,46912.8,9.68065e+10,1.14097e+11
4.3596e+06,158759,47026.4,9.67247e+10,1.14167e+11
4.3632e+06,159005,47140.1,9.66428e+10,1.14236e+11
4.3668e+06,159250,47254,9.6561e+10,1.14305e+11
4.3704e+06,159496,47368.1,9.6479e+10,1.14374e+11
4.374e+06,159743,47482.4,9.6397e+10,1.14443e+11
4.3776e+06,159989,47596.9,9.6315e+10,1.14513e+11
4.3812e+06,160235,47711.5,9.62329e+10,1.14582e+11
4.3848e+06,160482,47826.3,9.61508e+10,1.14651e+11
4.3884e+06,160729,47941.3,9.60686e+10,1.1472e+11
4.392e+06,160976,48056.5,9.59864e+10,1.14788e+11
4.3956e+06,161223,48171.8,9.59041e+10,1.14857e+11
4.3992e+06,161470,48287.3,9.58217e+10,1.14926e+11
4.4028e+06,161717,48403,9.57394e+10,1.14995e+11
4.4064e+06,161965,48518.9,9.56569e+10,1.15063e+11
4.41e+06,162212,48634.9,9.55745e+10,1.15132e+11
4.4136e+06,162460,48751.1,9.54919e+10,1.152e+11
4.4172e+06,162708,48867.5,9.54094e+10,1.15269e+11
4.4208e+06,162956,48984.1,9.53267e+10,1.15337e+11
4.4244e+06,163204,49100.9,9.52441e+10,1.15405e+11
4.428e+06,163453,49217.8,9.51613e+10,1.15474e+11
4.4316e+06,163701,49334.9,9.50786e+10,1.15542e+11
4.4352e+06,163950,49452.2,9.49957e+10,1.1561e+11
4.4388e+06,164199,49569.7,9.49129e+10,1.15678e+11
4.4424e+06,164448,49687.3,9.48299e+10,1.15746e+11
4.446e+06,164697,49805.1,9.4747e+10,1.15814e+11
4.4496e+06,164946,49923.2,9.4664e+10,1.15882e+11
4.4532e+06,165196,50041.3,9.45809e+10,1.1595e+11
4.4568e+06,165445,50159.7,9.44978e+10,1.16018e+11
4.4604e+06,165695,50278.2,9.44146e+10,1.16085e+11
4.464e+06,165945,50397,9.43314e+10,1.16153e+11
4.4676e+06,166195,50515.8,9.42481e+10,1.16221e+11
4.4712e+06,166445,50634.9,9.41648e+10,1.16288e+11
4.4748e+06,166695,50754.2,9.40815e+10,1.16356e+11
4.4784e+06,166946,50873.6,9.39981e+10,1.16423e+11
4.482e+06,167196,50993.2,9.39146e+10,1.1649e+11
4.4856e+06,167447,51113,9.38311e+10,1.16558e+11
4.4892e+06,167698,51233,9.37476e+10,1.16625e+11
4.4928e+06,167949,51353.1,9.3664e+10,1.16692e+11
4.4964e+06,168200,51473.5,9.35803e+10,1.16759e+11
4.5e+06,168451,51594,9.34966e+10,1.16826e+11
4.5036e+06,168703,51714.7,9.34129e+10,1.16893e+11
4.5072e+06,168954,51835.6,9.33291e+10,1.1696e+11
4.5108e+06,169206,51956.6,9.32453e+10,1.17027e+11
4.5144e+06,169458,52077.8,9.31614e+10,1.17094e+11
4.518e+06,169710,52199.3,9.30774e+10,1.17161e+11
4.5216e+06,169962,52320.9,9.29935e+10,1.17228e+11
4.5252e+06,170214,52442.6,9.29094e+10,1.17294e+11
4.5288e+06,170467,52564.6,9.28253e+10,1.17361e+11
4.5324e+06,170719,52686.7,9.27412e+10,1.17427e+11
4.536e+06,170972,52809,9.2657e+10,1.17494e+11
4.5396e+06,171225,52931.5,9.25728e+10,1.1756e+11
4.5432e+06,171478,53054.2,9.24886e+10,1.17627e+11
4.5468e+06,171731,53177.1,9.24042e+10,1.17693e+11
4.5504e+06,171984,53300.1,9.23199e+10,1.17759e+11
4.554e+06,172238,53423.4,9.22355e+10,1.17825e+11
4.5576e+06,172491,53546.8,9.2151e+10,1.17891e+11
4.5612e+06,172745,53670.3,9.20665e+10,1.17957e+11
4.5648e+06,172999,53794.1,9.19819e+10,1.18023e+11
4.5684e+06,173253,53918.1,9.18973e+10,1.18089e+11
4.572e+06,173507,54042.2,9.18127e+10,1.18155e+11
4.5756e+06,173761,54166.5,9.1728e+10,1.18221e+11
4.5792e+06,174016,54291,9.16433e+10,1.18287e+11
4.5828e+06,174270,54415.7,9.15585e+10,1.18352e+11
4.5864e+06,174525,54540.6,9.14736e+10,1.18418e+11
4.59e+06,174780,54665.6,9.13888e+10,1.18484e+11
4.5936e+06,175035,54790.8,9.13038e+10,1.18549e+11
4.5972e+06,175290,54916.2,9.12188e+10,1.18615e+11
4.6008e+06,175545,55041.8,9.11338e+10,1.1868e+11
4.6044e+06,175801,55167.6,9.10488e+10,1.18745e+11
4.608e+06,176056,55293.6,9.09636e+10,1.1881e+11
4.6116e+06,176312,55419.7,9.08785e+10,1.18876e+11
4.6152e+06,176568,55546,9.07933e+10,1.18941e+11
4.6188e+06,176824,55672.5,9.0708e+10,1.19006e+11
4.6224e+06,177080,55799.2,9.06227e+10,1.19071e+11
4.626e+06,177336,55926.1,9.05374e+10,1.19136e+11
4.6296e+06,177593,56053.2,9.0452e+10,1.19201e+11
4.6332e+06,177849,56180.4,9.03665e+10,1.19266e+11
4.6368e+06,178106,56307.8,9.0281e+10,1.1933e+11
4.6404e+06,178363,56435.4,9.01955e+10,1.19395e+11
4.644e+06,178620,56563.2,9.01099e+10,1.1946e+11
4.6476e+06,178877,56691.2,9.00243e+10,1.19524e+11
4.6512e+06,179134,56819.4,8.99386e+10,1.19589e+11
4.6548e+06,179392,56947.7,8.98529e+10,1.19653e+11
4.6584e+06,179649,57076.2,8.97671e+10,1.19718e+11
4.662e+06,179907,57205,8.96813e+10,1.19782e+11
4.6656e+06,180165,57333.9,8.95954e+10,1.19846e+11
4.6692e+06,180422,57462.9,8.95095e+10,1.1991e+11
4.6728e+06,180681,57592.2,8.94236e+10,1.19975e+11
4.6764e+06,180939,57721.7,8.93376e+10,1.20039e+11
4.68e+06,181197,57851.3,8.92515e+10,1.20103e+11
4.6836e+06,181456,57981.1,8.91654e+10,1.20167e+11
4.6872e+06,181714,58111.1,8.90793e+10,1.20231e+11
4.6908e+06,181973,58241.3,8.89931e+10,1.20294e+11
4.6944e+06,182232,58371.7,8.89069e+10,1.20358e+11
4.698e+06,182491,58502.3,8.88206e+10,1.20422e+11
4.7016e+06,182750,58633,8.87343e+10,1.20486e+11
4.7052e+06,183009,58764,8.86479e+10,1.20549e+11
4.7088e+06,183269,58895.1,8.85615e+10,1.20613e+11
4.7124e+06,183528,59026.4,8.84751e+10,1.20676e+11
4.716e+06,183788,59157.9,8.83886e+10,1.2074e+11
4.7196e+06,184048,59289.6,8.8302e+10,1.20803e+11
4.7232e+06,184308,59421.4,8.82154e+10,1.20866e+11
4.7268e+06,184568,59553.5,8.81288e+10,1.2093e+11
4.7304e+06,184828,59685.7,8.80421e+10,1.20993e+11
4.734e+06,185089,59818.2,8.79554e+10,1.21056e+11
4.7376e+06,185349,59950.8,8.78686e+10,1.21119e+11
4.7412e+06,185610,60083.6,8.77818e+10,1.21182e+11
4.7448e+06,185871,60216.6,8.76949e+10,1.21245e+11
4.7484e+06,186132,60349.7,8.7608e+10,1.21308e+11
4.752e+06,186393,60483.1,8.75211e+10,1.2137e+11
4.7556e+06,186654,60616.6,8.74341e+10,1.21433e+11
4.7592e+06,186915,60750.4,8.7347e+10,1.21496e+11
4.7628e+06,187177,60884.3,8.72599e+10,1.21558e+11
4.7664e+06,187439,61018.4,8.71728e+10,1.21621e+11
4.77e+06,187700,61152.7,8.70856e+10,1.21683e+11
4.7736e+06,187962,61287.2,8.69984e+10,1.21746e+11
4.7772e+06,188224,61421.8,8.69111e+10,1.21808e+11
4.7808e+06,188486,61556.7,8.68238e+10,1.21871e+11
4.7844e+06,188749,61691.7,8.67365e+10,1.21933e+11
4.788e+06,189011,61827,8.66491e+10,1.21995e+11
4.7916e+06,189274,61962.4,8.65616e+10,1.22057e+11
4.7952e+06,189536,62098,8.64741e+10,1.22119e+11
4.7988e+06,189799,62233.8,8.63866e+10,1.22181e+11
4.8024e+06,190062,62369.8,8.6299e+10,1.22243e+11
4.806e+06,190325,62506,8.62114e+10,1.22305e+11
4.8096e+06,190588,62642.3,8.61237e+10,1.22367e+11
4.8132e+06,190852,62778.9,8.6036e+10,1.22428e+11
4.8168e+06,191115,62915.6,8.59483e+10,1.2249e+11
4.8204e+06,191379,63052.6,8.58605e+10,1.22552e+11
4.824e+06,191643,63189.7,8.57726e+10,1.22613e+11
4.8276e+06,191906,63327,8.56847e+10,1.22675e+11
4.8312e+06,192170,63464.5,8.55968e+10,1.22736e+11
4.8348e+06,192435,63602.2,8.55088e+10,1.22797e+11
4.8384e+06,192699,63740,8.54208e+10,1.22859e+11
4.842e+06,192963,63878.1,8.53327e+10,1.2292e+11
4.8456e+06,193228,64016.4,8.52446e+10,1.22981e+11
4.8492e+06,193493,64154.8,8.51565e+10,1.23042e+11
4.8528e+06,193757,64293.4,8.50683e+10,1.23103e+11
4.8564e+06,194022,64432.3,8.498e+10,1.23164e+11
4.86e+06,194287,64571.3,8.48918e+10,1.23225e+11
4.8636e+06,194553,64710.5,8.48034e+10,1.23286e+11
4.8672e+06,194818,64849.9,8.47151e+10,1.23347e+11
4.8708e+06,195083,64989.4,8.46266e+10,1.23407e+11
4.8744e+06,195349,65129.2,8.45382e+10,1.23468e+11
4.878e+06,195615,65269.2,8.44497e+10,1.23529e+11
4.8816e+06,195881,65409.3,8.43611e+10,1.23589e+11
4.8852e+06,196147,65549.7,8.42726e+10,1.2365e+11
4.8888e+06,196413,65690.2,8.41839e+10,1.2371e+11
4.8924e+06,196679,65830.9,8.40952e+10,1.2377e+11
4.896e+06,196945,65971.8,8.40065e+10,1.23831e+11
4.8996e+06,197212,66112.9,8.39178e+10,1.23891e+11
4.9032e+06,197478,66254.2,8.3829e+10,1.23951e+11
4.9068e+06,197745,66395.7,8.37401e+10,1.24011e+11
4.9104e+06,198012,66537.4,8.36512e+10,1.24071e+11
4.914e+06,198279,66679.3,8.35623e+10,1.24131e+11
4.9176e+06,198546,66821.3,8.34733e+10,1.24191e+11
4.9212e+06,198814,66963.6,8.33843e+10,1.24251e+11
4.9248e+06,199081,67106,8.32952e+10,1.24311e+11
4.9284e+06,199348,67248.7,8.32061e+10,1.2437e+11
4.932e+06,199616,67391.5,8.3117e+10,1.2443e+11
4.9356e+06,199884,67534.5,8.30278e+10,1.2449e+11
4.9392e+06,200152,67677.7,8.29386e+10,1.24549e+11
4.9428e+06,200420,67821.1,8.28493e+10,1.24608e+11
4.9464e+06,200688,67964.7,8.276e+10,1.24668e+11
4.95e+06,200956,68108.5,8.26706e+10,1.24727e+11
4.9536e+06,201225,68252.5,8.25812e+10,1.24786e+11
4.9572e+06,201493,68396.7,8.24918e+10,1.24846e+11
4.9608e+06,201762,68541,8.24023e+10,1.24905e+11
4.9644e+06,202031,68685.6,8.23127e+10,1.24964e+11
4.968e+06,202300,68830.3,8.22232e+10,1.25023e+11
4.9716e+06,202569,68975.3,8.21336e+10,1.25082e+11
4.9752e+06,202838,69120.4,8.20439e+10,1.25141e+11
4.9788e+06,203107,69265.7,8.19542e+10,1.25199e+11
4.9824e+06,203377,69411.3,8.18645e+10,1.25258e+11
4.986e+06,203646,69557,8.17747e+10,1.25317e+11
4.9896e+06,203916,69702.9,8.16848e+10,1.25375e+11
4.9932e+06,204186,69849,8.1595e+10,1.25434e+11
4.9968e+06,204456,69995.3,8.15051e+10,1.25492e+11
5.0004e+06,204726,70141.8,8.14151e+10,1.25551e+11
5.004e+06,204996,70288.4,8.13251e+10,1.25609e+11
5.0076e+06,205267,70435.3,8.12351e+10,1.25668e+11
5.0112e+06,205537,70582.4,8.1145e+10,1.25726e+11
5.0148e+06,205808,70729.6,8.10549e+10,1.25784e+11
5.0184e+06,206078,70877.1,8.09647e+10,1.25842e+11
5.022e+06,206349,71024.7,8.08745e+10,1.259e+11
5.0256e+06,206620,71172.6,8.07843e+10,1.25958e+11
5.0292e+06,206891,71320.6,8.0694e+10,1.26016e+11
5.0328e+06,207162,71468.9,8.06037e+10,1.26074e+11
5.0364e+06,207434,71617.3,8.05133e+10,1.26132e+11
5.04e+06,207705,71765.9,8.04229e+10,1.26189e+11
5.0436e+06,207977,71914.7,8.03325e+10,1.26247e+11
5.0472e+06,208248,72063.7,8.0242e+10,1.26304e+11
5.0508e+06,208520,72212.9,8.01514e+10,1.26362e+11
5.0544e+06,208792,72362.3,8.00609e+10,1.26419e+11
5.058e+06,209064,72511.9,7.99702e+10,1.26477e+11
5.0616e+06,209337,72661.7,7.98796e+10,1.26534e+11
5.0652e+06,209609,72811.7,7.97889e+10,1.26591e+11
5.0688e+06,209881,72961.9,7.96981e+10,1.26649e+11
5.0724e+06,210154,73112.2,7.96074e+10,1.26706e+11
5.076e+06,210427,73262.8,7.95165e+10,1.26763e+11
5.0796e+06,210699,73413.6,7.94257e+10,1.2682e+11
5.0832e+06,210972,73564.5,7.93348e+10,1.26877e+11
5.0868e+06,211245,73715.7,7.92438e+10,1.26934e+11
5.0904e+06,211519,73867,7.91529e+10,1.2699e+11
5.094e+06,211792,74018.6,7.90618e+10,1.27047e+11
5.0976e+06,212065,74170.3,7.89708e+10,1.27104e+11
5.1012e+06,212339,74322.3,7.88797e+10,1.2716e+11
5.1048e+06,212612,74474.4,7.87885e+10,1.27217e+11
5.1084e+06,212886,74626.7,7.86973e+10,1.27273e+11
5.112e+06,213160,74779.2,7.86061e+10,1.2733e+11
5.1156e+06,213434,74932,7.85148e+10,1.27386e+11
5.1192e+06,213708,75084.9,7.84235e+10,1.27442e+11
5.1228e+06,213983,75238,7.83322e+10,1.27499e+11
5.1264e+06,214257,75391.3,7.82408e+10,1.27555e+11
5.13e+06,214532,75544.8,7.81494e+10,1.27611e+11
5.1336e+06,214806,75698.5,7.80579e+10,1.27667e+11
5.1372e+06,215081,75852.4,7.79664e+10,1.27723e+11
5.1408e+06,215356,76006.5,7.78748e+10,1.27779e+11
5.1444e+06,215631,76160.8,7.77832e+10,1.27835e+11
5.148e+06,215906,76315.3,7.76916e+10,1.2789e+11
5.1516e+06,216181,76470,7.75999e+10,1.27946e+11
5.1552e+06,216457,76624.9,7.75082e+10,1.28002e+11
5.1588e+06,216732,76780,7.74165e+10,1.28057e+11
5.1624e+06,217008,76935.2,7.73247e+10,1.28113e+11
5.166e+06,217283,77090.7,7.72329e+10,1.28168e+11
5.1696e+06,217559,77246.4,7.7141e+10,1.28223e+11
5.1732e+06,217835,77402.3,7.70491e+10,1.28279e+11
5.1768e+06,218111,77558.3,7.69571e+10,1.28334e+11
5.1804e+06,218387,77714.6,7.68652e+10,1.28389e+11
5.184e+06,218664,77871.1,7.67731e+10,1.28444e+11
5.1876e+06,218940,78027.7,7.66811e+10,1.28499e+11
5.1912e+06,219217,78184.6,7.6589e+10,1.28554e+11
5.1948e+06,219493,78341.7,7.64968e+10,1.28609e+11
5.1984e+06,219770,78498.9,7.64046e+10,1.28664e+11
5.202e+06,220047,78656.4,7.63124e+10,1.28719e+11
5.2056e+06,220324,78814,7.62202e+10,1.28773e+11
5.2092e+06,220601,78971.9,7.61278e+10,1.28828e+11
5.2128e+06,220878,79129.9,7.60355e+10,1.28883e+11
5.2164e+06,221156,79288.2,7.59431e+10,1.28937e+11
5.22e+06,221433,79446.6,7.58507e+10,1.28992e+11
5.2236e+06,221711,79605.3,7.57583e+10,1.29046e+11
5.2272e+06,221989,79764.1,7.56658e+10,1.291e+11
5.2308e+06,222266,79923.2,7.55732e+10,1.29154e+11
5.2344e+06,222544,80082.4,7.54806e+10,1.29209e+11
5.238e+06,222822,80241.9,7.5388e+10,1.29263e+11
5.2416e+06,223101,80401.5,7.52954e+10,1.29317e+11
5.2452e+06,223379,80561.3,7.52027e+10,1.29371e+11
5.2488e+06,223657,80721.4,7.511e+10,1.29425e+11
5.2524e+06,223936,80881.6,7.50172e+10,1.29479e+11
5.256e+06,224215,81042.1,7.49244e+10,1.29532e+11
5.2596e+06,224493,81202.7,7.48315e+10,1.29586e+11
5.2632e+06,224772,81363.6,7.47387e+10,1.2964e+11
5.2668e+06,225051,81524.6,7.46457e+10,1.29693e+11
5.2704e+06,225330,81685.8,7.45528e+10,1.29747e+11
5.274e+06,225610,81847.3,7.44598e+10,1.298e+11
5.2776e+06,225889,82008.9,7.43667e+10,1.29854e+11
5.2812e+06,226168,82170.8,7.42737e+10,1.29907e+11
5.2848e+06,226448,82332.8,7.41805e+10,1.2996e+11
5.2884e+06,226728,82495,7.40874e+10,1.30013e+11
5.292e+06,227007,82657.5,7.39942e+10,1.30066e+11
5.2956e+06,227287,82820.1,7.3901e+10,1.30119e+11
5.2992e+06,227567,82983,7.38077e+10,1.30172e+11
5.3028e+06,227848,83146,7.37144e+10,1.30225e+11
5.3064e+06,228128,83309.2,7.36211e+10,1.30278e+11
5.31e+06,228408,83472.7,7.35277e+10,1.30331e+11
5.3136e+06,228689,83636.3,7.34343e+10,1.30384e+11
5.3172e+06,228969,83800.2,7.33408e+10,1.30436e+11
5.3208e+06,229250,83964.2,7.32473e+10,1.30489e+11
5.3244e+06,229531,84128.5,7.31538e+10,1.30541e+11
5.328e+06,229812,84292.9,7.30602e+10,1.30594e+11
5.3316e+06,230093,84457.6,7.29666e+10,1.30646e+11
5.3352e+06,230374,84622.4,7.2873e+10,1.30698e+11
5.3388e+06,230655,84787.5,7.27793e+10,1.30751e+11
5.3424e+06,230937,84952.7,7.26856e+10,1.30803e+11
5.346e+06,231218,85118.2,7.25918e+10,1.30855e+11
5.3496e+06,231500,85283.8,7.2498e+10,1.30907e+11
5.3532e+06,231781,85449.7,7.24042e+10,1.30959e+11
5.3568e+06,232063,85615.8,7.23103e+10,1.31011e+11
5.3604e+06,232345,85782,7.22164e+10,1.31063e+11
5.364e+06,232627,85948.5,7.21225e+10,1.31114e+11
5.3676e+06,232909,86115.2,7.20285e+10,1.31166e+11
5.3712e+06,233192,86282,7.19345e+10,1.31218e+11
5.3748e+06,233474,86449.1,7.18404e+10,1.31269e+11
5.3784e+06,233757,86616.4,7.17464e+10,1.31321e+11
5.382e+06,234039,86783.8,7.16522e+10,1.31372e+11
5.3856e+06,234322,86951.5,7.15581e+10,1.31424e+11
5.3892e+06,234605,87119.4,7.14639e+10,1.31475e+11
5.3928e+06,234888,87287.5,7.13696e+10,1.31526e+11
5.3964e+06,235171,87455.8,7.12754e+10,1.31577e+11
5.4e+06,235454,87624.3,7.1181e+10,1.31628e+11
5.4036e+06,235737,87792.9,7.10867e+10,1.31679e+11
5.4072e+06,236021,87961.8,7.09923e+10,1.3173e+11
5.4108e+06,236304,88130.9,7.08979e+10,1.31781e+11
5.4144e+06,236588,88300.2,7.08034e+10,1.31832e+11
5.418e+06,236871,88469.7,7.07089e+10,1.31883e+11
5.4216e+06,237155,88639.5,7.06144e+10,1.31934e+11
5.4252e+06,237439,88809.4,7.05198e+10,1.31984e+11
5.4288e+06,237723,88979.5,7.04252e+10,1.32035e+11
5.4324e+06,238007,89149.8,7.03306e+10,1.32085e+11
5.436e+06,238292,89320.3,7.02359e+10,1.32136e+11
5.4396e+06,238576,89491,7.01412e+10,1.32186e+11
5.4432e+06,238861,89662,7.00465e+10,1.32236e+11
5.4468e+06,239145,89833.1,6.99517e+10,1.32286e+11
5.4504e+06,239430,90004.4,6.98569e+10,1.32337e+11
5.454e+06,239715,90176,6.9762e+10,1.32387e+11
5.4576e+06,240000,90347.7,6.96671e+10,1.32437e+11
5.4612e+06,240285,90519.7,6.95722e+10,1.32487e+11
5.4648e+06,240570,90691.8,6.94772e+10,1.32536e+11
5.4684e+06,240855,90864.2,6.93823e+10,1.32586e+11
5.472e+06,241140,91036.7,6.92872e+10,1.32636e+11
5.4756e+06,241426,91209.5,6.91922e+10,1.32686e+11
5.4792e+06,241711,91382.5,6.9097e+10,1.32735e+11
5.4828e+06,241997,91555.6,6.90019e+10,1.32785e+11
5.4864e+06,242283,91729,6.89067e+10,1.32834e+11
5.49e+06,242569,91902.6,6.88115e+10,1.32884e+11
5.4936e+06,242854,92076.4,6.87163e+10,1.32933e+11
5.4972e+06,243141,92250.4,6.8621e+10,1.32982e+11
5.5008e+06,243427,92424.6,6.85257e+10,1.33031e+11
5.5044e+06,243713,92599,6.84303e+10,1.33081e+11
5.508e+06,243999,92773.6,6.83349e+10,1.3313e+11
5.5116e+06,244286,92948.4,6.82395e+10,1.33179e+11
5.5152e+06,244573,93123.4,6.81441e+10,1.33228e+11
5.5188e+06,244859,93298.6,6.80486e+10,1.33276e+11
5.5224e+06,245146,93474.1,6.7953e+10,1.33325e+11
5.526e+06,245433,93649.7,6.78575e+10,1.33374e+11
5.5296e+06,245720,93825.5,6.77619e+10,1.33422e+11
5.5332e+06,246007,94001.6,6.76663e+10,1.33471e+11
5.5368e+06,246294,94177.8,6.75706e+10,1.3352e+11
5.5404e+06,246582,94354.3,6.74749e+10,1.33568e+11
5.544e+06,246869,94531,6.73792e+10,1.33616e+11
5.5476e+06,247157,94707.8,6.72834e+10,1.33665e+11
5.5512e+06,247444,94884.9,6.71876e+10,1.33713e+11
5.5548e+06,247732,95062.2,6.70917e+10,1.33761e+11
5.5584e+06,248020,95239.7,6.69959e+10,1.33809e+11
5.562e+06,248308,95417.4,6.69e+10,1.33857e+11
5.5656e+06,248596,95595.3,6.6804e+10,1.33905e+11
5.5692e+06,248884,95773.4,6.6708e+10,1.33953e+11
5.5728e+06,249173,95951.7,6.6612e+10,1.34001e+11
5.5764e+06,249461,96130.2,6.6516e+10,1.34049e+11
5.58e+06,249749,96308.9,6.64199e+10,1.34096e+11
5.5836e+06,250038,96487.9,6.63238e+10,1.34144e+11
5.5872e+06,250327,96667,6.62276e+10,1.34191e+11
5.5908e+06,250615,96846.3,6.61314e+10,1.34239e+11
5.5944e+06,250904,97025.9,6.60352e+10,1.34286e+11
5.598e+06,251193,97205.6,6.5939e+10,1.34334e+11
5.6016e+06,251482,97385.6,6.58427e+10,1.34381e+11
5.6052e+06,251772,97565.8,6.57464e+10,1.34428e+11
5.6088e+06,252061,97746.2,6.565e+10,1.34475e+11
5.6124e+06,252350,97926.8,6.55536e+10,1.34522e+11
5.616e+06,252640,98107.5,6.54572e+10,1.34569e+11
5.6196e+06,252929,98288.5,6.53608e+10,1.34616e+11
5.6232e+06,253219,98469.8,6.52643e+10,1.34663e+11
5.6268e+06,253509,98651.2,6.51678e+10,1.3471e+11
5.6304e+06,253799,98832.8,6.50712e+10,1.34757e+11
5.634e+06,254089,99014.6,6.49746e+10,1.34803e+11
5.6376e+06,254379,99196.7,6.4878e+10,1.3485e+11
5.6412e+06,254669,99378.9,6.47813e+10,1.34896e+11
5.6448e+06,254959,99561.4,6.46847e+10,1.34943e+11
5.6484e+06,255250,99744,6.45879e+10,1.34989e+11
5.652e+06,255540,99926.9,6.44912e+10,1.35035e+11
5.6556e+06,255831,100110,6.43944e+10,1.35082e+11
5.6592e+06,256122,100293,6.42976e+10,1.35128e+11
5.6628e+06,256412,100477,6.42007e+10,1.35174e+11
5.6664e+06,256703,100660,6.41038e+10,1.3522e+11
5.67e+06,256994,100844,6.40069e+10,1.35266e+11
5.6736e+06,257285,101029,6.391e+10,1.35312e+11
5.6772e+06,257577,101213,6.3813e+10,1.35358e+11
5.6808e+06,257868,101397,6.3716e+10,1.35403e+11
5.6844e+06,258159,101582,6.36189e+10,1.35449e+11
5.688e+06,258451,101767,6.35218e+10,1.35495e+11
5.6916e+06,258742,101952,6.34247e+10,1.3554e+11
5.6952e+06,259034,102138,6.33276e+10,1.35586e+11
5.6988e+06,259326,102323,6.32304e+10,1.35631e+11
5.7024e+06,259618,102509,6.31332e+10,1.35676e+11
5.706e+06,259910,102695,6.30359e+10,1.35722e+11
5.7096e+06,260202,102881,6.29387e+10,1.35767e+11
5.7132e+06,260494,103068,6.28413e+10,1.35812e+11
5.7168e+06,260786,103254,6.2744e+10,1.35857e+11
5.7204e+06,261079,103441,6.26466e+10,1.35902e+11
5.724e+06,261371,103628,6.25492e+10,1.35947e+11
5.7276e+06,261664,103815,6.24518e+10,1.35992e+11
5.7312e+06,261956,104003,6.23543e+10,1.36037e+11
5.7348e+06,262249,104191,6.22568e+10,1.36081e+11
5.7384e+06,262542,104378,6.21593e+10,1.36126e+11
5.742e+06,262835,104567,6.20617e+10,1.3617e+11
5.7456e+06,263128,104755,6.19641e+10,1.36215e+11
5.7492e+06,263421,104943,6.18665e+10,1.36259e+11
5.7528e+06,263714,105132,6.17688e+10,1.36304e+11
5.7564e+06,264008,105321,6.16711e+10,1.36348e+11
5.76e+06,264301,105510,6.15734e+10,1.36392e+11
5.7636e+06,264595,105699,6.14756e+10,1.36436e+11
5.7672e+06,264888,105889,6.13778e+10,1.3648e+11
5.7708e+06,265182,106079,6.128e+10,1.36524e+11
5.7744e+06,265476,106269,6.11822e+10,1.36568e+11
5.778e+06,265770,106459,6.10843e+10,1.36612e+11
5.7816e+06,266064,106649,6.09864e+10,1.36656e+11
5.7852e+06,266358,106840,6.08884e+10,1.367e+11
5.7888e+06,266652,107031,6.07904e+10,1.36743e+11
5.7924e+06,266946,107222,6.06924e+10,1.36787e+11
5.796e+06,267241,107413,6.05944e+10,1.3683e+11
5.7996e+06,267535,107605,6.04963e+10,1.36874e+11
5.8032e+06,267830,107796,6.03982e+10,1.36917e+11
5.8068e+06,268124,107988,6.03001e+10,1.36961e+11
5.8104e+06,268419,108180,6.02019e+10,1.37004e+11
5.814e+06,268714,108373,6.01037e+10,1.37047e+11
5.8176e+06,269009,108565,6.00055e+10,1.3709e+11
5.8212e+06,269304,108758,5.99072e+10,1.37133e+11
5.8248e+06,269599,108951,5.98089e+10,1.37176e+11
5.8284e+06,269894,109144,5.97106e+10,1.37219e+11
5.832e+06,270189,109337,5.96123e+10,1.37262e+11
5.8356e+06,270485,109531,5.95139e+10,1.37304e+11
5.8392e+06,270780,109725,5.94155e+10,1.37347e+11
5.8428e+06,271076,109919,5.9317e+10,1.3739e+11
5.8464e+06,271372,110113,5.92186e+10,1.37432e+11
5.85e+06,271667,110307,5.91201e+10,1.37475e+11
5.8536e+06,271963,110502,5.90215e+10,1.37517e+11
5.8572e+06,272259,110697,5.8923e+10,1.37559e+11
5.8608e+06,272555,110892,5.88244e+10,1.37602e+11
5.8644e+06,272851,111087,5.87257e+10,1.37644e+11
5.868e+06,273147,111283,5.86271e+10,1.37686e+11
5.8716e+06,273444,111478,5.85284e+10,1.37728e+11
5.8752e+06,273740,111674,5.84297e+10,1.3777e+11
5.8788e+06,274037,111870,5.83309e+10,1.37812e+11
5.8824e+06,274333,112067,5.82322e+10,1.37854e+11
5.886e+06,274630,112263,5.81334e+10,1.37895e+11
5.8896e+06,274927,112460,5.80345e+10,1.37937e+11
5.8932e+06,275223,112657,5.79357e+10,1.37979e+11
5.8968e+06,275520,112854,5.78368e+10,1.3802e+11
5.9004e+06,275817,113051,5.77378e+10,1.38062e+11
5.904e+06,276115,113249,5.76389e+10,1.38103e+11
5.9076e+06,276412,113447,5.75399e+10,1.38144e+11
5.9112e+06,276709,113645,5.74409e+10,1.38186e+11
5.9148e+06,277006,113843,5.73418e+10,1.38227e+11
5.9184e+06,277304,114042,5.72428e+10,1.38268e+11
5.922e+06,277601,114240,5.71437e+10,1.38309e+11
5.9256e+06,277899,114439,5.70445e+10,1.3835e+11
5.9292e+06,278197,114638,5.69454e+10,1.38391e+11
5.9328e+06,278495,114837,5.68462e+10,1.38432e+11
5.9364e+06,278792,115037,5.6747e+10,1.38472e+11
5.94e+06,279090,115237,5.66477e+10,1.38513e+11
5.9436e+06,279389,115437,5.65484e+10,1.38554e+11
5.9472e+06,279687,115637,5.64491e+10,1.38594e+11
5.9508e+06,279985,115837,5.63498e+10,1.38635e+11
5.9544e+06,280283,116038,5.62504e+10,1.38675e+11
5.958e+06,280582,116239,5.6151e+10,1.38715e+11
5.9616e+06,280880,116440,5.60516e+10,1.38756e+11
5.9652e+06,281179,116641,5.59522e+10,1.38796e+11
5.9688e+06,281478,116842,5.58527e+10,1.38836e+11
5.9724e+06,281776,117044,5.57532e+10,1.38876e+11
5.976e+06,282075,117246,5.56537e+10,1.38916e+11
5.9796e+06,282374,117448,5.55541e+10,1.38956e+11
5.9832e+06,282673,117650,5.54545e+10,1.38996e+11
5.9868e+06,282972,117853,5.53549e+10,1.39036e+11
5.9904e+06,283272,118055,5.52552e+10,1.39075e+11
5.994e+06,283571,118258,5.51555e+10,1.39115e+11
5.9976e+06,283870,118462,5.50558e+10,1.39154e+11
6.0012e+06,284170,118665,5.49561e+10,1.39194e+11
6.0048e+06,284469,118868,5.48563e+10,1.39233e+11
6.0084e+06,284769,119072,5.47565e+10,1.39273e+11
6.012e+06,285069,119276,5.46567e+10,1.39312e+11
6.0156e+06,285368,119481,5.45569e+10,1.39351e+11
6.0192e+06,285668,119685,5.4457e+10,1.3939e+11
6.0228e+06,285968,119890,5.43571e+10,1.39429e+11
6.0264e+06,286268,120095,5.42571e+10,1.39468e+11
6.03e+06,286568,120300,5.41572e+10,1.39507e+11
6.0336e+06,286869,120505,5.40572e+10,1.39546e+11
6.0372e+06,287169,120710,5.39572e+10,1.39585e+11
6.0408e+06,287469,120916,5.38571e+10,1.39623e+11
6.0444e+06,287770,121122,5.37571e+10,1.39662e+11
6.048e+06,288070,121328,5.3657e+10,1.39701e+11
6.0516e+06,288371,121535,5.35568e+10,1.39739e+11
6.0552e+06,288672,121741,5.34567e+10,1.39777e+11
6.0588e+06,288972,121948,5.33565e+10,1.39816e+11
6.0624e+06,289273,122155,5.32563e+10,1.39854e+11
6.066e+06,289574,122362,5.31561e+10,1.39892e+11
6.0696e+06,289875,122570,5.30558e+10,1.3993e+11
6.0732e+06,290176,122777,5.29555e+10,1.39968e+11
6.0768e+06,290478,122985,5.28552e+10,1.40006e+11
6.0804e+06,290779,123193,5.27548e+10,1.40044e+11
6.084e+06,291080,123402,5.26545e+10,1.40082e+11
6.0876e+06,291382,123610,5.25541e+10,1.4012e+11
6.0912e+06,291683,123819,5.24536e+10,1.40157e+11
6.0948e+06,291985,124028,5.23532e+10,1.40195e+11
6.0984e+06,292287,124237,5.22527e+10,1.40233e+11
6.102e+06,292588,124447,5.21522e+10,1.4027e+11
6.1056e+06,292890,124656,5.20517e+10,1.40307e+11
6.1092e+06,293192,124866,5.19511e+10,1.40345e+11
6.1128e+06,293494,125076,5.18505e+10,1.40382e+11
6.1164e+06,293796,125286,5.17499e+10,1.40419e+11
6.12e+06,294098,125497,5.16492e+10,1.40456e+11
6.1236e+06,294401,125708,5.15486e+10,1.40493e+11
6.1272e+06,294703,125918,5.14479e+10,1.4053e+11
6.1308e+06,295006,126130,5.13472e+10,1.40567e+11
6.1344e+06,295308,126341,5.12464e+10,1.40604e+11
6.138e+06,295611,126553,5.11456e+10,1.40641e+11
6.1416e+06,295913,126764,5.10448e+10,1.40677e+11
6.1452e+06,296216,126976,5.0944e+10,1.40714e+11
6.1488e+06,296519,127188,5.08432e+10,1.40751e+11
6.1524e+06,296822,127401,5.07423e+10,1.40787e+11
6.156e+06,297125,127614,5.06414e+10,1.40823e+11
6.1596e+06,297428,127826,5.05404e+10,1.4086e+11
6.1632e+06,297731,128040,5.04395e+10,1.40896e+11
6.1668e+06,298034,128253,5.03385e+10,1.40932e+11
6.1704e+06,298337,128466,5.02375e+10,1.40968e+11
6.174e+06,298641,128680,5.01365e+10,1.41004e+11
6.1776e+06,298944,128894,5.00354e+10,1.4104e+11
6.1812e+06,299248,129108,4.99343e+10,1.41076e+11
6.1848e+06,299551,129323,4.98332e+10,1.41112e+11
6.1884e+06,299855,129537,4.97321e+10,1.41148e+11
6.192e+06,300159,129752,4.96309e+10,1.41183e+11
6.1956e+06,300462,129967,4.95297e+10,1.41219e+11
6.1992e+06,300766,130182,4.94285e+10,1.41254e+11
6.2028e+06,301070,130398,4.93273e+10,1.4129e+11
6.2064e+06,301374,130613,4.9226e+10,1.41325e+11
6.21e+06,301678,130829,4.91247e+10,1.41361e+11
6.2136e+06,301983,131045,4.90234e+10,1.41396e+11
6.2172e+06,302287,131262,4.8922e+10,1.41431e+11
6.2208e+06,302591,131478,4.88207e+10,1.41466e+11
6.2244e+06,302896,131695,4.87193e+10,1.41501e+11
6.228e+06,303200,131912,4.86179e+10,1.41536e+11
6.2316e+06,303505,132129,4.85164e+10,1.41571e+11
6.2352e+06,303809,132347,4.8415e+10,1.41606e+11
6.2388e+06,304114,132564,4.83135e+10,1.4164e+11
6.2424e+06,304419,132782,4.8212e+10,1.41675e+11
6.246e+06,304724,133000,4.81104e+10,1.4171e+11
6.2496e+06,305029,133219,4.80088e+10,1.41744e+11
6.2532e+06,305334,133437,4.79073e+10,1.41778e+11
6.2568e+06,305639,133656,4.78056e+10,1.41813e+11
6.2604e+06,305944,133875,4.7704e+10,1.41847e+11
6.264e+06,306249,134094,4.76023e+10,1.41881e+11
6.2676e+06,306555,134314,4.75007e+10,1.41915e+11
6.2712e+06,306860,134533,4.73989e+10,1.41949e+11
6.2748e+06,307166,134753,4.72972e+10,1.41983e+11
6.2784e+06,307471,134973,4.71954e+10,1.42017e+11
6.282e+06,307777,135193,4.70937e+10,1.42051e+11
6.2856e+06,308082,135414,4.69918e+10,1.42085e+11
6.2892e+06,308388,135635,4.689e+10,1.42119e+11
6.2928e+06,308694,135855,4.67882e+10,1.42152e+11
6.2964e+06,309000,136077,4.66863e+10,1.42186e+11
6.3e+06,309306,136298,4.65844e+10,1.42219e+11
6.3036e+06,309612,136520,4.64824e+10,1.42253e+11
6.3072e+06,309918,136741,4.63805e+10,1.42286e+11
6.3108e+06,310224,136963,4.62785e+10,1.42319e+11
6.3144e+06,310530,137186,4.61765e+10,1.42353e+11
6.318e+06,310837,137408,4.60745e+10,1.42386e+11
6.3216e+06,311143,137631,4.59724e+10,1.42419e+11
6.3252e+06,311450,137854,4.58703e+10,1.42452e+11
6.3288e+06,311756,138077,4.57683e+10,1.42485e+11
6.3324e+06,312063,138300,4.56661e+10,1.42517e+11
6.336e+06,312370,138524,4.5564e+10,1.4255e+11
6.3396e+06,312676,138748,4.54618e+10,1.42583e+11
6.3432e+06,312983,138972,4.53596e+10,1.42615e+11
6.3468e+06,313290,139196,4.52574e+10,1.42648e+11
6.3504e+06,313597,139420,4.51552e+10,1.4268e+11
6.354e+06,313904,139645,4.50529e+10,1.42713e+11
6.3576e+06,314211,139870,4.49506e+10,1.42745e+11
6.3612e+06,314518,140095,4.48483e+10,1.42777e+11
6.3648e+06,314826,140320,4.4746e+10,1.4281e+11
6.3684e+06,315133,140546,4.46436e+10,1.42842e+11
6.372e+06,315440,140771,4.45413e+10,1.42874e+11
6.3756e+06,315748,140997,4.44389e+10,1.42906e+11
6.3792e+06,316055,141224,4.43364e+10,1.42937e+11
6.3828e+06,316363,141450,4.4234e+10,1.42969e+11
6.3864e+06,316671,141677,4.41315e+10,1.43001e+11
6.39e+06,316978,141904,4.4029e+10,1.43033e+11
6.3936e+06,317286,142131,4.39265e+10,1.43064e+11
6.3972e+06,317594,142358,4.3824e+10,1.43096e+11
6.4008e+06,317902,142586,4.37214e+10,1.43127e+11
6.4044e+06,318210,142813,4.36189e+10,1.43158e+11
6.408e+06,318518,143041,4.35163e+10,1.4319e+11
6.4116e+06,318826,143269,4.34136e+10,1.43221e+11
6.4152e+06,319134,143498,4.3311e+10,1.43252e+11
6.4188e+06,319443,143726,4.32083e+10,1.43283e+11
6.4224e+06,319751,143955,4.31056e+10,1.43314e+11
6.426e+06,320059,144184,4.30029e+10,1.43345e+11
6.4296e+06,320368,144414,4.29002e+10,1.43376e+11
6.4332e+06,320676,144643,4.27974e+10,1.43407e+11
6.4368e+06,320985,144873,4.26946e+10,1.43437e+11
6.4404e+06,321294,145103,4.25918e+10,1.43468e+11
6.444e+06,321602,145333,4.2489e+10,1.43499e+11
6.4476e+06,321911,145563,4.23862e+10,1.43529e+11
6.4512e+06,322220,145794,4.22833e+10,1.43559e+11
6.4548e+06,322529,146025,4.21804e+10,1.4359e+11
6.4584e+06,322838,146256,4.20775e+10,1.4362e+11
6.462e+06,323147,146487,4.19746e+10,1.4365e+11
6.4656e+06,323456,146719,4.18716e+10,1.4368e+11
6.4692e+06,323765,146950,4.17686e+10,1.4371e+11
6.4728e+06,324074,147182,4.16656e+10,1.4374e+11
6.4764e+06,324384,147415,4.15626e+10,1.4377e+11
6.48e+06,324693,147647,4.14596e+10,1.438e+11
6.4836e+06,325003,147880,4.13565e+10,1.4383e+11
6.4872e+06,325312,148112,4.12534e+10,1.43859e+11
6.4908e+06,325622,148345,4.11503e+10,1.43889e+11
6.4944e+06,325931,148579,4.10472e+10,1.43918e+11
6.498e+06,326241,148812,4.09441e+10,1.43948e+11
6.5016e+06,326551,149046,4.08409e+10,1.43977e+11
6.5052e+06,326861,149280,4.07377e+10,1.44007e+11
6.5088e+06,327170,149514,4.06345e+10,1.44036e+11
6.5124e+06,327480,149748,4.05313e+10,1.44065e+11
6.516e+06,327790,149983,4.0428e+10,1.44094e+11
6.5196e+06,328101,150218,4.03247e+10,1.44123e+11
6.5232e+06,328411,150453,4.02214e+10,1.44152e+11
6.5268e+06,328721,150688,4.01181e+10,1.44181e+11
6.5304e+06,329031,150924,4.00148e+10,1.4421e+11
6.534e+06,329341,151159,3.99114e+10,1.44238e+11
6.5376e+06,329652,151395,3.98081e+10,1.44267e+11
6.5412e+06,329962,151631,3.97047e+10,1.44295e+11
6.5448e+06,330273,151868,3.96012e+10,1.44324e+11
6.5484e+06,330583,152104,3.94978e+10,1.44352e+11
6.552e+06,330894,152341,3.93944e+10,1.44381e+11
6.5556e+06,331205,152578,3.92909e+10,1.44409e+11
6.5592e+06,331515,152816,3.91874e+10,1.44437e+11
6.5628e+06,331826,153053,3.90839e+10,1.44465e+11
6.5664e+06,332137,153291,3.89803e+10,1.44493e+11
6.57e+06,332448,153529,3.88768e+10,1.44521e+11
6.5736e+06,332759,153767,3.87732e+10,1.44549e+11
6.5772e+06,333070,154005,3.86696e+10,1.44577e+11
6.5808e+06,333381,154244,3.8566e+10,1.44605e+11
6.5844e+06,333692,154483,3.84623e+10,1.44632e+11
6.588e+06,334004,154722,3.83587e+10,1.4466e+11
6.5916e+06,334315,154961,3.8255e+10,1.44687e+11
6.5952e+06,334626,155201,3.81513e+10,1.44715e+11
6.5988e+06,334938,155440,3.80476e+10,1.44742e+11
6.6024e+06,335249,155680,3.79439e+10,1.4477e+11
6.606e+06,335561,155920,3.78401e+10,1.44797e+11
6.6096e+06,335872,156161,3.77363e+10,1.44824e+11
6.6132e+06,336184,156401,3.76325e+10,1.44851e+11
6.6168e+06,336496,156642,3.75287e+10,1.44878e+11
6.6204e+06,336807,156883,3.74249e+10,1.44905e+11
6.624e+06,337119,157125,3.7321e+10,1.44932e+11
6.6276e+06,337431,157366,3.72172e+10,1.44958e+11
6.6312e+06,337743,157608,3.71133e+10,1.44985e+11
6.6348e+06,338055,157850,3.70094e+10,1.45012e+11
6.6384e+06,338367,158092,3.69054e+10,1.45038e+11
6.642e+06,338679,158334,3.68015e+10,1.45065e+11
6.6456e+06,338991,158577,3.66975e+10,1.45091e+11
6.6492e+06,339303,158820,3.65935e+10,1.45118e+11
6.6528e+06,339616,159063,3.64895e+10,1.45144e+11
6.6564e+06,339928,159306,3.63855e+10,1.4517e+11
6.66e+06,340240,159550,3.62815e+10,1.45196e+11
6.6636e+06,340553,159793,3.61774e+10,1.45222e+11
6.6672e+06,340865,160037,3.60733e+10,1.45248e+11
6.6708e+06,341178,160282,3.59692e+10,1.45274e+11
6.6744e+06,341491,160526,3.58651e+10,1.453e+11
6.678e+06,341803,160771,3.5761e+10,1.45325e+11
6.6816e+06,342116,161016,3.56568e+10,1.45351e+11
6.6852e+06,342429,161261,3.55526e+10,1.45377e+11
6.6888e+06,342742,161506,3.54485e+10,1.45402e+11
6.6924e+06,343054,161751,3.53442e+10,1.45428e+11
6.696e+06,343367,161997,3.524e+10,1.45453e+11
6.6996e+06,343680,162243,3.51358e+10,1.45478e+11
6.7032e+06,343993,162489,3.50315e+10,1.45504e+11
6.7068e+06,344307,162736,3.49272e+10,1.45529e+11
6.7104e+06,344620,162983,3.48229e+10,1.45554e+11
6.714e+06,344933,163229,3.47186e+10,1.45579e+11
6.7176e+06,345246,163476,3.46143e+10,1.45604e+11
6.7212e+06,345560,163724,3.45099e+10,1.45628e+11
6.7248e+06,345873,163971,3.44056e+10,1.45653e+11
6.7284e+06,346186,164219,3.43012e+10,1.45678e+11
6.732e+06,346500,164467,3.41968e+10,1.45702e+11
6.7356e+06,346813,164715,3.40923e+10,1.45727e+11
6.7392e+06,347127,164964,3.39879e+10,1.45751e+11
6.7428e+06,347441,165212,3.38834e+10,1.45776e+11
6.7464e+06,347754,165461,3.3779e+10,1.458e+11
6.75e+06,348068,165711,3.36745e+10,1.45824e+11
6.7536e+06,348382,165960,3.357e+10,1.45849e+11
6.7572e+06,348696,166209,3.34654e+10,1.45873e+11
6.7608e+06,349010,166459,3.33609e+10,1.45897e+11
6.7644e+06,349323,166709,3.32563e+10,1.45921e+11
6.768e+06,349637,166960,3.31518e+10,1.45944e+11
6.7716e+06,349952,167210,3.30472e+10,1.45968e+11
6.7752e+06,350266,167461,3.29425e+10,1.45992e+11
6.7788e+06,350580,167712,3.28379e+10,1.46016e+11
6.7824e+06,350894,167963,3.27333e+10,1.46039e+11
6.786e+06,351208,168214,3.26286e+10,1.46063e+11
6.7896e+06,351523,168466,3.25239e+10,1.46086e+11
6.7932e+06,351837,168718,3.24192e+10,1.46109e+11
6.7968e+06,352151,168970,3.23145e+10,1.46133e+11
6.8004e+06,352466,169222,3.22098e+10,1.46156e+11
6.804e+06,352780,169474,3.2105e+10,1.46179e+11
6.8076e+06,353095,169727,3.20003e+10,1.46202e+11
6.8112e+06,353409,169980,3.18955e+10,1.46225e+11
6.8148e+06,353724,170233,3.17907e+10,1.46248e+11
6.8184e+06,354039,170487,3.16859e+10,1.46271e+11
6.822e+06,354354,170740,3.15811e+10,1.46293e+11
6.8256e+06,354668,170994,3.14762e+10,1.46316e+11
6.8292e+06,354983,171248,3.13713e+10,1.46339e+11
6.8328e+06,355298,171502,3.12665e+10,1.46361e+11
6.8364e+06,355613,171757,3.11616e+10,1.46384e+11
6.84e+06,355928,172012,3.10567e+10,1.46406e+11
6.8436e+06,356243,172267,3.09517e+10,1.46428e+11
6.8472e+06,356558,172522,3.08468e+10,1.4645e+11
6.8508e+06,356873,172777,3.07418e+10,1.46473e+11
6.8544e+06,357188,173033,3.06369e+10,1.46495e+11
6.858e+06,357504,173289,3.05319e+10,1.46517e+11
6.8616e+06,357819,173545,3.04269e+10,1.46539e+11
6.8652e+06,358134,173801,3.03218e+10,1.4656e+11
6.8688e+06,358450,174058,3.02168e+10,1.46582e+11
6.8724e+06,358765,174315,3.01118e+10,1.46604e+11
6.876e+06,359081,174572,3.00067e+10,1.46625e+11
6.8796e+06,359396,174829,2.99016e+10,1.46647e+11
6.8832e+06,359712,175086,2.97965e+10,1.46668e+11
6.8868e+06,360027,175344,2.96914e+10,1.4669e+11
6.8904e+06,360343,175602,2.95863e+10,1.46711e+11
6.894e+06,360659,175860,2.94811e+10,1.46732e+11
6.8976e+06,360974,176118,2.9376e+10,1.46754e+11
6.9012e+06,361290,176377,2.92708e+10,1.46775e+11
6.9048e+06,361606,176636,2.91656e+10,1.46796e+11
6.9084e+06,361922,176895,2.90604e+10,1.46817e+11
6.912e+06,362238,177154,2.89552e+10,1.46837e+11
6.9156e+06,362554,177414,2.88499e+10,1.46858e+11
6.9192e+06,362870,177673,2.87447e+10,1.46879e+11
6.9228e+06,363186,177933,2.86394e+10,1.469e+11
6.9264e+06,363502,178194,2.85341e+10,1.4692e+11
6.93e+06,363818,178454,2.84288e+10,1.46941e+11
6.9336e+06,364134,178715,2.83235e+10,1.46961e+11
6.9372e+06,364450,178975,2.82182e+10,1.46981e+11
6.9408e+06,364767,179236,2.81129e+10,1.47002e+11
6.9444e+06,365083,179498,2.80075e+10,1.47022e+11
6.948e+06,365399,179759,2.79022e+10,1.47042e+11
6.9516e+06,365716,180021,2.77968e+10,1.47062e+11
6.9552e+06,366032,180283,2.76914e+10,1.47082e+11
6.9588e+06,366349,180545,2.7586e+10,1.47102e+11
6.9624e+06,366665,180808,2.74806e+10,1.47121e+11
6.966e+06,366982,181070,2.73751e+10,1.47141e+11
6.9696e+06,367299,181333,2.72697e+10,1.47161e+11
6.9732e+06,367615,181596,2.71642e+10,1.4718e+11
6.9768e+06,367932,181860,2.70587e+10,1.472e+11
6.9804e+06,368249,182123,2.69532e+10,1.47219e+11
6.984e+06,368565,182387,2.68477e+10,1.47239e+11
6.9876e+06,368882,182651,2.67422e+10,1.47258e+11
6.9912e+06,369199,182915,2.66367e+10,1.47277e+11
6.9948e+06,369516,183180,2.65311e+10,1.47296e+11
6.9984e+06,369833,183445,2.64255e+10,1.47315e+11
7.002e+06,370150,183710,2.632e+10,1.47334e+11
7.0056e+06,370467,183975,2.62144e+10,1.47353e+11
7.0092e+06,370784,184240,2.61088e+10,1.47372e+11
7.0128e+06,371101,184506,2.60032e+10,1.47391e+11
7.0164e+06,371418,184772,2.58975e+10,1.47409e+11
7.02e+06,371736,185038,2.57919e+10,1.47428e+11
7.0236e+06,372053,185304,2.56862e+10,1.47447e+11
7.0272e+06,372370,185570,2.55806e+10,1.47465e+11
7.0308e+06,372687,185837,2.54749e+10,1.47483e+11
7.0344e+06,373005,186104,2.53692e+10,1.47502e+11
7.038e+06,373322,186371,2.52635e+10,1.4752e+11
7.0416e+06,373640,186639,2.51577e+10,1.47538e+11
7.0452e+06,373957,186906,2.5052e+10,1.47556e+11
7.0488e+06,374275,187174,2.49463e+10,1.47574e+11
7.0524e+06,374592,187442,2.48405e+10,1.47592e+11
7.056e+06,374910,187711,2.47347e+10,1.4761e+11
7.0596e+06,375227,187979,2.46289e+10,1.47628e+11
7.0632e+06,375545,188248,2.45231e+10,1.47645e+11
7.0668e+06,375863,188517,2.44173e+10,1.47663e+11
7.0704e+06,376180,188786,2.43115e+10,1.4768e+11
7.074e+06,376498,189056,2.42057e+10,1.47698e+11
7.0776e+06,376816,189326,2.40998e+10,1.47715e+11
7.0812e+06,377134,189596,2.3994e+10,1.47733e+11
7.0848e+06,377452,189866,2.38881e+10,1.4775e+11
7.0884e+06,377770,190136,2.37822e+10,1.47767e+11
7.092e+06,378088,190407,2.36763e+10,1.47784e+11
7.0956e+06,378406,190678,2.35704e+10,1.47801e+11
7.0992e+06,378724,190949,2.34645e+10,1.47818e+11
7.1028e+06,379042,191220,2.33585e+10,1.47835e+11
7.1064e+06,379360,191491,2.32526e+10,1.47852e+11
7.11e+06,379678,191763,2.31466e+10,1.47868e+11
7.1136e+06,379996,192035,2.30406e+10,1.47885e+11
7.1172e+06,380314,192307,2.29347e+10,1.47901e+11
7.1208e+06,380633,192580,2.28287e+10,1.47918e+11
7.1244e+06,380951,192853,2.27227e+10,1.47934e+11
7.128e+06,381269,193125,2.26166e+10,1.47951e+11
7.1316e+06,381588,193399,2.25106e+10,1.47967e+11
7.1352e+06,381906,193672,2.24046e+10,1.47983e+11
7.1388e+06,382224,193945,2.22985e+10,1.47999e+11
7.1424e+06,382543,194219,2.21925e+10,1.48015e+11
7.146e+06,382861,194493,2.20864e+10,1.48031e+11
7.1496e+06,383180,194768,2.19803e+10,1.48047e+11
7.1532e+06,383499,195042,2.18742e+10,1.48063e+11
7.1568e+06,383817,195317,2.17681e+10,1.48078e+11
7.1604e+06,384136,195592,2.1662e+10,1.48094e+11
7.164e+06,384454,195867,2.15558e+10,1.4811e+11
7.1676e+06,384773,196142,2.14497e+10,1.48125e+11
7.1712e+06,385092,196418,2.13435e+10,1.4814e+11
7.1748e+06,385411,196694,2.12374e+10,1.48156e+11
7.1784e+06,385729,196970,2.11312e+10,1.48171e+11
7.182e+06,386048,197246,2.1025e+10,1.48186e+11
7.1856e+06,386367,197523,2.09188e+10,1.48201e+11
7.1892e+06,386686,197800,2.08126e+10,1.48216e+11
7.1928e+06,387005,198077,2.07064e+10,1.48231e+11
7.1964e+06,387324,198354,2.06001e+10,1.48246e+11
7.2e+06,387643,198631,2.04939e+10,1.48261e+11
7.2036e+06,387962,198909,2.03876e+10,1.48276e+11
7.2072e+06,388281,199187,2.02814e+10,1.4829e+11
7.2108e+06,388600,199465,2.01751e+10,1.48305e+11
7.2144e+06,388919,199743,2.00688e+10,1.48319e+11
7.218e+06,389238,200022,1.99625e+10,1.48334e+11
7.2216e+06,389557,200301,1.98562e+10,1.48348e+11
7.2252e+06,389877,200580,1.97499e+10,1.48362e+11
7.2288e+06,390196,200859,1.96436e+10,1.48377e+11
7.2324e+06,390515,201139,1.95372e+10,1.48391e+11
7.236e+06,390835,201418,1.94309e+10,1.48405e+11
7.2396e+06,391154,201698,1.93245e+10,1.48419e+11
7.2432e+06,391473,201979,1.92182e+10,1.48433e+11
7.2468e+06,391793,202259,1.91118e+10,1.48446e+11
7.2504e+06,392112,202540,1.90054e+10,1.4846e+11
7.254e+06,392431,202821,1.8899e+10,1.48474e+11
7.2576e+06,392751,203102,1.87926e+10,1.48487e+11
7.2612e+06,393070,203383,1.86862e+10,1.48501e+11
7.2648e+06,393390,203665,1.85798e+10,1.48514e+11
7.2684e+06,393710,203946,1.84734e+10,1.48528e+11
7.272e+06,394029,204228,1.83669e+10,1.48541e+11
7.2756e+06,394349,204511,1.82605e+10,1.48554e+11
7.2792e+06,394668,204793,1.8154e+10,1.48567e+11
7.2828e+06,394988,205076,1.80475e+10,1.4858e+11
7.2864e+06,395308,205359,1.7941e+10,1.48593e+11
7.29e+06,395628,205642,1.78346e+10,1.48606e+11
7.2936e+06,395947,205925,1.77281e+10,1.48619e+11
7.2972e+06,396267,206209,1.76216e+10,1.48632e+11
7.3008e+06,396587,206493,1.7515e+10,1.48644e+11
7.3044e+06,396907,206777,1.74085e+10,1.48657e+11
7.308e+06,397227,207061,1.7302e+10,1.4867e+11
7.3116e+06,397547,207346,1.71954e+10,1.48682e+11
7.3152e+06,397866,207631,1.70889e+10,1.48694e+11
7.3188e+06,398186,207916,1.69823e+10,1.48707e+11
7.3224e+06,398506,208201,1.68757e+10,1.48719e+11
7.326e+06,398826,208486,1.67692e+10,1.48731e+11
7.3296e+06,399146,208772,1.66626e+10,1.48743e+11
7.3332e+06,399467,209058,1.6556e+10,1.48755e+11
7.3368e+06,399787,209344,1.64494e+10,1.48767e+11
7.3404e+06,400107,209630,1.63428e+10,1.48779e+11
7.344e+06,400427,209917,1.62361e+10,1.48791e+11
7.3476e+06,400747,210204,1.61295e+10,1.48802e+11
7.3512e+06,401067,210491,1.60229e+10,1.48814e+11
7.3548e+06,401387,210778,1.59162e+10,1.48825e+11
7.3584e+06,401708,211066,1.58096e+10,1.48837e+11
7.362e+06,402028,211354,1.57029e+10,1.48848e+11
7.3656e+06,402348,211642,1.55962e+10,1.48859e+11
7.3692e+06,402668,211930,1.54896e+10,1.48871e+11
7.3728e+06,402989,212218,1.53829e+10,1.48882e+11
7.3764e+06,403309,212507,1.52762e+10,1.48893e+11
7.38e+06,403630,212796,1.51695e+10,1.48904e+11
7.3836e+06,403950,213085,1.50628e+10,1.48915e+11
7.3872e+06,404270,213374,1.4956e+10,1.48926e+11
7.3908e+06,404591,213664,1.48493e+10,1.48936e+11
7.3944e+06,404911,213954,1.47426e+10,1.48947e+11
7.398e+06,405232,214244,1.46358e+10,1.48958e+11
7.4016e+06,405552,214534,1.45291e+10,1.48968e+11
7.4052e+06,405873,214825,1.44223e+10,1.48979e+11
7.4088e+06,406193,215115,1.43156e+10,1.48989e+11
7.4124e+06,406514,215406,1.42088e+10,1.48999e+11
7.416e+06,406835,215697,1.4102e+10,1.4901e+11
7.4196e+06,407155,215989,1.39952e+10,1.4902e+11
7.4232e+06,407476,216281,1.38884e+10,1.4903e+11
7.4268e+06,407797,216572,1.37816e+10,1.4904e+11
7.4304e+06,408117,216865,1.36748e+10,1.4905e+11
7.434e+06,408438,217157,1.3568e+10,1.49059e+11
7.4376e+06,408759,217450,1.34612e+10,1.49069e+11
7.4412e+06,409079,217742,1.33544e+10,1.49079e+11
7.4448e+06,409400,218035,1.32475e+10,1.49089e+11
7.4484e+06,409721,218329,1.31407e+10,1.49098e+11
7.452e+06,410042,218622,1.30338e+10,1.49108e+11
7.4556e+06,410363,218916,1.2927e+10,1.49117e+11
7.4592e+06,410683,219210,1.28201e+10,1.49126e+11
7.4628e+06,411004,219504,1.27132e+10,1.49135e+11
7.4664e+06,411325,219798,1.26064e+10,1.49145e+11
7.47e+06,411646,220093,1.24995e+10,1.49154e+11
7.4736e+06,411967,220388,1.23926e+10,1.49163e+11
7.4772e+06,412288,220683,1.22857e+10,1.49172e+11
7.4808e+06,412609,220978,1.21788e+10,1.4918e+11
7.4844e+06,412930,221274,1.20719e+10,1.49189e+11
7.488e+06,413251,221570,1.1965e+10,1.49198e+11
7.4916e+06,413572,221866,1.18581e+10,1.49207e+11
7.4952e+06,413893,222162,1.17511e+10,1.49215e+11
7.4988e+06,414214,222458,1.16442e+10,1.49224e+11
7.5024e+06,414535,222755,1.15373e+10,1.49232e+11
7.506e+06,414856,223052,1.14303e+10,1.4924e+11
7.5096e+06,415178,223349,1.13234e+10,1.49248e+11
7.5132e+06,415499,223647,1.12164e+10,1.49257e+11
7.5168e+06,415820,223944,1.11094e+10,1.49265e+11
7.5204e+06,416141,224242,1.10025e+10,1.49273e+11
7.524e+06,416462,224540,1.08955e+10,1.49281e+11
7.5276e+06,416783,224839,1.07885e+10,1.49288e+11
7.5312e+06,417105,225137,1.06815e+10,1.49296e+11
7.5348e+06,417426,225436,1.05745e+10,1.49304e+11
7.5384e+06,417747,225735,1.04676e+10,1.49312e+11
7.542e+06,418068,226034,1.03605e+10,1.49319e+11
7.5456e+06,418390,226334,1.02535e+10,1.49327e+11
7.5492e+06,418711,226633,1.01465e+10,1.49334e+11
7.5528e+06,419032,226933,1.00395e+10,1.49341e+11
7.5564e+06,419354,227233,9.93249e+09,1.49349e+11
7.56e+06,419675,227534,9.82546e+09,1.49356e+11
7.5636e+06,419996,227834,9.71843e+09,1.49363e+11
7.5672e+06,420318,228135,9.61139e+09,1.4937e+11
7.5708e+06,420639,228436,9.50435e+09,1.49377e+11
7.5744e+06,420961,228738,9.3973e+09,1.49384e+11
7.578e+06,421282,229039,9.29025e+09,1.4939e+11
7.5816e+06,421603,229341,9.18319e+09,1.49397e+11
7.5852e+06,421925,229643,9.07613e+09,1.49404e+11
7.5888e+06,422246,229945,8.96906e+09,1.4941e+11
7.5924e+06,422568,230248,8.86199e+09,1.49417e+11
7.596e+06,422889,230550,8.75491e+09,1.49423e+11
7.5996e+06,423211,230853,8.64783e+09,1.49429e+11
7.6032e+06,423532,231156,8.54074e+09,1.49436e+11
7.6068e+06,423854,231460,8.43365e+09,1.49442e+11
7.6104e+06,424175,231763,8.32656e+09,1.49448e+11
7.614e+06,424497,232067,8.21946e+09,1.49454e+11
7.6176e+06,424819,232371,8.11236e+09,1.4946e+11
7.6212e+06,425140,232676,8.00525e+09,1.49466e+11
7.6248e+06,425462,232980,7.89814e+09,1.49471e+11
7.6284e+06,425783,233285,7.79102e+09,1.49477e+11
7.632e+06,426105,233590,7.68391e+09,1.49483e+11
7.6356e+06,426427,233895,7.57678e+09,1.49488e+11
7.6392e+06,426748,234201,7.46965e+09,1.49494e+11
7.6428e+06,427070,234506,7.36252e+09,1.49499e+11
7.6464e+06,427392,234812,7.25539e+09,1.49505e+11
7.65e+06,427713,235118,7.14825e+09,1.4951e+11
7.6536e+06,428035,235425,7.04111e+09,1.49515e+11
7.6572e+06,428357,235731,6.93396e+09,1.4952e+11
7.6608e+06,428678,236038,6.82681e+09,1.49525e+11
7.6644e+06,429000,236345,6.71966e+09,1.4953e+11
7.668e+06,429322,236653,6.6125e+09,1.49535e+11
7.6716e+06,429644,236960,6.50534e+09,1.4954e+11
7.6752e+06,429965,237268,6.39818e+09,1.49544e+11
7.6788e+06,430287,237576,6.29101e+09,1.49549e+11
7.6824e+06,430609,237884,6.18384e+09,1.49554e+11
7.686e+06,430931,238193,6.07666e+09,1.49558e+11
7.6896e+06,431253,238501,5.96949e+09,1.49562e+11
7.6932e+06,431574,238810,5.86231e+09,1.49567e+11
7.6968e+06,431896,239119,5.75513e+09,1.49571e+11
7.7004e+06,432218,239429,5.64794e+09,1.49575e+11
7.704e+06,432540,239738,5.54075e+09,1.49579e+11
7.7076e+06,432862,240048,5.43356e+09,1.49583e+11
7.7112e+06,433184,240358,5.32636e+09,1.49587e+11
7.7148e+06,433505,240668,5.21917e+09,1.49591e+11
7.7184e+06,433827,240979,5.11197e+09,1.49595e+11
7.722e+06,434149,241290,5.00476e+09,1.49599e+11
7.7256e+06,434471,241601,4.89756e+09,1.49602e+11
7.7292e+06,434793,241912,4.79035e+09,1.49606e+11
7.7328e+06,435115,242223,4.68314e+09,1.49609e+11
7.7364e+06,435437,242535,4.57593e+09,1.49613e+11
7.74e+06,435759,242847,4.46871e+09,1.49616e+11
7.7436e+06,436081,243159,4.36149e+09,1.49619e+11
7.7472e+06,436403,243471,4.25427e+09,1.49622e+11
7.7508e+06,436724,243784,4.14705e+09,1.49626e+11
7.7544e+06,437046,244097,4.03983e+09,1.49629e+11
7.758e+06,437368,244410,3.9326e+09,1.49631e+11
7.7616e+06,437690,244723,3.82537e+09,1.49634e+11
7.7652e+06,438012,245037,3.71814e+09,1.49637e+11
7.7688e+06,438334,245350,3.61091e+09,1.4964e+11
7.7724e+06,438656,245664,3.50367e+09,1.49642e+11
7.776e+06,438978,245979,3.39644e+09,1.49645e+11
7.7796e+06,439300,246293,3.2892e+09,1.49648e+11
7.7832e+06,439622,246608,3.18196e+09,1.4965e+11
7.7868e+06,439944,246923,3.07472e+09,1.49652e+11
7.7904e+06,440266,247238,2.96747e+09,1.49655e+11
7.794e+06,440588,247553,2.86023e+09,1.49657e+11
7.7976e+06,440910,247869,2.75298e+09,1.49659e+11
7.8012e+06,441232,248185,2.64573e+09,1.49661e+11
7.8048e+06,441554,248501,2.53849e+09,1.49663e+11
7.8084e+06,441876,248817,2.43123e+09,1.49665e+11
7.812e+06,442198,249133,2.32398e+09,1.49666e+11
7.8156e+06,442520,249450,2.21673e+09,1.49668e+11
7.8192e+06,442842,249767,2.10948e+09,1.4967e+11
7.8228e+06,443164,250084,2.00222e+09,1.49671e+11
7.8264e+06,443486,250402,1.89496e+09,1.49673e+11
7.83e+06,443808,250719,1.78771e+09,1.49674e+11
7.8336e+06,444131,251037,1.68045e+09,1.49676e+11
7.8372e+06,444453,251355,1.57319e+09,1.49677e+11
7.8408e+06,444775,251674,1.46593e+09,1.49678e+11
7.8444e+06,445097,251992,1.35867e+09,1.49679e+11
7.848e+06,445419,252311,1.2514e+09,1.4968e+11
7.8516e+06,445741,252630,1.14414e+09,1.49681e+11
7.8552e+06,446063,252950,1.03688e+09,1.49682e+11
7.8588e+06,446385,253269,9.29615e+08,1.49683e+11
7.8624e+06,446707,253589,8.2235e+08,1.49683e+11
7.866e+06,447029,253909,7.15085e+08,1.49684e+11
7.8696e+06,447351,254229,6.0782e+08,1.49685e+11
7.8732e+06,447673,254549,5.00555e+08,1.49685e+11
7.8768e+06,447995,254870,3.93289e+08,1.49686e+11
7.8804e+06,448317,255191,2.86022e+08,1.49686e+11
7.884e+06,448639,255512,1.78756e+08,1.49686e+11
7.8876e+06,448961,255833,7.14896e+07,1.49686e+11
7.8912e+06,449283,256155,-3.57771e+07,1.49686e+11
7.8948e+06,449606,256477,-1.43044e+08,1.49686e+11
7.8984e+06,449928,256799,-2.5031e+08,1.49686e+11
7.902e+06,450250,257121,-3.57577e+08,1.49686e+11
7.9056e+06,450572,257444,-4.64843e+08,1.49686e+11
7.9092e+06,450894,257766,-5.7211e+08,1.49686e+11
7.9128e+06,451216,258089,-6.79376e+08,1.49685e+11
7.9164e+06,451538,258413,-7.86641e+08,1.49685e+11
7.92e+06,451860,258736,-8.93907e+08,1.49684e+11
7.9236e+06,452182,259060,-1.00117e+09,1.49684e+11
7.9272e+06,452504,259384,-1.10844e+09,1.49683e+11
7.9308e+06,452826,259708,-1.2157e+09,1.49682e+11
7.9344e+06,453148,260032,-1.32296e+09,1.49682e+11
7.938e+06,453470,260357,-1.43023e+09,1.49681e+11
7.9416e+06,453792,260682,-1.53749e+09,1.4968e+11
7.9452e+06,454114,261007,-1.64475e+09,1.49679e+11
7.9488e+06,454437,261332,-1.75201e+09,1.49678e+11
7.9524e+06,454759,261657,-1.85927e+09,1.49676e+11
7.956e+06,455081,261983,-1.96653e+09,1.49675e+11
7.9596e+06,455403,262309,-2.07379e+09,1.49674e+11
7.9632e+06,455725,262635,-2.18104e+09,1.49672e+11
7.9668e+06,456047,262962,-2.2883e+09,1.49671e+11
7.9704e+06,456369,263288,-2.39555e+09,1.49669e+11
7.974e+06,456691,263615,-2.50281e+09,1.49668e+11
7.9776e+06,457013,263942,-2.61006e+09,1.49666e+11
7.9812e+06,457335,264270,-2.71731e+09,1.49664e+11
7.9848e+06,457657,264597,-2.82456e+09,1.49662e+11
7.9884e+06,457979,264925,-2.93181e+09,1.4966e+11
7.992e+06,458301,265253,-3.03906e+09,1.49658e+11
7.9956e+06,458623,265581,-3.1463e+09,1.49656e+11
7.9992e+06,458945,265910,-3.25355e+09,1.49654e+11
8.0028e+06,459267,266239,-3.36079e+09,1.49651e+11
8.0064e+06,459589,266568,-3.46803e+09,1.49649e+11
8.01e+06,459911,266897,-3.57527e+09,1.49647e+11
8.0136e+06,460233,267226,-3.6825e+09,1.49644e+11
8.0172e+06,460555,267556,-3.78974e+09,1.49642e+11
8.0208e+06,460877,267886,-3.89697e+09,1.49639e+11
8.0244e+06,461199,268216,-4.0042e+09,1.49636e+11
8.028e+06,461521,268546,-4.11143e+09,1.49633e+11
8.0316e+06,461843,268877,-4.21866e+09,1.4963e+11
8.0352e+06,462165,269208,-4.32589e+09,1.49628e+11
8.0388e+06,462487,269539,-4.43311e+09,1.49624e+11
8.0424e+06,462808,269870,-4.54033e+09,1.49621e+11
8.046e+06,463130,270201,-4.64755e+09,1.49618e+11
8.0496e+06,463452,270533,-4.75476e+09,1.49615e+11
8.0532e+06,463774,270865,-4.86198e+09,1.49612e+11
8.0568e+06,464096,271197,-4.96919e+09,1.49608e+11
8.0604e+06,464418,271530,-5.0764e+09,1.49605e+11
8.064e+06,464740,271862,-5.1836e+09,1.49601e+11
8.0676e+06,465062,272195,-5.29081e+09,1.49597e+11
8.0712e+06,465384,272528,-5.39801e+09,1.49594e+11
8.0748e+06,465706,272862,-5.50521e+09,1.4959e+11
8.0784e+06,466027,273195,-5.6124e+09,1.49586e+11
8.082e+06,466349,273529,-5.7196e+09,1.49582e+11
8.0856e+06,466671,273863,-5.82679e+09,1.49578e+11
8.0892e+06,466993,274197,-5.93397e+09,1.49574e+11
8.0928e+06,467315,274532,-6.04116e+09,1.4957e+11
8.0964e+06,467637,274867,-6.14834e+09,1.49565e+11
8.1e+06,467958,275202,-6.25552e+09,1.49561e+11
8.1036e+06,468280,275537,-6.36269e+09,1.49557e+11
8.1072e+06,468602,275872,-6.46986e+09,1.49552e+11
8.1108e+06,468924,276208,-6.57703e+09,1.49547e+11
8.1144e+06,469245,276544,-6.68419e+09,1.49543e+11
8.118e+06,469567,276880,-6.79136e+09,1.49538e+11
8.1216e+06,469889,277216,-6.89851e+09,1.49533e+11
8.1252e+06,470211,277553,-7.00567e+09,1.49528e+11
8.1288e+06,470532,277889,-7.11282e+09,1.49523e+11
8.1324e+06,470854,278227,-7.21997e+09,1.49518e+11
8.136e+06,471176,278564,-7.32711e+09,1.49513e+11
8.1396e+06,471498,278901,-7.43425e+09,1.49508e+11
8.1432e+06,471819,279239,-7.54139e+09,1.49503e+11
8.1468e+06,472141,279577,-7.64852e+09,1.49497e+11
8.1504e+06,472463,279915,-7.75565e+09,1.49492e+11
8.154e+06,472784,280254,-7.86277e+09,1.49486e+11
8.1576e+06,473106,280592,-7.96989e+09,1.49481e+11
8.1612e+06,473427,280931,-8.07701e+09,1.49475e+11
8.1648e+06,473749,281270,-8.18412e+09,1.4947e+11
8.1684e+06,474071,281609,-8.29123e+09,1.49464e+11
8.172e+06,474392,281949,-8.39834e+09,1.49458e+11
8.1756e+06,474714,282289,-8.50544e+09,1.49452e+11
8.1792e+06,475035,282629,-8.61253e+09,1.49446e+11
8.1828e+06,475357,282969,-8.71962e+09,1.4944e+11
8.1864e+06,475678,283310,-8.82671e+09,1.49434e+11
8.19e+06,476000,283650,-8.93379e+09,1.49427e+11
8.1936e+06,476321,283991,-9.04087e+09,1.49421e+11
8.1972e+06,476643,284332,-9.14794e+09,1.49415e+11
8.2008e+06,476964,284674,-9.25501e+09,1.49408e+11
8.2044e+06,477286,285015,-9.36208e+09,1.49401e+11
8.208e+06,477607,285357,-9.46914e+09,1.49395e+11
8.2116e+06,477929,285699,-9.57619e+09,1.49388e+11
8.2152e+06,478250,286042,-9.68324e+09,1.49381e+11
8.2188e+06,478572,286384,-9.79028e+09,1.49374e+11
8.2224e+06,478893,286727,-9.89732e+09,1.49367e+11
8.226e+06,479214,287070,-1.00044e+10,1.4936e+11
8.2296e+06,479536,287413,-1.01114e+10,1.49353e+11
8.2332e+06,479857,287757,-1.02184e+10,1.49346e+11
8.2368e+06,480178,288100,-1.03254e+10,1.49339e+11
8.2404e+06,480500,288444,-1.04324e+10,1.49331e+11
8.244e+06,480821,288789,-1.05395e+10,1.49324e+11
8.2476e+06,481142,289133,-1.06465e+10,1.49317e+11
8.2512e+06,481463,289478,-1.07535e+10,1.49309e+11
8.2548e+06,481785,289822,-1.08604e+10,1.49301e+11
8.2584e+06,482106,290168,-1.09674e+10,1.49294e+11
8.262e+06,482427,290513,-1.10744e+10,1.49286e+11
8.2656e+06,482748,290858,-1.11814e+10,1.49278e+11
8.2692e+06,483070,291204,-1.12884e+10,1.4927e+11
8.2728e+06,483391,291550,-1.13953e+10,1.49262e+11
8.2764e+06,483712,291896,-1.15023e+10,1.49254e+11
8.28e+06,484033,292243,-1.16092e+10,1.49246e+11
8.2836e+06,484354,292590,-1.17162e+10,1.49237e+11
8.2872e+06,484675,292936,-1.18231e+10,1.49229e+11
8.2908e+06,484996,293284,-1.19301e+10,1.49221e+11
8.2944e+06,485317,293631,-1.2037e+10,1.49212e+11
8.298e+06,485638,293979,-1.21439e+10,1.49204e+11
8.3016e+06,485959,294326,-1.22508e+10,1.49195e+11
8.3052e+06,486280,294674,-1.23577e+10,1.49186e+11
8.3088e+06,486601,295023,-1.24646e+10,1.49177e+11
8.3124e+06,486922,295371,-1.25715e+10,1.49169e+11
8.316e+06,487243,295720,-1.26784e+10,1.4916e+11
8.3196e+06,487564,296069,-1.27853e+10,1.49151e+11
8.3232e+06,487885,296418,-1.28922e+10,1.49142e+11
8.3268e+06,488206,296768,-1.29991e+10,1.49132e+11
8.3304e+06,488527,297117,-1.31059e+10,1.49123e+11
8.334e+06,488848,297467,-1.32128e+10,1.49114e+11
8.3376e+06,489168,297817,-1.33196e+10,1.49104e+11
8.3412e+06,489489,298168,-1.34265e+10,1.49095e+11
8.3448e+06,489810,298518,-1.35333e+10,1.49085e+11
8.3484e+06,490131,298869,-1.36402e+10,1.49076e+11
8.352e+06,490452,299220,-1.3747e+10,1.49066e+11
8.3556e+06,490772,299572,-1.38538e+10,1.49056e+11
8.3592e+06,491093,299923,-1.39606e+10,1.49046e+11
8.3628e+06,491414,300275,-1.40674e+10,1.49036e+11
8.3664e+06,491734,300627,-1.41742e+10,1.49026e+11
8.37e+06,492055,300979,-1.4281e+10,1.49016e+11
8.3736e+06,492376,301331,-1.43878e+10,1.49006e+11
8.3772e+06,492696,301684,-1.44946e+10,1.48996e+11
8.3808e+06,493017,302037,-1.46013e+10,1.48986e+11
8.3844e+06,493337,302390,-1.47081e+10,1.48975e+11
8.388e+06,493658,302743,-1.48148e+10,1.48965e+11
8.3916e+06,493978,303097,-1.49216e+10,1.48954e+11
8.3952e+06,494299,303451,-1.50283e+10,1.48943e+11
8.3988e+06,494619,303805,-1.5135e+10,1.48933e+11
8.4024e+06,494940,304159,-1.52418e+10,1.48922e+11
8.406e+06,495260,304514,-1.53485e+10,1.48911e+11
8.4096e+06,495580,304868,-1.54552e+10,1.489e+11
8.4132e+06,495901,305223,-1.55619e+10,1.48889e+11
8.4168e+06,496221,305579,-1.56686e+10,1.48878e+11
8.4204e+06,496541,305934,-1.57753e+10,1.48867e+11
8.424e+06,496862,306290,-1.58819e+10,1.48856e+11
8.4276e+06,497182,306645,-1.59886e+10,1.48844e+11
8.4312e+06,497502,307002,-1.60953e+10,1.48833e+11
8.4348e+06,497823,307358,-1.62019e+10,1.48821e+11
8.4384e+06,498143,307714,-1.63085e+10,1.4881e+11
8.442e+06,498463,308071,-1.64152e+10,1.48798e+11
8.4456e+06,498783,308428,-1.65218e+10,1.48787e+11
8.4492e+06,499103,308786,-1.66284e+10,1.48775e+11
8.4528e+06,499423,309143,-1.6735e+10,1.48763e+11
8.4564e+06,499743,309501,-1.68416e+10,1.48751e+11
8.46e+06,500063,309859,-1.69482e+10,1.48739e+11
8.4636e+06,500383,310217,-1.70548e+10,1.48727e+11
8.4672e+06,500703,310575,-1.71614e+10,1.48715e+11
8.4708e+06,501023,310934,-1.72679e+10,1.48703e+11
8.4744e+06,501343,311293,-1.73745e+10,1.4869e+11
8.478e+06,501663,311652,-1.7481e+10,1.48678e+11
8.4816e+06,501983,312011,-1.75876e+10,1.48665e+11
8.4852e+06,502303,312371,-1.76941e+10,1.48653e+11
8.4888e+06,502623,312730,-1.78006e+10,1.4864e+11
8.4924e+06,502943,313090,-1.79071e+10,1.48628e+11
8.496e+06,503262,313451,-1.80136e+10,1.48615e+11
8.4996e+06,503582,313811,-1.81201e+10,1.48602e+11
8.5032e+06,503902,314172,-1.82266e+10,1.48589e+11
8.5068e+06,504221,314533,-1.83331e+10,1.48576e+11
8.5104e+06,504541,314894,-1.84396e+10,1.48563e+11
8.514e+06,504861,315255,-1.8546e+10,1.4855e+11
8.5176e+06,505180,315617,-1.86525e+10,1.48537e+11
8.5212e+06,505500,315979,-1.87589e+10,1.48523e+11
8.5248e+06,505819,316341,-1.88653e+10,1.4851e+11
8.5284e+06,506139,316703,-1.89717e+10,1.48497e+11
8.532e+06,506458,317065,-1.90781e+10,1.48483e+11
8.5356e+06,506778,317428,-1.91845e+10,1.48469e+11
8.5392e+06,507097,317791,-1.92909e+10,1.48456e+11
8.5428e+06,507417,318154,-1.93973e+10,1.48442e+11
8.5464e+06,507736,318518,-1.95037e+10,1.48428e+11
8.55e+06,508055,318881,-1.961e+10,1.48414e+11
8.5536e+06,508375,319245,-1.97164e+10,1.484e+11
8.5572e+06,508694,319609,-1.98227e+10,1.48386e+11
8.5608e+06,509013,319974,-1.99291e+10,1.48372e+11
8.5644e+06,509333,320338,-2.00354e+10,1.48358e+11
8.568e+06,509652,320703,-2.01417e+10,1.48344e+11
8.5716e+06,509971,321068,-2.0248e+10,1.48329e+11
8.5752e+06,510290,321433,-2.03543e+10,1.48315e+11
8.5788e+06,510609,321799,-2.04605e+10,1.483e+11
8.5824e+06,510928,322165,-2.05668e+10,1.48286e+11
8.586e+06,511247,322530,-2.06731e+10,1.48271e+11
8.5896e+06,511566,322897,-2.07793e+10,1.48256e+11
8.5932e+06,511885,323263,-2.08855e+10,1.48241e+11
8.5968e+06,512204,323630,-2.09918e+10,1.48226e+11
8.6004e+06,512523,323997,-2.1098e+10,1.48211e+11
8.604e+06,512842,324364,-2.12042e+10,1.48196e+11
8.6076e+06,513161,324731,-2.13104e+10,1.48181e+11
8.6112e+06,513480,325098,-2.14166e+10,1.48166e+11
8.6148e+06,513798,325466,-2.15227e+10,1.48151e+11
8.6184e+06,514117,325834,-2.16289e+10,1.48135e+11
8.622e+06,514436,326202,-2.1735e+10,1.4812e+11
8.6256e+06,514754,326571,-2.18412e+10,1.48105e+11
8.6292e+06,515073,326940,-2.19473e+10,1.48089e+11
8.6328e+06,515392,327308,-2.20534e+10,1.48073e+11
8.6364e+06,515710,327678,-2.21595e+10,1.48058e+11
8.64e+06,516029,328047,-2.22656e+10,1.48042e+11
8.6436e+06,516347,328417,-2.23717e+10,1.48026e+11
8.6472e+06,516666,328786,-2.24778e+10,1.4801e+11
8.6508e+06,516984,329156,-2.25838e+10,1.47994e+11
8.6544e+06,517303,329527,-2.26899e+10,1.47978e+11
8.658e+06,517621,329897,-2.27959e+10,1.47962e+11
8.6616e+06,517939,330268,-2.29019e+10,1.47945e+11
8.6652e+06,518258,330639,-2.30079e+10,1.47929e+11
8.6688e+06,518576,331010,-2.31139e+10,1.47913e+11
8.6724e+06,518894,331381,-2.32199e+10,1.47896e+11
8.676e+06,519212,331753,-2.33259e+10,1.47879e+11
8.6796e+06,519531,332125,-2.34319e+10,1.47863e+11
8.6832e+06,519849,332497,-2.35378e+10,1.47846e+11
8.6868e+06,520167,332869,-2.36437e+10,1.47829e+11
8.6904e+06,520485,333242,-2.37497e+10,1.47812e+11
8.694e+06,520803,333615,-2.38556e+10,1.47796e+11
8.6976e+06,521121,333988,-2.39615e+10,1.47778e+11
8.7012e+06,521439,334361,-2.40674e+10,1.47761e+11
8.7048e+06,521757,334734,-2.41733e+10,1.47744e+11
8.7084e+06,522075,335108,-2.42791e+10,1.47727e+11
8.712e+06,522392,335482,-2.4385e+10,1.4771e+11
8.7156e+06,522710,335856,-2.44908e+10,1.47692e+11
8.7192e+06,523028,336231,-2.45967e+10,1.47675e+11
8.7228e+06,523346,336605,-2.47025e+10,1.47657e+11
8.7264e+06,523663,336980,-2.48083e+10,1.4764e+11
8.73e+06,523981,337355,-2.49141e+10,1.47622e+11
8.7336e+06,524299,337730,-2.50199e+10,1.47604e+11
8.7372e+06,524616,338106,-2.51256e+10,1.47586e+11
8.7408e+06,524934,338482,-2.52314e+10,1.47568e+11
8.7444e+06,525251,338857,-2.53371e+10,1.4755e+11
8.748e+06,525569,339234,-2.54428e+10,1.47532e+11
8.7516e+06,525886,339610,-2.55486e+10,1.47514e+11
8.7552e+06,526203,339987,-2.56543e+10,1.47496e+11
8.7588e+06,526521,340364,-2.57599e+10,1.47478e+11
8.7624e+06,526838,340741,-2.58656e+10,1.47459e+11
8.766e+06,527155,341118,-2.59713e+10,1.47441e+11
8.7696e+06,527472,341496,-2.60769e+10,1.47422e+11
8.7732e+06,527790,341873,-2.61826e+10,1.47404e+11
8.7768e+06,528107,342251,-2.62882e+10,1.47385e+11
8.7804e+06,528424,342630,-2.63938e+10,1.47366e+11
8.784e+06,528741,343008,-2.64994e+10,1.47347e+11
8.7876e+06,529058,343387,-2.6605e+10,1.47328e+11
8.7912e+06,529375,343766,-2.67105e+10,1.47309e+11
8.7948e+06,529692,344145,-2.68161e+10,1.4729e+11
8.7984e+06,530009,344524,-2.69216e+10,1.47271e+11
8.802e+06,530325,344904,-2.70272e+10,1.47252e+11
8.8056e+06,530642,345284,-2.71327e+10,1.47233e+11
8.8092e+06,530959,345664,-2.72382e+10,1.47213e+11
8.8128e+06,531276,346044,-2.73437e+10,1.47194e+11
8.8164e+06,531592,346424,-2.74491e+10,1.47174e+11
8.82e+06,531909,346805,-2.75546e+10,1.47155e+11
8.8236e+06,532226,347186,-2.766e+10,1.47135e+11
8.8272e+06,532542,347567,-2.77655e+10,1.47115e+11
8.8308e+06,532859,347949,-2.78709e+10,1.47095e+11
8.8344e+06,533175,348330,-2.79763e+10,1.47076e+11
8.838e+06,533492,348712,-2.80817e+10,1.47056e+11
8.8416e+06,533808,349094,-2.8187e+10,1.47036e+11
8.8452e+06,534124,349477,-2.82924e+10,1.47015e+11
8.8488e+06,534441,349859,-2.83977e+10,1.46995e+11
8.8524e+06,534757,350242,-2.85031e+10,1.46975e+11
8.856e+06,535073,350625,-2.86084e+10,1.46955e+11
8.8596e+06,535389,351008,-2.87137e+10,1.46934e+11
8.8632e+06,535705,351391,-2.8819e+10,1.46914e+11
8.8668e+06,536021,351775,-2.89242e+10,1.46893e+11
8.8704e+06,536338,352159,-2.90295e+10,1.46872e+11
8.874e+06,536653,352543,-2.91347e+10,1.46852e+11
8.8776e+06,536969,352928,-2.924e+10,1.46831e+11
8.8812e+06,537285,353312,-2.93452e+10,1.4681e+11
8.8848e+06,537601,353697,-2.94504e+10,1.46789e+11
8.8884e+06,537917,354082,-2.95555e+10,1.46768e+11
8.892e+06,538233,354467,-2.96607e+10,1.46747e+11
8.8956e+06,538548,354853,-2.97659e+10,1.46726e+11
8.8992e+06,538864,355238,-2.9871e+10,1.46705e+11
8.9028e+06,539180,355624,-2.99761e+10,1.46683e+11
8.9064e+06,539495,356010,-3.00812e+10,1.46662e+11
8.91e+06,539811,356397,-3.01863e+10,1.4664e+11
8.9136e+06,540126,356783,-3.02914e+10,1.46619e+11
8.9172e+06,540442,357170,-3.03964e+10,1.46597e+11
8.9208e+06,540757,357557,-3.05015e+10,1.46575e+11
8.9244e+06,541073,357945,-3.06065e+10,1.46554e+11
8.928e+06,541388,358332,-3.07115e+10,1.46532e+11
8.9316e+06,541703,358720,-3.08165e+10,1.4651e+11
8.9352e+06,542018,359108,-3.09215e+10,1.46488e+11
8.9388e+06,542333,359496,-3.10265e+10,1.46466e+11
8.9424e+06,542649,359884,-3.11314e+10,1.46444e+11
8.946e+06,542964,360273,-3.12363e+10,1.46421e+11
8.9496e+06,543279,360662,-3.13413e+10,1.46399e+11
8.9532e+06,543594,361051,-3.14462e+10,1.46377e+11
8.9568e+06,543909,361440,-3.1551e+10,1.46354e+11
8.9604e+06,544223,361830,-3.16559e+10,1.46332e+11
8.964e+06,544538,362220,-3.17608e+10,1.46309e+11
8.9676e+06,544853,362610,-3.18656e+10,1.46286e+11
8.9712e+06,545168,363000,-3.19704e+10,1.46264e+11
8.9748e+06,545482,363390,-3.20752e+10,1.46241e+11
8.9784e+06,545797,363781,-3.218e+10,1.46218e+11
8.982e+06,546112,364172,-3.22848e+10,1.46195e+11
8.9856e+06,546426,364563,-3.23895e+10,1.46172e+11
8.9892e+06,546741,364954,-3.24943e+10,1.46149e+11
8.9928e+06,547055,365346,-3.2599e+10,1.46126e+11
8.9964e+06,547369,365738,-3.27037e+10,1.46102e+11
9e+06,547684,366130,-3.28084e+10,1.46079e+11
9.0036e+06,547998,366522,-3.29131e+10,1.46056e+11
9.0072e+06,548312,366914,-3.30177e+10,1.46032e+11
9.0108e+06,548626,367307,-3.31224e+10,1.46008e+11
9.0144e+06,548941,367700,-3.3227e+10,1.45985e+11
9.018e+06,549255,368093,-3.33316e+10,1.45961e+11
9.0216e+06,549569,368486,-3.34362e+10,1.45937e+11
9.0252e+06,549883,368880,-3.35407e+10,1.45913e+11
9.0288e+06,550196,369274,-3.36453e+10,1.45889e+11
9.0324e+06,550510,369668,-3.37498e+10,1.45865e+11
9.036e+06,550824,370062,-3.38543e+10,1.45841e+11
9.0396e+06,551138,370457,-3.39588e+10,1.45817e+11
9.0432e+06,551452,370851,-3.40633e+10,1.45793e+11
9.0468e+06,551765,371246,-3.41678e+10,1.45769e+11
9.0504e+06,552079,371641,-3.42722e+10,1.45744e+11
9.054e+06,552392,372037,-3.43767e+10,1.4572e+11
9.0576e+06,552706,372432,-3.44811e+10,1.45695e+11
9.0612e+06,553019,372828,-3.45855e+10,1.45671e+11
9.0648e+06,553333,373224,-3.46898e+10,1.45646e+11
9.0684e+06,553646,373621,-3.47942e+10,1.45621e+11
9.072e+06,553959,374017,-3.48986e+10,1.45596e+11
9.0756e+06,554273,374414,-3.50029e+10,1.45571e+11
9.0792e+06,554586,374811,-3.51072e+10,1.45546e+11
9.0828e+06,554899,375208,-3.52115e+10,1.45521e+11
9.0864e+06,555212,375605,-3.53157e+10,1.45496e+11
9.09e+06,555525,376003,-3.542e+10,1.45471e+11
9.0936e+06,555838,376401,-3.55242e+10,1.45446e+11
9.0972e+06,556151,376799,-3.56284e+10,1.4542e+11
9.1008e+06,556464,377197,-3.57326e+10,1.45395e+11
9.1044e+06,556777,377596,-3.58368e+10,1.45369e+11
9.108e+06,557089,377994,-3.5941e+10,1.45344e+11
9.1116e+06,557402,378393,-3.60451e+10,1.45318e+11
9.1152e+06,557715,378793,-3.61493e+10,1.45292e+11
9.1188e+06,558027,379192,-3.62534e+10,1.45266e+11
9.1224e+06,558340,379592,-3.63574e+10,1.4524e+11
9.126e+06,558652,379992,-3.64615e+10,1.45214e+11
9.1296e+06,558965,380392,-3.65656e+10,1.45188e+11
9.1332e+06,559277,380792,-3.66696e+10,1.45162e+11
9.1368e+06,559589,381192,-3.67736e+10,1.45136e+11
9.1404e+06,559902,381593,-3.68776e+10,1.4511e+11
9.144e+06,560214,381994,-3.69816e+10,1.45084e+11
9.1476e+06,560526,382395,-3.70855e+10,1.45057e+11
9.1512e+06,560838,382797,-3.71895e+10,1.45031e+11
9.1548e+06,561150,383198,-3.72934e+10,1.45004e+11
9.1584e+06,561462,383600,-3.73973e+10,1.44977e+11
9.162e+06,561774,384002,-3.75012e+10,1.44951e+11
9.1656e+06,562086,384405,-3.7605e+10,1.44924e+11
9.1692e+06,562397,384807,-3.77089e+10,1.44897e+11
9.1728e+06,562709,385210,-3.78127e+10,1.4487e+11
9.1764e+06,563021,385613,-3.79165e+10,1.44843e+11
9.18e+06,563332,386016,-3.80203e+10,1.44816e+11
9.1836e+06,563644,386420,-3.8124e+10,1.44789e+11
9.1872e+06,563956,386823,-3.82278e+10,1.44762e+11
9.1908e+06,564267,387227,-3.83315e+10,1.44734e+11
9.1944e+06,564578,387631,-3.84352e+10,1.44707e+11
9.198e+06,564890,388036,-3.85389e+10,1.4468e+11
9.2016e+06,565201,388440,-3.86426e+10,1.44652e+11
9.2052e+06,565512,388845,-3.87462e+10,1.44624e+11
9.2088e+06,565823,389250,-3.88498e+10,1.44597e+11
9.2124e+06,566134,389655,-3.89535e+10,1.44569e+11
9.216e+06,566445,390061,-3.9057e+10,1.44541e+11
9.2196e+06,566756,390466,-3.91606e+10,1.44513e+11
9.2232e+06,567067,390872,-3.92642e+10,1.44485e+11
9.2268e+06,567378,391278,-3.93677e+10,1.44457e+11
9.2304e+06,567689,391685,-3.94712e+10,1.44429e+11
9.234e+06,568000,392091,-3.95747e+10,1.44401e+11
9.2376e+06,568310,392498,-3.96781e+10,1.44373e+11
9.2412e+06,568621,392905,-3.97816e+10,1.44344e+11
9.2448e+06,568931,393312,-3.9885e+10,1.44316e+11
9.2484e+06,569242,393720,-3.99884e+10,1.44287e+11
9.252e+06,569552,394127,-4.00918e+10,1.44259e+11
9.2556e+06,569863,394535,-4.01952e+10,1.4423e+11
9.2592e+06,570173,394943,-4.02985e+10,1.44201e+11
9.2628e+06,570483,395352,-4.04018e+10,1.44173e+11
9.2664e+06,570793,395760,-4.05051e+10,1.44144e+11
9.27e+06,571103,396169,-4.06084e+10,1.44115e+11
9.2736e+06,571413,396578,-4.07117e+10,1.44086e+11
9.2772e+06,571723,396987,-4.08149e+10,1.44057e+11
9.2808e+06,572033,397397,-4.09181e+10,1.44028e+11
9.2844e+06,572343,397806,-4.10213e+10,1.43998e+11
9.288e+06,572653,398216,-4.11245e+10,1.43969e+11
9.2916e+06,572963,398626,-4.12277e+10,1.4394e+11
9.2952e+06,573272,399037,-4.13308e+10,1.4391e+11
9.2988e+06,573582,399447,-4.14339e+10,1.43881e+11
9.3024e+06,573892,399858,-4.1537e+10,1.43851e+11
9.306e+06,574201,400269,-4.16401e+10,1.43821e+11
9.3096e+06,574510,400680,-4.17431e+10,1.43792e+11
9.3132e+06,574820,401091,-4.18462e+10,1.43762e+11
9.3168e+06,575129,401503,-4.19492e+10,1.43732e+11
9.3204e+06,575438,401915,-4.20522e+10,1.43702e+11
9.324e+06,575747,402327,-4.21551e+10,1.43672e+11
9.3276e+06,576057,402739,-4.22581e+10,1.43642e+11
9.3312e+06,576366,403152,-4.2361e+10,1.43612e+11
9.3348e+06,576675,403565,-4.24639e+10,1.43581e+11
9.3384e+06,576983,403978,-4.25668e+10,1.43551e+11
9.342e+06,577292,404391,-4.26696e+10,1.43521e+11
9.3456e+06,577601,404804,-4.27725e+10,1.4349e+11
9.3492e+06,577910,405218,-4.28753e+10,1.4346e+11
9.3528e+06,578218,405632,-4.29781e+10,1.43429e+11
9.3564e+06,578527,406046,-4.30808e+10,1.43398e+11
9.36e+06,578835,406460,-4.31836e+10,1.43367e+11
9.3636e+06,579144,406875,-4.32863e+10,1.43337e+11
9.3672e+06,579452,407289,-4.3389e+10,1.43306e+11
9.3708e+06,579760,407704,-4.34917e+10,1.43275e+11
9.3744e+06,580069,408120,-4.35944e+10,1.43244e+11
9.378e+06,580377,408535,-4.3697e+10,1.43213e+11
9.3816e+06,580685,408951,-4.37996e+10,1.43181e+11
9.3852e+06,580993,409367,-4.39022e+10,1.4315e+11
9.3888e+06,581301,409783,-4.40048e+10,1.43119e+11
9.3924e+06,581609,410199,-4.41073e+10,1.43087e+11
9.396e+06,581917,410615,-4.42098e+10,1.43056e+11
9.3996e+06,582224,411032,-4.43123e+10,1.43024e+11
9.4032e+06,582532,411449,-4.44148e+10,1.42992e+11
9.4068e+06,582840,411866,-4.45173e+10,1.42961e+11
9.4104e+06,583147,412284,-4.46197e+10,1.42929e+11
9.414e+06,583455,412701,-4.47221e+10,1.42897e+11
9.4176e+06,583762,413119,-4.48245e+10,1.42865e+11
9.4212e+06,584070,413537,-4.49269e+10,1.42833e+11
9.4248e+06,584377,413955,-4.50292e+10,1.42801e+11
9.4284e+06,584684,414374,-4.51315e+10,1.42769e+11
9.432e+06,584991,414793,-4.52338e+10,1.42737e+11
9.4356e+06,585298,415212,-4.53361e+10,1.42704e+11
9.4392e+06,585605,415631,-4.54383e+10,1.42672e+11
9.4428e+06,585912,416050,-4.55406e+10,1.42639e+11
9.4464e+06,586219,416470,-4.56428e+10,1.42607e+11
9.45e+06,586526,416889,-4.5745e+10,1.42574e+11
9.4536e+06,586833,417309,-4.58471e+10,1.42542e+11
9.4572e+06,587139,417730,-4.59492e+10,1.42509e+11
9.4608e+06,587446,418150,-4.60514e+10,1.42476e+11
9.4644e+06,587752,418571,-4.61534e+10,1.42443e+11
9.468e+06,588059,418992,-4.62555e+10,1.4241e+11
9.4716e+06,588365,419413,-4.63575e+10,1.42377e+11
9.4752e+06,588672,419834,-4.64596e+10,1.42344e+11
9.4788e+06,588978,420256,-4.65615e+10,1.42311e+11
9.4824e+06,589284,420678,-4.66635e+10,1.42277e+11
9.486e+06,589590,421100,-4.67655e+10,1.42244e+11
9.4896e+06,589896,421522,-4.68674e+10,1.42211e+11
9.4932e+06,590202,421944,-4.69693e+10,1.42177e+11
9.4968e+06,590508,422367,-4.70711e+10,1.42144e+11
9.5004e+06,590814,422790,-4.7173e+10,1.4211e+11
9.504e+06,591119,423213,-4.72748e+10,1.42076e+11
9.5076e+06,591425,423636,-4.73766e+10,1.42043e+11
9.5112e+06,591731,424060,-4.74784e+10,1.42009e+11
9.5148e+06,592036,424483,-4.75801e+10,1.41975e+11
9.5184e+06,592342,424907,-4.76819e+10,1.41941e+11
9.522e+06,592647,425332,-4.77836e+10,1.41907e+11
9.5256e+06,592952,425756,-4.78852e+10,1.41873e+11
9.5292e+06,593257,426181,-4.79869e+10,1.41838e+11
9.5328e+06,593563,426605,-4.80885e+10,1.41804e+11
9.5364e+06,593868,427030,-4.81901e+10,1.4177e+11
9.54e+06,594173,427456,-4.82917e+10,1.41735e+11
9.5436e+06,594477,427881,-4.83933e+10,1.41701e+11
9.5472e+06,594782,428307,-4.84948e+10,1.41666e+11
9.5508e+06,595087,428733,-4.85963e+10,1.41632e+11
9.5544e+06,595392,429159,-4.86978e+10,1.41597e+11
9.558e+06,595696,429585,-4.87992e+10,1.41562e+11
9.5616e+06,596001,430012,-4.89007e+10,1.41527e+11
9.5652e+06,596305,430439,-4.90021e+10,1.41492e+11
9.5688e+06,596610,430866,-4.91034e+10,1.41457e+11
9.5724e+06,596914,431293,-4.92048e+10,1.41422e+11
9.576e+06,597218,431721,-4.93061e+10,1.41387e+11
9.5796e+06,597523,432148,-4.94074e+10,1.41352e+11
9.5832e+06,597827,432576,-4.95087e+10,1.41316e+11
9.5868e+06,598131,433004,-4.961e+10,1.41281e+11
9.5904e+06,598435,433433,-4.97112e+10,1.41246e+11
9.594e+06,598738,433861,-4.98124e+10,1.4121e+11
9.5976e+06,599042,434290,-4.99136e+10,1.41174e+11
9.6012e+06,599346,434719,-5.00147e+10,1.41139e+11
9.6048e+06,599650,435148,-5.01158e+10,1.41103e+11
9.6084e+06,599953,435577,-5.02169e+10,1.41067e+11
9.612e+06,600257,436007,-5.0318e+10,1.41031e+11
9.6156e+06,600560,436437,-5.04191e+10,1.40995e+11
9.6192e+06,600863,436867,-5.05201e+10,1.40959e+11
9.6228e+06,601167,437297,-5.06211e+10,1.40923e+11
9.6264e+06,601470,437728,-5.07221e+10,1.40887e+11
9.63e+06,601773,438158,-5.0823e+10,1.40851e+11
9.6336e+06,602076,438589,-5.09239e+10,1.40815e+11
9.6372e+06,602379,439021,-5.10248e+10,1.40778e+11
9.6408e+06,602682,439452,-5.11257e+10,1.40742e+11
9.6444e+06,602984,439883,-5.12265e+10,1.40705e+11
9.648e+06,603287,440315,-5.13273e+10,1.40669e+11
9.6516e+06,603590,440747,-5.14281e+10,1.40632e+11
9.6552e+06,603892,441180,-5.15289e+10,1.40595e+11
9.6588e+06,604195,441612,-5.16296e+10,1.40558e+11
9.6624e+06,604497,442045,-5.17303e+10,1.40521e+11
9.666e+06,604799,442477,-5.1831e+10,1.40484e+11
9.6696e+06,605102,442911,-5.19317e+10,1.40447e+11
9.6732e+06,605404,443344,-5.20323e+10,1.4041e+11
9.6768e+06,605706,443777,-5.21329e+10,1.40373e+11
9.6804e+06,606008,444211,-5.22335e+10,1.40336e+11
9.684e+06,606310,444645,-5.23341e+10,1.40299e+11
9.6876e+06,606612,445079,-5.24346e+10,1.40261e+11
9.6912e+06,606913,445514,-5.25351e+10,1.40224e+11
9.6948e+06,607215,445948,-5.26355e+10,1.40186e+11
9.6984e+06,607517,446383,-5.2736e+10,1.40149e+11
9.702e+06,607818,446818,-5.28364e+10,1.40111e+11
9.7056e+06,608120,447253,-5.29368e+10,1.40073e+11
9.7092e+06,608421,447689,-5.30372e+10,1.40035e+11
9.7128e+06,608722,448125,-5.31375e+10,1.39997e+11
9.7164e+06,609023,448560,-5.32378e+10,1.39959e+11
9.72e+06,609324,448997,-5.33381e+10,1.39921e+11
9.7236e+06,609625,449433,-5.34383e+10,1.39883e+11
9.7272e+06,609926,449869,-5.35386e+10,1.39845e+11
9.7308e+06,610227,450306,-5.36388e+10,1.39807e+11
9.7344e+06,610528,450743,-5.37389e+10,1.39768e+11
9.738e+06,610829,451180,-5.38391e+10,1.3973e+11
9.7416e+06,611129,451618,-5.39392e+10,1.39692e+11
9.7452e+06,611430,452055,-5.40393e+10,1.39653e+11
9.7488e+06,611730,452493,-5.41393e+10,1.39614e+11
9.7524e+06,612031,452931,-5.42394e+10,1.39576e+11
9.756e+06,612331,453370,-5.43394e+10,1.39537e+11
9.7596e+06,612631,453808,-5.44394e+10,1.39498e+11
9.7632e+06,612931,454247,-5.45393e+10,1.39459e+11
9.7668e+06,613231,454686,-5.46392e+10,1.3942e+11
9.7704e+06,613531,455125,-5.47391e+10,1.39381e+11
9.774e+06,613831,455564,-5.4839e+10,1.39342e+11
9.7776e+06,614131,456004,-5.49388e+10,1.39303e+11
9.7812e+06,614430,456443,-5.50386e+10,1.39264e+11
9.7848e+06,614730,456883,-5.51384e+10,1.39224e+11
9.7884e+06,615029,457324,-5.52382e+10,1.39185e+11
9.792e+06,615329,457764,-5.53379e+10,1.39145e+11
9.7956e+06,615628,458205,-5.54376e+10,1.39106e+11
9.7992e+06,615927,458646,-5.55373e+10,1.39066e+11
9.8028e+06,616227,459087,-5.56369e+10,1.39027e+11
9.8064e+06,616526,459528,-5.57365e+10,1.38987e+11
9.81e+06,616825,459969,-5.58361e+10,1.38947e+11
9.8136e+06,617124,460411,-5.59356e+10,1.38907e+11
9.8172e+06,617422,460853,-5.60352e+10,1.38867e+11
9.8208e+06,617721,461295,-5.61347e+10,1.38827e+11
9.8244e+06,618020,461737,-5.62341e+10,1.38787e+11
9.828e+06,618318,462180,-5.63336e+10,1.38747e+11
9.8316e+06,618617,462623,-5.6433e+10,1.38707e+11
9.8352e+06,618915,463066,-5.65324e+10,1.38666e+11
9.8388e+06,619214,463509,-5.66317e+10,1.38626e+11
9.8424e+06,619512,463952,-5.67311e+10,1.38585e+11
9.846e+06,619810,464396,-5.68303e+10,1.38545e+11
9.8496e+06,620108,464840,-5.69296e+10,1.38504e+11
9.8532e+06,620406,465284,-5.70289e+10,1.38464e+11
9.8568e+06,620704,465728,-5.71281e+10,1.38423e+11
9.8604e+06,621002,466172,-5.72272e+10,1.38382e+11
9.864e+06,621299,466617,-5.73264e+10,1.38341e+11
9.8676e+06,621597,467062,-5.74255e+10,1.383e+11
9.8712e+06,621894,467507,-5.75246e+10,1.38259e+11
9.8748e+06,622192,467952,-5.76237e+10,1.38218e+11
9.8784e+06,622489,468398,-5.77227e+10,1.38177e+11
9.882e+06,622787,468844,-5.78217e+10,1.38136e+11
9.8856e+06,623084,469290,-5.79207e+10,1.38094e+11
9.8892e+06,623381,469736,-5.80196e+10,1.38053e+11
9.8928e+06,623678,470182,-5.81185e+10,1.38011e+11
9.8964e+06,623975,470629,-5.82174e+10,1.3797e+11
9.9e+06,624271,471076,-5.83163e+10,1.37928e+11
9.9036e+06,624568,471523,-5.84151e+10,1.37887e+11
9.9072e+06,624865,471970,-5.85139e+10,1.37845e+11
9.9108e+06,625161,472417,-5.86126e+10,1.37803e+11
9.9144e+06,625458,472865,-5.87114e+10,1.37761e+11
9.918e+06,625754,473313,-5.88101e+10,1.37719e+11
9.9216e+06,626050,473761,-5.89088e+10,1.37677e+11
9.9252e+06,626347,474209,-5.90074e+10,1.37635e+11
9.9288e+06,626643,474658,-5.9106e+10,1.37593e+11
9.9324e+06,626939,475106,-5.92046e+10,1.37551e+11
9.936e+06,627235,475555,-5.93032e+10,1.37508e+11
9.9396e+06,627530,476005,-5.94017e+10,1.37466e+11
9.9432e+06,627826,476454,-5.95002e+10,1.37423e+11
9.9468e+06,628122,476903,-5.95986e+10,1.37381e+11
9.9504e+06,628417,477353,-5.96971e+10,1.37338e+11
9.954e+06,628713,477803,-5.97955e+10,1.37296e+11
9.9576e+06,629008,478253,-5.98938e+10,1.37253e+11
9.9612e+06,629303,478704,-5.99922e+10,1.3721e+11
9.9648e+06,629599,479154,-6.00905e+10,1.37167e+11
9.9684e+06,629894,479605,-6.01888e+10,1.37124e+11
9.972e+06,630189,480056,-6.0287e+10,1.37081e+11
9.9756e+06,630484,480508,-6.03852e+10,1.37038e+11
9.9792e+06,630778,480959,-6.04834e+10,1.36995e+11
9.9828e+06,631073,481411,-6.05816e+10,1.36952e+11
9.9864e+06,631368,481863,-6.06797e+10,1.36909e+11
9.99e+06,631662,482315,-6.07778e+10,1.36865e+11
9.9936e+06,631957,482767,-6.08759e+10,1.36822e+11
9.9972e+06,632251,483220,-6.09739e+10,1.36778e+11
1.00008e+07,632545,483672,-6.10719e+10,1.36735e+11
1.00044e+07,632839,484125,-6.11699e+10,1.36691e+11
1.0008e+07,633133,484578,-6.12678e+10,1.36647e+11
1.00116e+07,633427,485032,-6.13657e+10,1.36604e+11
1.00152e+07,633721,485485,-6.14636e+10,1.3656e+11
1.00188e+07,634015,485939,-6.15614e+10,1.36516e+11
1.00224e+07,634309,486393,-6.16592e+10,1.36472e+11
1.0026e+07,634602,486847,-6.1757e+10,1.36428e+11
1.00296e+07,634896,487302,-6.18548e+10,1.36384e+11
1.00332e+07,635189,487756,-6.19525e+10,1.36339e+11
1.00368e+07,635483,488211,-6.20502e+10,1.36295e+11
1.00404e+07,635776,488666,-6.21478e+10,1.36251e+11
1.0044e+07,636069,489121,-6.22454e+10,1.36206e+11
1.00476e+07,636362,489577,-6.2343e+10,1.36162e+11
1.00512e+07,636655,490032,-6.24406e+10,1.36117e+11
1.00548e+07,636948,490488,-6.25381e+10,1.36073e+11
1.00584e+07,637240,490944,-6.26356e+10,1.36028e+11
1.0062e+07,637533,491401,-6.27331e+10,1.35983e+11
1.00656e+07,637825,491857,-6.28305e+10,1.35938e+11
1.00692e+07,638118,492314,-6.29279e+10,1.35894e+11
1.00728e+07,638410,492771,-6.30253e+10,1.35849e+11
1.00764e+07,638703,493228,-6.31226e+10,1.35804e+11
1.008e+07,638995,493685,-6.32199e+10,1.35758e+11
1.00836e+07,639287,494143,-6.33172e+10,1.35713e+11
1.00872e+07,639579,494601,-6.34144e+10,1.35668e+11
1.00908e+07,639871,495059,-6.35116e+10,1.35623e+11
1.00944e+07,640162,495517,-6.36088e+10,1.35577e+11
1.0098e+07,640454,495975,-6.37059e+10,1.35532e+11
1.01016e+07,640746,496434,-6.3803e+10,1.35486e+11
1.01052e+07,641037,496893,-6.39001e+10,1.35441e+11
1.01088e+07,641328,497352,-6.39971e+10,1.35395e+11
1.01124e+07,641620,497811,-6.40941e+10,1.35349e+11
1.0116e+07,641911,498270,-6.41911e+10,1.35303e+11
1.01196e+07,642202,498730,-6.42881e+10,1.35258e+11
1.01232e+07,642493,499190,-6.4385e+10,1.35212e+11
1.01268e+07,642784,499650,-6.44818e+10,1.35166e+11
1.01304e+07,643074,500110,-6.45787e+10,1.3512e+11
1.0134e+07,643365,500570,-6.46755e+10,1.35073e+11
1.01376e+07,643656,501031,-6.47723e+10,1.35027e+11
1.01412e+07,643946,501492,-6.4869e+10,1.34981e+11
1.01448e+07,644237,501953,-6.49657e+10,1.34935e+11
1.01484e+07,644527,502414,-6.50624e+10,1.34888e+11
1.0152e+07,644817,502876,-6.51591e+10,1.34842e+11
1.01556e+07,645107,503338,-6.52557e+10,1.34795e+11
1.01592e+07,645397,503799,-6.53522e+10,1.34748e+11
1.01628e+07,645687,504262,-6.54488e+10,1.34702e+11
1.01664e+07,645977,504724,-6.55453e+10,1.34655e+11
1.017e+07,646266,505186,-6.56418e+10,1.34608e+11
1.01736e+07,646556,505649,-6.57382e+10,1.34561e+11
1.01772e+07,646845,506112,-6.58346e+10,1.34514e+11
1.01808e+07,647135,506575,-6.5931e+10,1.34467e+11
1.01844e+07,647424,507039,-6.60274e+10,1.3442e+11
1.0188e+07,647713,507502,-6.61237e+10,1.34373e+11
1.01916e+07,648002,507966,-6.62199e+10,1.34326e+11
1.01952e+07,648291,508430,-6.63162e+10,1.34278e+11
1.01988e+07,648580,508894,-6.64124e+10,1.34231e+11
1.02024e+07,648869,509359,-6.65086e+10,1.34183e+11
1.0206e+07,649158,509823,-6.66047e+10,1.34136e+11
1.02096e+07,649446,510288,-6.67008e+10,1.34088e+11
1.02132e+07,649735,510753,-6.67969e+10,1.34041e+11
1.02168e+07,650023,511218,-6.68929e+10,1.33993e+11
1.02204e+07,650311,511684,-6.69889e+10,1.33945e+11
1.0224e+07,650599,512149,-6.70849e+10,1.33897e+11
1.02276e+07,650887,512615,-6.71808e+10,1.33849e+11
1.02312e+07,651175,513081,-6.72767e+10,1.33801e+11
1.02348e+07,651463,513548,-6.73726e+10,1.33753e+11
1.02384e+07,651751,514014,-6.74684e+10,1.33705e+11
1.0242e+07,652039,514481,-6.75642e+10,1.33657e+11
1.02456e+07,652326,514948,-6.766e+10,1.33609e+11
1.02492e+07,652614,515415,-6.77557e+10,1.3356e+11
1.02528e+07,652901,515882,-6.78514e+10,1.33512e+11
1.02564e+07,653188,516349,-6.79471e+10,1.33463e+11
1.026e+07,653475,516817,-6.80427e+10,1.33415e+11
1.02636e+07,653762,517285,-6.81383e+10,1.33366e+11
1.02672e+07,654049,517753,-6.82338e+10,1.33317e+11
1.02708e+07,654336,518221,-6.83293e+10,1.33269e+11
1.02744e+07,654623,518690,-6.84248e+10,1.3322e+11
1.0278e+07,654909,519159,-6.85203e+10,1.33171e+11
1.02816e+07,655196,519628,-6.86157e+10,1.33122e+11
1.02852e+07,655482,520097,-6.87111e+10,1.33073e+11
1.02888e+07,655768,520566,-6.88064e+10,1.33024e+11
1.02924e+07,656054,521036,-6.89017e+10,1.32975e+11
1.0296e+07,656341,521505,-6.8997e+10,1.32925e+11
1.02996e+07,656626,521975,-6.90922e+10,1.32876e+11
1.03032e+07,656912,522445,-6.91874e+10,1.32827e+11
1.03068e+07,657198,522916,-6.92826e+10,1.32777e+11
1.03104e+07,657484,523386,-6.93777e+10,1.32728e+11
1.0314e+07,657769,523857,-6.94728e+10,1.32678e+11
1.03176e+07,658055,524328,-6.95679e+10,1.32628e+11
1.03212e+07,658340,524799,-6.96629e+10,1.32579e+11
1.03248e+07,658625,525271,-6.97579e+10,1.32529e+11
1.03284e+07,658910,525742,-6.98529e+10,1.32479e+11
1.0332e+07,659195,526214,-6.99478e+10,1.32429e+11
1.03356e+07,659480,526686,-7.00427e+10,1.32379e+11
1.03392e+07,659765,527158,-7.01375e+10,1.32329e+11
1.03428e+07,660050,527631,-7.02323e+10,1.32279e+11
1.03464e+07,660334,528103,-7.03271e+10,1.32229e+11
1.035e+07,660619,528576,-7.04218e+10,1.32179e+11
1.03536e+07,660903,529049,-7.05165e+10,1.32128e+11
1.03572e+07,661187,529522,-7.06112e+10,1.32078e+11
1.03608e+07,661471,529996,-7.07058e+10,1.32027e+11
1.03644e+07,661755,530469,-7.08004e+10,1.31977e+11
1.0368e+07,662039,530943,-7.0895e+10,1.31926e+11
1.03716e+07,662323,531417,-7.09895e+10,1.31876e+11
1.03752e+07,662607,531891,-7.1084e+10,1.31825e+11
1.03788e+07,662890,532366,-7.11785e+10,1.31774e+11
1.03824e+07,663174,532840,-7.12729e+10,1.31723e+11
1.0386e+07,663457,533315,-7.13672e+10,1.31672e+11
1.03896e+07,663740,533790,-7.14616e+10,1.31621e+11
1.03932e+07,664024,534265,-7.15559e+10,1.3157e+11
1.03968e+07,664307,534741,-7.16502e+10,1.31519e+11
1.04004e+07,664590,535216,-7.17444e+10,1.31468e+11
1.0404e+07,664872,535692,-7.18386e+10,1.31417e+11
1.04076e+07,665155,536168,-7.19327e+10,1.31365e+11
1.04112e+07,665438,536645,-7.20269e+10,1.31314e+11
1.04148e+07,665720,537121,-7.21209e+10,1.31262e+11
1.04184e+07,666003,537598,-7.2215e+10,1.31211e+11
1.0422e+07,666285,538075,-7.2309e+10,1.31159e+11
1.04256e+07,666567,538552,-7.2403e+10,1.31107e+11
1.04292e+07,666849,539029,-7.24969e+10,1.31056e+11
1.04328e+07,667131,539506,-7.25908e+10,1.31004e+11
1.04364e+07,667413,539984,-7.26847e+10,1.30952e+11
1.044e+07,667694,540462,-7.27785e+10,1.309e+11
1.04436e+07,667976,540940,-7.28723e+10,1.30848e+11
1.04472e+07,668258,541418,-7.2966e+10,1.30796e+11
1.04508e+07,668539,541897,-7.30597e+10,1.30744e+11
1.04544e+07,668820,542375,-7.31534e+10,1.30692e+11
1.0458e+07,669101,542854,-7.32471e+10,1.30639e+11
1.04616e+07,669382,543333,-7.33407e+10,1.30587e+11
1.04652e+07,669663,543813,-7.34342e+10,1.30535e+11
1.04688e+07,669944,544292,-7.35277e+10,1.30482e+11
1.04724e+07,670225,544772,-7.36212e+10,1.3043e+11
1.0476e+07,670505,545252,-7.37147e+10,1.30377e+11
1.04796e+07,670786,545732,-7.38081e+10,1.30324e+11
1.04832e+07,671066,546212,-7.39015e+10,1.30272e+11
1.04868e+07,671346,546692,-7.39948e+10,1.30219e+11
1.04904e+07,671627,547173,-7.40881e+10,1.30166e+11
1.0494e+07,671907,547654,-7.41814e+10,1.30113e+11
1.04976e+07,672187,548135,-7.42746e+10,1.3006e+11
1.05012e+07,672466,548616,-7.43678e+10,1.30007e+11
1.05048e+07,672746,549098,-7.44609e+10,1.29954e+11
1.05084e+07,673026,549579,-7.4554e+10,1.299e+11
1.0512e+07,673305,550061,-7.46471e+10,1.29847e+11
1.05156e+07,673584,550543,-7.47401e+10,1.29794e+11
1.05192e+07,673864,551026,-7.48331e+10,1.2974e+11
1.05228e+07,674143,551508,-7.49261e+10,1.29687e+11
1.05264e+07,674422,551991,-7.5019e+10,1.29633e+11
1.053e+07,674701,552474,-7.51119e+10,1.2958e+11
1.05336e+07,674979,552957,-7.52047e+10,1.29526e+11
1.05372e+07,675258,553440,-7.52975e+10,1.29472e+11
1.05408e+07,675536,553923,-7.53903e+10,1.29418e+11
1.05444e+07,675815,554407,-7.5483e+10,1.29365e+11
1.0548e+07,676093,554891,-7.55757e+10,1.29311e+11
1.05516e+07,676371,555375,-7.56683e+10,1.29257e+11
1.05552e+07,676649,555859,-7.57609e+10,1.29203e+11
1.05588e+07,676927,556344,-7.58535e+10,1.29148e+11
1.05624e+07,677205,556828,-7.59461e+10,1.29094e+11
1.0566e+07,677483,557313,-7.60385e+10,1.2904e+11
1.05696e+07,677760,557798,-7.6131e+10,1.28986e+11
1.05732e+07,678038,558284,-7.62234e+10,1.28931e+11
1.05768e+07,678315,558769,-7.63158e+10,1.28877e+11
1.05804e+07,678593,559255,-7.64081e+10,1.28822e+11
1.0584e+07,678870,559741,-7.65004e+10,1.28768e+11
1.05876e+07,679147,560227,-7.65927e+10,1.28713e+11
1.05912e+07,679424,560713,-7.66849e+10,1.28658e+11
1.05948e+07,679700,561199,-7.67771e+10,1.28603e+11
1.05984e+07,679977,561686,-7.68692e+10,1.28548e+11
1.0602e+07,680254,562173,-7.69613e+10,1.28494e+11
1.06056e+07,680530,562660,-7.70534e+10,1.28439e+11
1.06092e+07,680806,563147,-7.71454e+10,1.28383e+11
1.06128e+07,681082,563635,-7.72374e+10,1.28328e+11
1.06164e+07,681358,564122,-7.73293e+10,1.28273e+11
1.062e+07,681634,564610,-7.74212e+10,1.28218e+11
1.06236e+07,681910,565098,-7.75131e+10,1.28163e+11
1.06272e+07,682186,565586,-7.76049e+10,1.28107e+11
1.06308e+07,682462,566075,-7.76967e+10,1.28052e+11
1.06344e+07,682737,566563,-7.77885e+10,1.27996e+11
1.0638e+07,683012,567052,-7.78802e+10,1.27941e+11
1.06416e+07,683288,567541,-7.79718e+10,1.27885e+11
1.06452e+07,683563,568030,-7.80635e+10,1.27829e+11
1.06488e+07,683838,568520,-7.81551e+10,1.27773e+11
1.06524e+07,684113,569009,-7.82466e+10,1.27718e+11
1.0656e+07,684387,569499,-7.83381e+10,1.27662e+11
1.06596e+07,684662,569989,-7.84296e+10,1.27606e+11
1.06632e+07,684936,570479,-7.8521e+10,1.2755e+11
1.06668e+07,685211,570970,-7.86124e+10,1.27493e+11
1.06704e+07,685485,571460,-7.87037e+10,1.27437e+11
1.0674e+07,685759,571951,-7.8795e+10,1.27381e+11
1.06776e+07,686033,572442,-7.88863e+10,1.27325e+11
1.06812e+07,686307,572933,-7.89775e+10,1.27268e+11
1.06848e+07,686581,573425,-7.90687e+10,1.27212e+11
1.06884e+07,686855,573916,-7.91599e+10,1.27155e+11
1.0692e+07,687128,574408,-7.9251e+10,1.27099e+11
1.06956e+07,687402,574900,-7.9342e+10,1.27042e+11
1.06992e+07,687675,575392,-7.9433e+10,1.26985e+11
1.07028e+07,687948,575884,-7.9524e+10,1.26929e+11
1.07064e+07,688221,576377,-7.9615e+10,1.26872e+11
1.071e+07,688494,576870,-7.97059e+10,1.26815e+11
1.07136e+07,688767,577363,-7.97967e+10,1.26758e+11
1.07172e+07,689040,577856,-7.98876e+10,1.26701e+11
1.07208e+07,689312,578349,-7.99783e+10,1.26644e+11
1.07244e+07,689585,578842,-8.00691e+10,1.26587e+11
1.0728e+07,689857,579336,-8.01598e+10,1.26529e+11
1.07316e+07,690129,579830,-8.02504e+10,1.26472e+11
1.07352e+07,690401,580324,-8.0341e+10,1.26415e+11
1.07388e+07,690673,580818,-8.04316e+10,1.26357e+11
1.07424e+07,690945,581313,-8.05221e+10,1.263e+11
1.0746e+07,691217,581808,-8.06126e+10,1.26242e+11
1.07496e+07,691488,582303,-8.07031e+10,1.26185e+11
1.07532e+07,691760,582798,-8.07935e+10,1.26127e+11
1.07568e+07,692031,583293,-8.08839e+10,1.26069e+11
1.07604e+07,692302,583788,-8.09742e+10,1.26012e+11
1.0764e+07,692573,584284,-8.10645e+10,1.25954e+11
1.07676e+07,692844,584780,-8.11547e+10,1.25896e+11
1.07712e+07,693115,585276,-8.12449e+10,1.25838e+11
1.07748e+07,693386,585772,-8.13351e+10,1.2578e+11
1.07784e+07,693656,586268,-8.14252e+10,1.25722e+11
1.0782e+07,693927,586765,-8.15153e+10,1.25663e+11
1.07856e+07,694197,587262,-8.16053e+10,1.25605e+11
1.07892e+07,694467,587759,-8.16953e+10,1.25547e+11
1.07928e+07,694737,588256,-8.17852e+10,1.25488e+11
1.07964e+07,695007,588753,-8.18752e+10,1.2543e+11
1.08e+07,695277,589251,-8.1965e+10,1.25371e+11
1.08036e+07,695547,589749,-8.20549e+10,1.25313e+11
1.08072e+07,695816,590247,-8.21446e+10,1.25254e+11
1.08108e+07,696086,590745,-8.22344e+10,1.25195e+11
1.08144e+07,696355,591243,-8.23241e+10,1.25137e+11
1.0818e+07,696624,591742,-8.24137e+10,1.25078e+11
1.08216e+07,696894,592241,-8.25034e+10,1.25019e+11
1.08252e+07,697162,592740,-8.25929e+10,1.2496e+11
1.08288e+07,697431,593239,-8.26825e+10,1.24901e+11
1.08324e+07,697700,593738,-8.27719e+10,1.24842e+11
1.0836e+07,697969,594237,-8.28614e+10,1.24783e+11
1.08396e+07,698237,594737,-8.29508e+10,1.24724e+11
1.08432e+07,698505,595237,-8.30402e+10,1.24664e+11
1.08468e+07,698773,595737,-8.31295e+10,1.24605e+11
1.08504e+07,699042,596237,-8.32188e+10,1.24546e+11
1.0854e+07,699309,596738,-8.3308e+10,1.24486e+11
1.08576e+07,699577,597239,-8.33972e+10,1.24426e+11
1.08612e+07,699845,597739,-8.34863e+10,1.24367e+11
1.08648e+07,700112,598240,-8.35754e+10,1.24307e+11
1.08684e+07,700380,598742,-8.36645e+10,1.24247e+11
1.0872e+07,700647,599243,-8.37535e+10,1.24188e+11
1.08756e+07,700914,599745,-8.38425e+10,1.24128e+11
1.08792e+07,701181,600246,-8.39314e+10,1.24068e+11
1.08828e+07,701448,600748,-8.40203e+10,1.24008e+11
1.08864e+07,701715,601251,-8.41092e+10,1.23948e+11
1.089e+07,701982,601753,-8.4198e+10,1.23888e+11
1.08936e+07,702248,602256,-8.42867e+10,1.23828e+11
1.08972e+07,702515,602758,-8.43755e+10,1.23767e+11
1.09008e+07,702781,603261,-8.44641e+10,1.23707e+11
1.09044e+07,703047,603764,-8.45528e+10,1.23647e+11
1.0908e+07,703313,604268,-8.46414e+10,1.23586e+11
1.09116e+07,703579,604771,-8.47299e+10,1.23526e+11
1.09152e+07,703845,605275,-8.48184e+10,1.23465e+11
1.09188e+07,704110,605779,-8.49069e+10,1.23405e+11
1.09224e+07,704376,606283,-8.49953e+10,1.23344e+11
1.0926e+07,704641,606787,-8.50837e+10,1.23283e+11
1.09296e+07,704906,607292,-8.5172e+10,1.23222e+11
1.09332e+07,705171,607796,-8.52603e+10,1.23162e+11
1.09368e+07,705436,608301,-8.53485e+10,1.23101e+11
1.09404e+07,705701,608806,-8.54367e+10,1.2304e+11
1.0944e+07,705966,609311,-8.55249e+10,1.22979e+11
1.09476e+07,706230,609817,-8.5613e+10,1.22917e+11
1.09512e+07,706495,610322,-8.57011e+10,1.22856e+11
1.09548e+07,706759,610828,-8.57891e+10,1.22795e+11
1.09584e+07,707023,611334,-8.58771e+10,1.22734e+11
1.0962e+07,707287,611840,-8.5965e+10,1.22672e+11
1.09656e+07,707551,612347,-8.60529e+10,1.22611e+11
1.09692e+07,707815,612853,-8.61407e+10,1.22549e+11
1.09728e+07,708078,613360,-8.62285e+10,1.22488e+11
1.09764e+07,708342,613867,-8.63163e+10,1.22426e+11
1.098e+07,708605,614374,-8.6404e+10,1.22364e+11
1.09836e+07,708869,614881,-8.64917e+10,1.22303e+11
1.09872e+07,709132,615389,-8.65793e+10,1.22241e+11
1.09908e+07,709395,615897,-8.66669e+10,1.22179e+11
1.09944e+07,709658,616404,-8.67544e+10,1.22117e+11
1.0998e+07,709920,616912,-8.68419e+10,1.22055e+11
1.10016e+07,710183,617421,-8.69294e+10,1.21993e+11
1.10052e+07,710445,617929,-8.70168e+10,1.21931e+11
1.10088e+07,710708,618438,-8.71042e+10,1.21869e+11
1.10124e+07,710970,618947,-8.71915e+10,1.21806e+11
1.1016e+07,711232,619456,-8.72788e+10,1.21744e+11
1.10196e+07,711494,619965,-8.7366e+10,1.21682e+11
1.10232e+07,711755,620474,-8.74532e+10,1.21619e+11
1.10268e+07,712017,620984,-8.75403e+10,1.21557e+11
1.10304e+07,712279,621493,-8.76274e+10,1.21494e+11
1.1034e+07,712540,622003,-8.77144e+10,1.21432e+11
1.10376e+07,712801,622513,-8.78014e+10,1.21369e+11
1.10412e+07,713062,623024,-8.78884e+10,1.21306e+11
1.10448e+07,713323,623534,-8.79753e+10,1.21243e+11
1.10484e+07,713584,624045,-8.80622e+10,1.21181e+11
1.1052e+07,713845,624556,-8.8149e+10,1.21118e+11
1.10556e+07,714105,625067,-8.82358e+10,1.21055e+11
1.10592e+07,714366,625578,-8.83225e+10,1.20992e+11
1.10628e+07,714626,626089,-8.84092e+10,1.20928e+11
1.10664e+07,714886,626601,-8.84959e+10,1.20865e+11
1.107e+07,715146,627113,-8.85825e+10,1.20802e+11
1.10736e+07,715406,627625,-8.8669e+10,1.20739e+11
1.10772e+07,715666,628137,-8.87555e+10,1.20675e+11
1.10808e+07,715925,628649,-8.8842e+10,1.20612e+11
1.10844e+07,716185,629162,-8.89284e+10,1.20548e+11
1.1088e+07,716444,629674,-8.90148e+10,1.20485e+11
1.10916e+07,716703,630187,-8.91011e+10,1.20421e+11
1.10952e+07,716962,630700,-8.91874e+10,1.20358e+11
1.10988e+07,717221,631214,-8.92736e+10,1.20294e+11
1.11024e+07,717480,631727,-8.93598e+10,1.2023e+11
1.1106e+07,717739,632241,-8.94459e+10,1.20166e+11
1.11096e+07,717997,632755,-8.9532e+10,1.20102e+11
1.11132e+07,718256,633269,-8.96181e+10,1.20038e+11
1.11168e+07,718514,633783,-8.97041e+10,1.19974e+11
1.11204e+07,718772,634297,-8.97901e+10,1.1991e+11
1.1124e+07,719030,634812,-8.9876e+10,1.19846e+11
1.11276e+07,719288,635326,-8.99618e+10,1.19782e+11
1.11312e+07,719545,635841,-9.00477e+10,1.19717e+11
1.11348e+07,719803,636357,-9.01334e+10,1.19653e+11
1.11384e+07,720060,636872,-9.02192e+10,1.19589e+11
1.1142e+07,720318,637387,-9.03049e+10,1.19524e+11
1.11456e+07,720575,637903,-9.03905e+10,1.1946e+11
1.11492e+07,720832,638419,-9.04761e+10,1.19395e+11
1.11528e+07,721089,638935,-9.05616e+10,1.1933e+11
1.11564e+07,721345,639451,-9.06471e+10,1.19266e+11
1.116e+07,721602,639967,-9.07326e+10,1.19201e+11
1.11636e+07,721858,640484,-9.0818e+10,1.19136e+11
1.11672e+07,722115,641001,-9.09034e+10,1.19071e+11
1.11708e+07,722371,641518,-9.09887e+10,1.19006e+11
1.11744e+07,722627,642035,-9.10739e+10,1.18941e+11
1.1178e+07,722883,642552,-9.11592e+10,1.18876e+11
1.11816e+07,723138,643070,-9.12443e+10,1.18811e+11
1.11852e+07,723394,643587,-9.13295e+10,1.18746e+11
1.11888e+07,723649,644105,-9.14145e+10,1.1868e+11
1.11924e+07,723905,644623,-9.14996e+10,1.18615e+11
1.1196e+07,724160,645142,-9.15846e+10,1.1855e+11
1.11996e+07,724415,645660,-9.16695e+10,1.18484e+11
1.12032e+07,724670,646179,-9.17544e+10,1.18419e+11
1.12068e+07,724925,646697,-9.18392e+10,1.18353e+11
1.12104e+07,725179,647216,-9.1924e+10,1.18288e+11
1.1214e+07,725434,647735,-9.20088e+10,1.18222e+11
1.12176e+07,725688,648255,-9.20935e+10,1.18156e+11
1.12212e+07,725942,648774,-9.21781e+10,1.1809e+11
1.12248e+07,726196,649294,-9.22628e+10,1.18024e+11
1.12284e+07,726450,649814,-9.23473e+10,1.17959e+11
1.1232e+07,726704,650334,-9.24318e+10,1.17893e+11
1.12356e+07,726958,650854,-9.25163e+10,1.17826e+11
1.12392e+07,727211,651374,-9.26007e+10,1.1776e+11
1.12428e+07,727464,651895,-9.26851e+10,1.17694e+11
1.12464e+07,727718,652416,-9.27694e+10,1.17628e+11
1.125e+07,727971,652937,-9.28537e+10,1.17562e+11
1.12536e+07,728224,653458,-9.29379e+10,1.17495e+11
1.12572e+07,728476,653979,-9.30221e+10,1.17429e+11
1.12608e+07,728729,654501,-9.31063e+10,1.17362e+11
1.12644e+07,728981,655022,-9.31904e+10,1.17296e+11
1.1268e+07,729234,655544,-9.32744e+10,1.17229e+11
1.12716e+07,729486,656066,-9.33584e+10,1.17163e+11
1.12752e+07,729738,656588,-9.34423e+10,1.17096e+11
1.12788e+07,729990,657111,-9.35262e+10,1.17029e+11
1.12824e+07,730242,657633,-9.36101e+10,1.16962e+11
1.1286e+07,730493,658156,-9.36939e+10,1.16895e+11
1.12896e+07,730745,658679,-9.37777e+10,1.16828e+11
1.12932e+07,730996,659202,-9.38614e+10,1.16761e+11
1.12968e+07,731247,659725,-9.3945e+10,1.16694e+11
1.13004e+07,731498,660249,-9.40286e+10,1.16627e+11
1.1304e+07,731749,660773,-9.41122e+10,1.1656e+11
1.13076e+07,732000,661296,-9.41957e+10,1.16493e+11
1.13112e+07,732251,661820,-9.42792e+10,1.16425e+11
1.13148e+07,732501,662345,-9.43626e+10,1.16358e+11
1.13184e+07,732751,662869,-9.4446e+10,1.16291e+11
1.1322e+07,733002,663394,-9.45293e+10,1.16223e+11
1.13256e+07,733252,663918,-9.46126e+10,1.16156e+11
1.13292e+07,733501,664443,-9.46958e+10,1.16088e+11
1.13328e+07,733751,664968,-9.4779e+10,1.1602e+11
1.13364e+07,734001,665493,-9.48621e+10,1.15953e+11
1.134e+07,734250,666019,-9.49452e+10,1.15885e+11
1.13436e+07,734500,666545,-9.50282e+10,1.15817e+11
1.13472e+07,734749,667070,-9.51112e+10,1.15749e+11
1.13508e+07,734998,667596,-9.51941e+10,1.15681e+11
1.13544e+07,735247,668122,-9.5277e+10,1.15613e+11
1.1358e+07,735495,668649,-9.53599e+10,1.15545e+11
1.13616e+07,735744,669175,-9.54426e+10,1.15477e+11
1.13652e+07,735992,669702,-9.55254e+10,1.15409e+11
1.13688e+07,736241,670229,-9.56081e+10,1.1534e+11
1.13724e+07,736489,670756,-9.56907e+10,1.15272e+11
1.1376e+07,736737,671283,-9.57733e+10,1.15204e+11
1.13796e+07,736985,671810,-9.58558e+10,1.15135e+11
1.13832e+07,737232,672338,-9.59383e+10,1.15067e+11
1.13868e+07,737480,672866,-9.60208e+10,1.14998e+11
1.13904e+07,737727,673394,-9.61032e+10,1.14929e+11
1.1394e+07,737974,673922,-9.61855e+10,1.14861e+11
1.13976e+07,738222,674450,-9.62678e+10,1.14792e+11
1.14012e+07,738469,674979,-9.63501e+10,1.14723e+11
1.14048e+07,738715,675507,-9.64323e+10,1.14654e+11
1.14084e+07,738962,676036,-9.65144e+10,1.14586e+11
1.1412e+07,739209,676565,-9.65965e+10,1.14517e+11
1.14156e+07,739455,677094,-9.66786e+10,1.14448e+11
1.14192e+07,739701,677623,-9.67606e+10,1.14378e+11
1.14228e+07,739947,678153,-9.68425e+10,1.14309e+11
1.14264e+07,740193,678683,-9.69244e+10,1.1424e+11
1.143e+07,740439,679212,-9.70063e+10,1.14171e+11
1.14336e+07,740684,679743,-9.70881e+10,1.14101e+11
1.14372e+07,740930,680273,-9.71699e+10,1.14032e+11
1.14408e+07,741175,680803,-9.72516e+10,1.13963e+11
1.14444e+07,741420,681334,-9.73332e+10,1.13893e+11
1.1448e+07,741665,681864,-9.74148e+10,1.13824e+11
1.14516e+07,741910,682395,-9.74964e+10,1.13754e+11
1.14552e+07,742155,682926,-9.75779e+10,1.13684e+11
1.14588e+07,742400,683458,-9.76593e+10,1.13615e+11
1.14624e+07,742644,683989,-9.77408e+10,1.13545e+11
1.1466e+07,742888,684521,-9.78221e+10,1.13475e+11
1.14696e+07,743132,685052,-9.79034e+10,1.13405e+11
1.14732e+07,743376,685584,-9.79847e+10,1.13335e+11
1.14768e+07,743620,686117,-9.80659e+10,1.13265e+11
1.14804e+07,743864,686649,-9.8147e+10,1.13195e+11
1.1484e+07,744107,687181,-9.82281e+10,1.13125e+11
1.14876e+07,744351,687714,-9.83092e+10,1.13055e+11
1.14912e+07,744594,688247,-9.83902e+10,1.12984e+11
1.14948e+07,744837,688780,-9.84712e+10,1.12914e+11
1.14984e+07,745080,689313,-9.85521e+10,1.12844e+11
1.1502e+07,745323,689846,-9.86329e+10,1.12773e+11
1.15056e+07,745565,690380,-9.87137e+10,1.12703e+11
1.15092e+07,745808,690914,-9.87945e+10,1.12632e+11
1.15128e+07,746050,691447,-9.88752e+10,1.12562e+11
1.15164e+07,746292,691981,-9.89558e+10,1.12491e+11
1.152e+07,746534,692516,-9.90364e+10,1.1242e+11
1.15236e+07,746776,693050,-9.9117e+10,1.1235e+11
1.15272e+07,747018,693585,-9.91975e+10,1.12279e+11
1.15308e+07,747259,694119,-9.92779e+10,1.12208e+11
1.15344e+07,747501,694654,-9.93583e+10,1.12137e+11
1.1538e+07,747742,695189,-9.94387e+10,1.12066e+11
1.15416e+07,747983,695725,-9.9519e+10,1.11995e+11
1.15452e+07,748224,696260,-9.95992e+10,1.11924e+11
1.15488e+07,748465,696796,-9.96794e+10,1.11853e+11
1.15524e+07,748706,697331,-9.97596e+10,1.11781e+11
1.1556e+07,748946,697867,-9.98397e+10,1.1171e+11
1.15596e+07,749186,698403,-9.99197e+10,1.11639e+11
1.15632e+07,749427,698940,-9.99997e+10,1.11567e+11
1.15668e+07,749667,699476,-1.0008e+11,1.11496e+11
1.15704e+07,749906,700013,-1.0016e+11,1.11424e+11
1.1574e+07,750146,700550,-1.00239e+11,1.11353e+11
1.15776e+07,750386,701087,-1.00319e+11,1.11281e+11
1.15812e+07,750625,701624,-1.00399e+11,1.11209e+11
1.15848e+07,750864,702161,-1.00479e+11,1.11138e+11
1.15884e+07,751103,702698,-1.00558e+11,1.11066e+11
1.1592e+07,751342,703236,-1.00638e+11,1.10994e+11
1.15956e+07,751581,703774,-1.00717e+11,1.10922e+11
1.15992e+07,751820,704312,-1.00797e+11,1.1085e+11
1.16028e+07,752058,704850,-1.00876e+11,1.10778e+11
1.16064e+07,752297,705388,-1.00956e+11,1.10706e+11
1.161e+07,752535,705927,-1.01035e+11,1.10634e+11
1.16136e+07,752773,706466,-1.01114e+11,1.10562e+11
1.16172e+07,753011,707004,-1.01193e+11,1.10489e+11
1.16208e+07,753248,707543,-1.01273e+11,1.10417e+11
1.16244e+07,753486,708083,-1.01352e+11,1.10345e+11
1.1628e+07,753723,708622,-1.01431e+11,1.10272e+11
1.16316e+07,753961,709161,-1.0151e+11,1.102e+11
1.16352e+07,754198,709701,-1.01589e+11,1.10127e+11
1.16388e+07,754435,710241,-1.01668e+11,1.10055e+11
1.16424e+07,754671,710781,-1.01747e+11,1.09982e+11
1.1646e+07,754908,711321,-1.01825e+11,1.09909e+11
1.16496e+07,755144,711862,-1.01904e+11,1.09837e+11
1.16532e+07,755381,712402,-1.01983e+11,1.09764e+11
1.16568e+07,755617,712943,-1.02061e+11,1.09691e+11
1.16604e+07,755853,713484,-1.0214e+11,1.09618e+11
1.1664e+07,756089,714025,-1.02219e+11,1.09545e+11
1.16676e+07,756324,714566,-1.02297e+11,1.09472e+11
1.16712e+07,756560,715107,-1.02376e+11,1.09399e+11
1.16748e+07,756795,715649,-1.02454e+11,1.09326e+11
1.16784e+07,757030,716191,-1.02532e+11,1.09252e+11
1.1682e+07,757266,716732,-1.02611e+11,1.09179e+11
1.16856e+07,757500,717275,-1.02689e+11,1.09106e+11
1.16892e+07,757735,717817,-1.02767e+11,1.09032e+11
1.16928e+07,757970,718359,-1.02845e+11,1.08959e+11
1.16964e+07,758204,718902,-1.02923e+11,1.08886e+11
1.17e+07,758438,719444,-1.03001e+11,1.08812e+11
1.17036e+07,758673,719987,-1.03079e+11,1.08738e+11
1.17072e+07,758906,720530,-1.03157e+11,1.08665e+11
1.17108e+07,759140,721074,-1.03235e+11,1.08591e+11
1.17144e+07,759374,721617,-1.03313e+11,1.08517e+11
1.1718e+07,759607,722160,-1.0339e+11,1.08443e+11
1.17216e+07,759841,722704,-1.03468e+11,1.0837e+11
1.17252e+07,760074,723248,-1.03546e+11,1.08296e+11
1.17288e+07,760307,723792,-1.03623e+11,1.08222e+11
1.17324e+07,760540,724336,-1.03701e+11,1.08148e+11
1.1736e+07,760772,724881,-1.03778e+11,1.08073e+11
1.17396e+07,761005,725425,-1.03856e+11,1.07999e+11
1.17432e+07,761237,725970,-1.03933e+11,1.07925e+11
1.17468e+07,761469,726515,-1.04011e+11,1.07851e+11
1.17504e+07,761701,727060,-1.04088e+11,1.07776e+11
1.1754e+07,761933,727605,-1.04165e+11,1.07702e+11
1.17576e+07,762165,728151,-1.04242e+11,1.07628e+11
1.17612e+07,762397,728696,-1.04319e+11,1.07553e+11
1.17648e+07,762628,729242,-1.04396e+11,1.07479e+11
1.17684e+07,762859,729788,-1.04473e+11,1.07404e+11
1.1772e+07,763090,730334,-1.0455e+11,1.07329e+11
1.17756e+07,763321,730880,-1.04627e+11,1.07255e+11
1.17792e+07,763552,731426,-1.04704e+11,1.0718e+11
1.17828e+07,763783,731973,-1.04781e+11,1.07105e+11
1.17864e+07,764013,732520,-1.04858e+11,1.0703e+11
1.179e+07,764243,733066,-1.04934e+11,1.06955e+11
1.17936e+07,764473,733613,-1.05011e+11,1.0688e+11
1.17972e+07,764703,734161,-1.05088e+11,1.06805e+11
1.18008e+07,764933,734708,-1.05164e+11,1.0673e+11
1.18044e+07,765163,735256,-1.05241e+11,1.06655e+11
1.1808e+07,765392,735803,-1.05317e+11,1.0658e+11
1.18116e+07,765621,736351,-1.05393e+11,1.06505e+11
1.18152e+07,765851,736899,-1.0547e+11,1.06429e+11
1.18188e+07,766080,737447,-1.05546e+11,1.06354e+11
1.18224e+07,766308,737996,-1.05622e+11,1.06279e+11
1.1826e+07,766537,738544,-1.05698e+11,1.06203e+11
1.18296e+07,766766,739093,-1.05775e+11,1.06128e+11
1.18332e+07,766994,739642,-1.05851e+11,1.06052e+11
1.18368e+07,767222,740191,-1.05927e+11,1.05976e+11
1.18404e+07,767450,740740,-1.06003e+11,1.05901e+11
1.1844e+07,767678,741289,-1.06078e+11,1.05825e+11
1.18476e+07,767906,741839,-1.06154e+11,1.05749e+11
1.18512e+07,768133,742388,-1.0623e+11,1.05673e+11
1.18548e+07,768360,742938,-1.06306e+11,1.05597e+11
1.18584e+07,768588,743488,-1.06381e+11,1.05521e+11
1.1862e+07,768815,744038,-1.06457e+11,1.05445e+11
1.18656e+07,769042,744588,-1.06533e+11,1.05369e+11
1.18692e+07,769268,745139,-1.06608e+11,1.05293e+11
1.18728e+07,769495,745689,-1.06684e+11,1.05217e+11
1.18764e+07,769721,746240,-1.06759e+11,1.05141e+11
1.188e+07,769947,746791,-1.06834e+11,1.05064e+11
1.18836e+07,770173,747342,-1.0691e+11,1.04988e+11
1.18872e+07,770399,747893,-1.06985e+11,1.04912e+11
1.18908e+07,770625,748445,-1.0706e+11,1.04835e+11
1.18944e+07,770851,748996,-1.07135e+11,1.04759e+11
1.1898e+07,771076,749548,-1.0721e+11,1.04682e+11
1.19016e+07,771301,750100,-1.07285e+11,1.04606e+11
1.19052e+07,771526,750652,-1.0736e+11,1.04529e+11
1.19088e+07,771751,751204,-1.07435e+11,1.04452e+11
1.19124e+07,771976,751757,-1.0751e+11,1.04375e+11
1.1916e+07,772200,752309,-1.07585e+11,1.04299e+11
1.19196e+07,772425,752862,-1.07659e+11,1.04222e+11
1.19232e+07,772649,753415,-1.07734e+11,1.04145e+11
1.19268e+07,772873,753968,-1.07809e+11,1.04068e+11
1.19304e+07,773097,754521,-1.07883e+11,1.03991e+11
1.1934e+07,773321,755075,-1.07958e+11,1.03914e+11
1.19376e+07,773544,755628,-1.08032e+11,1.03837e+11
1.19412e+07,773768,756182,-1.08107e+11,1.03759e+11
1.19448e+07,773991,756736,-1.08181e+11,1.03682e+11
1.19484e+07,774214,757289,-1.08255e+11,1.03605e+11
1.1952e+07,774437,757844,-1.0833e+11,1.03528e+11
1.19556e+07,774660,758398,-1.08404e+11,1.0345e+11
1.19592e+07,774882,758952,-1.08478e+11,1.03373e+11
1.19628e+07,775105,759507,-1.08552e+11,1.03295e+11
1.19664e+07,775327,760062,-1.08626e+11,1.03218e+11
1.197e+07,775549,760617,-1.087e+11,1.0314e+11
1.19736e+07,775771,761172,-1.08774e+11,1.03062e+11
1.19772e+07,775993,761727,-1.08848e+11,1.02985e+11
1.19808e+07,776214,762283,-1.08921e+11,1.02907e+11
1.19844e+07,776436,762838,-1.08995e+11,1.02829e+11
1.1988e+07,776657,763394,-1.09069e+11,1.02751e+11
1.19916e+07,776878,763950,-1.09143e+11,1.02673e+11
1.19952e+07,777099,764506,-1.09216e+11,1.02595e+11
1.19988e+07,777320,765062,-1.0929e+11,1.02517e+11
1.20024e+07,777540,765618,-1.09363e+11,1.02439e+11
1.2006e+07,777761,766175,-1.09437e+11,1.02361e+11
1.20096e+07,777981,766732,-1.0951e+11,1.02283e+11
1.20132e+07,778201,767288,-1.09583e+11,1.02204e+11
1.20168e+07,778421,767845,-1.09656e+11,1.02126e+11
1.20204e+07,778641,768402,-1.0973e+11,1.02048e+11
1.2024e+07,778860,768960,-1.09803e+11,1.01969e+11
1.20276e+07,779080,769517,-1.09876e+11,1.01891e+11
1.20312e+07,779299,770075,-1.09949e+11,1.01812e+11
1.20348e+07,779518,770633,-1.10022e+11,1.01734e+11
1.20384e+07,779737,771191,-1.10095e+11,1.01655e+11
1.2042e+07,779955,771749,-1.10167e+11,1.01577e+11
1.20456e+07,780174,772307,-1.1024e+11,1.01498e+11
1.20492e+07,780392,772865,-1.10313e+11,1.01419e+11
1.20528e+07,780611,773424,-1.10386e+11,1.0134e+11
1.20564e+07,780829,773983,-1.10458e+11,1.01261e+11
1.206e+07,781047,774541,-1.10531e+11,1.01182e+11
1.20636e+07,781264,775100,-1.10603e+11,1.01104e+11
1.20672e+07,781482,775660,-1.10676e+11,1.01024e+11
1.20708e+07,781699,776219,-1.10748e+11,1.00945e+11
1.20744e+07,781916,776778,-1.10821e+11,1.00866e+11
1.2078e+07,782133,777338,-1.10893e+11,1.00787e+11
1.20816e+07,782350,777898,-1.10965e+11,1.00708e+11
1.20852e+07,782567,778458,-1.11037e+11,1.00629e+11
1.20888e+07,782783,779018,-1.11109e+11,1.00549e+11
1.20924e+07,783000,779578,-1.11181e+11,1.0047e+11
1.2096e+07,783216,780139,-1.11253e+11,1.0039e+11
1.20996e+07,783432,780699,-1.11325e+11,1.00311e+11
1.21032e+07,783648,781260,-1.11397e+11,1.00231e+11
1.21068e+07,783863,781821,-1.11469e+11,1.00152e+11
1.21104e+07,784079,782382,-1.11541e+11,1.00072e+11
1.2114e+07,784294,782943,-1.11613e+11,9.99924e+10
1.21176e+07,784509,783504,-1.11684e+11,9.99127e+10
1.21212e+07,784724,784066,-1.11756e+11,9.98329e+10
1.21248e+07,784939,784627,-1.11827e+11,9.9753e+10
1.21284e+07,785154,785189,-1.11899e+11,9.96731e+10
1.2132e+07,785368,785751,-1.1197e+11,9.95932e+10
1.21356e+07,785583,786313,-1.12042e+11,9.95132e+10
1.21392e+07,785797,786876,-1.12113e+11,9.94331e+10
1.21428e+07,786011,787438,-1.12184e+11,9.9353e+10
1.21464e+07,786224,788001,-1.12255e+11,9.92729e+10
1.215e+07,786438,788563,-1.12327e+11,9.91927e+10
1.21536e+07,786651,789126,-1.12398e+11,9.91124e+10
1.21572e+07,786865,789689,-1.12469e+11,9.90321e+10
1.21608e+07,787078,790252,-1.1254e+11,9.89517e+10
1.21644e+07,787291,790816,-1.12611e+11,9.88713e+10
1.2168e+07,787503,791379,-1.12681e+11,9.87909e+10
1.21716e+07,787716,791943,-1.12752e+11,9.87104e+10
1.21752e+07,787928,792506,-1.12823e+11,9.86298e+10
1.21788e+07,788141,793070,-1.12894e+11,9.85492e+10
1.21824e+07,788353,793634,-1.12964e+11,9.84685e+10
1.2186e+07,788565,794199,-1.13035e+11,9.83878e+10
1.21896e+07,788776,794763,-1.13105e+11,9.83071e+10
1.21932e+07,788988,795328,-1.13176e+11,9.82262e+10
1.21968e+07,789199,795892,-1.13246e+11,9.81454e+10
1.22004e+07,789410,796457,-1.13316e+11,9.80645e+10
1.2204e+07,789621,797022,-1.13387e+11,9.79835e+10
1.22076e+07,789832,797587,-1.13457e+11,9.79025e+10
1.22112e+07,790043,798153,-1.13527e+11,9.78214e+10
1.22148e+07,790253,798718,-1.13597e+11,9.77403e+10
1.22184e+07,790464,799284,-1.13667e+11,9.76591e+10
1.2222e+07,790674,799849,-1.13737e+11,9.75779e+10
1.22256e+07,790884,800415,-1.13807e+11,9.74967e+10
1.22292e+07,791094,800981,-1.13877e+11,9.74154e+10
1.22328e+07,791303,801547,-1.13947e+11,9.7334e+10
1.22364e+07,791513,802114,-1.14017e+11,9.72526e+10
1.224e+07,791722,802680,-1.14086e+11,9.71711e+10
1.22436e+07,791931,803247,-1.14156e+11,9.70896e+10
1.22472e+07,792140,803814,-1.14226e+11,9.7008e+10
1.22508e+07,792349,804381,-1.14295e+11,9.69264e+10
1.22544e+07,792557,804948,-1.14365e+11,9.68448e+10
1.2258e+07,792766,805515,-1.14434e+11,9.67631e+10
1.22616e+07,792974,806082,-1.14503e+11,9.66813e+10
1.22652e+07,793182,806650,-1.14573e+11,9.65995e+10
1.22688e+07,793390,807218,-1.14642e+11,9.65176e+10
1.22724e+07,793597,807785,-1.14711e+11,9.64357e+10
1.2276e+07,793805,808353,-1.1478e+11,9.63538e+10
1.22796e+07,794012,808921,-1.14849e+11,9.62718e+10
1.22832e+07,794219,809490,-1.14918e+11,9.61897e+10
1.22868e+07,794426,810058,-1.14987e+11,9.61076e+10
1.22904e+07,794633,810627,-1.15056e+11,9.60254e+10
1.2294e+07,794840,811195,-1.15125e+11,9.59432e+10
1.22976e+07,795046,811764,-1.15194e+11,9.5861e+10
1.23012e+07,795252,812333,-1.15262e+11,9.57787e+10
1.23048e+07,795459,812902,-1.15331e+11,9.56963e+10
1.23084e+07,795664,813472,-1.15399e+11,9.56139e+10
1.2312e+07,795870,814041,-1.15468e+11,9.55315e+10
1.23156e+07,796076,814611,-1.15536e+11,9.5449e+10
1.23192e+07,796281,815181,-1.15605e+11,9.53664e+10
1.23228e+07,796486,815750,-1.15673e+11,9.52838e+10
1.23264e+07,796691,816320,-1.15741e+11,9.52012e+10
1.233e+07,796896,816891,-1.1581e+11,9.51185e+10
1.23336e+07,797101,817461,-1.15878e+11,9.50358e+10
1.23372e+07,797305,818031,-1.15946e+11,9.4953e+10
1.23408e+07,797510,818602,-1.16014e+11,9.48701e+10
1.23444e+07,797714,819173,-1.16082e+11,9.47872e+10
1.2348e+07,797918,819744,-1.1615e+11,9.47043e+10
1.23516e+07,798122,820315,-1.16218e+11,9.46213e+10
1.23552e+07,798325,820886,-1.16286e+11,9.45383e+10
1.23588e+07,798529,821457,-1.16353e+11,9.44552e+10
1.23624e+07,798732,822029,-1.16421e+11,9.43721e+10
1.2366e+07,798935,822600,-1.16489e+11,9.42889e+10
1.23696e+07,799138,823172,-1.16556e+11,9.42057e+10
1.23732e+07,799341,823744,-1.16624e+11,9.41224e+10
1.23768e+07,799543,824316,-1.16691e+11,9.40391e+10
1.23804e+07,799746,824888,-1.16759e+11,9.39557e+10
1.2384e+07,799948,825461,-1.16826e+11,9.38723e+10
1.23876e+07,800150,826033,-1.16893e+11,9.37888e+10
1.23912e+07,800352,826606,-1.1696e+11,9.37053e+10
1.23948e+07,800553,827179,-1.17028e+11,9.36217e+10
1.23984e+07,800755,827752,-1.17095e+11,9.35381e+10
1.2402e+07,800956,828325,-1.17162e+11,9.34545e+10
1.24056e+07,801157,828898,-1.17229e+11,9.33708e+10
1.24092e+07,801358,829471,-1.17296e+11,9.3287e+10
1.24128e+07,801559,830045,-1.17363e+11,9.32032e+10
1.24164e+07,801759,830618,-1.17429e+11,9.31194e+10
1.242e+07,801960,831192,-1.17496e+11,9.30355e+10
1.24236e+07,802160,831766,-1.17563e+11,9.29515e+10
1.24272e+07,802360,832340,-1.17629e+11,9.28675e+10
1.24308e+07,802560,832915,-1.17696e+11,9.27835e+10
1.24344e+07,802759,833489,-1.17762e+11,9.26994e+10
1.2438e+07,802959,834063,-1.17829e+11,9.26153e+10
1.24416e+07,803158,834638,-1.17895e+11,9.25311e+10
1.24452e+07,803357,835213,-1.17962e+11,9.24469e+10
1.24488e+07,803556,835788,-1.18028e+11,9.23626e+10
1.24524e+07,803755,836363,-1.18094e+11,9.22783e+10
1.2456e+07,803954,836938,-1.1816e+11,9.21939e+10
1.24596e+07,804152,837513,-1.18226e+11,9.21095e+10
1.24632e+07,804350,838089,-1.18292e+11,9.2025e+10
1.24668e+07,804548,838665,-1.18358e+11,9.19405e+10
1.24704e+07,804746,839240,-1.18424e+11,9.18559e+10
1.2474e+07,804944,839816,-1.1849e+11,9.17713e+10
1.24776e+07,805141,840392,-1.18556e+11,9.16867e+10
1.24812e+07,805339,840969,-1.18621e+11,9.1602e+10
1.24848e+07,805536,841545,-1.18687e+11,9.15172e+10
1.24884e+07,805733,842121,-1.18753e+11,9.14324e+10
1.2492e+07,805929,842698,-1.18818e+11,9.13476e+10
1.24956e+07,806126,843275,-1.18884e+11,9.12627e+10
1.24992e+07,806322,843852,-1.18949e+11,9.11778e+10
1.25028e+07,806519,844429,-1.19014e+11,9.10928e+10
1.25064e+07,806715,845006,-1.1908e+11,9.10078e+10
1.251e+07,806910,845583,-1.19145e+11,9.09227e+10
1.25136e+07,807106,846161,-1.1921e+11,9.08376e+10
1.25172e+07,807302,846738,-1.19275e+11,9.07524e+10
1.25208e+07,807497,847316,-1.1934e+11,9.06672e+10
1.25244e+07,807692,847894,-1.19405e+11,9.05819e+10
1.2528e+07,807887,848472,-1.1947e+11,9.04966e+10
1.25316e+07,808082,849050,-1.19535e+11,9.04113e+10
1.25352e+07,808276,849628,-1.196e+11,9.03259e+10
1.25388e+07,808471,850207,-1.19665e+11,9.02404e+10
1.25424e+07,808665,850785,-1.19729e+11,9.01549e+10
1.2546e+07,808859,851364,-1.19794e+11,9.00694e+10
1.25496e+07,809053,851943,-1.19858e+11,8.99838e+10
1.25532e+07,809246,852522,-1.19923e+11,8.98982e+10
1.25568e+07,809440,853101,-1.19987e+11,8.98125e+10
1.25604e+07,809633,853680,-1.20052e+11,8.97268e+10
1.2564e+07,809826,854260,-1.20116e+11,8.9641e+10
1.25676e+07,810019,854839,-1.2018e+11,8.95552e+10
1.25712e+07,810212,855419,-1.20245e+11,8.94694e+10
1.25748e+07,810404,855999,-1.20309e+11,8.93835e+10
1.25784e+07,810597,856579,-1.20373e+11,8.92975e+10
1.2582e+07,810789,857159,-1.20437e+11,8.92115e+10
1.25856e+07,810981,857739,-1.20501e+11,8.91255e+10
1.25892e+07,811173,858320,-1.20565e+11,8.90394e+10
1.25928e+07,811364,858900,-1.20628e+11,8.89533e+10
1.25964e+07,811556,859481,-1.20692e+11,8.88671e+10
1.26e+07,811747,860062,-1.20756e+11,8.87809e+10
1.26036e+07,811938,860642,-1.20819e+11,8.86946e+10
1.26072e+07,812129,861223,-1.20883e+11,8.86083e+10
1.26108e+07,812320,861805,-1.20947e+11,8.85219e+10
1.26144e+07,812510,862386,-1.2101e+11,8.84355e+10
1.2618e+07,812701,862967,-1.21073e+11,8.83491e+10
1.26216e+07,812891,863549,-1.21137e+11,8.82626e+10
1.26252e+07,813081,864131,-1.212e+11,8.8176e+10
1.26288e+07,813270,864713,-1.21263e+11,8.80894e+10
1.26324e+07,813460,865295,-1.21326e+11,8.80028e+10
1.2636e+07,813649,865877,-1.21389e+11,8.79161e+10
1.26396e+07,813839,866459,-1.21452e+11,8.78294e+10
1.26432e+07,814028,867041,-1.21515e+11,8.77426e+10
1.26468e+07,814216,867624,-1.21578e+11,8.76558e+10
1.26504e+07,814405,868207,-1.21641e+11,8.7569e+10
1.2654e+07,814594,868789,-1.21704e+11,8.74821e+10
1.26576e+07,814782,869372,-1.21767e+11,8.73951e+10
1.26612e+07,814970,869956,-1.21829e+11,8.73081e+10
1.26648e+07,815158,870539,-1.21892e+11,8.72211e+10
1.26684e+07,815346,871122,-1.21954e+11,8.7134e+10
1.2672e+07,815533,871706,-1.22017e+11,8.70469e+10
1.26756e+07,815720,872289,-1.22079e+11,8.69597e+10
1.26792e+07,815908,872873,-1.22141e+11,8.68725e+10
1.26828e+07,816095,873457,-1.22204e+11,8.67853e+10
1.26864e+07,816281,874041,-1.22266e+11,8.6698e+10
1.269e+07,816468,874625,-1.22328e+11,8.66106e+10
1.26936e+07,816654,875209,-1.2239e+11,8.65232e+10
1.26972e+07,816841,875794,-1.22452e+11,8.64358e+10
1.27008e+07,817027,876378,-1.22514e+11,8.63483e+10
1.27044e+07,817212,876963,-1.22576e+11,8.62608e+10
1.2708e+07,817398,877548,-1.22638e+11,8.61732e+10
1.27116e+07,817584,878133,-1.227e+11,8.60856e+10
1.27152e+07,817769,878718,-1.22761e+11,8.5998e+10
1.27188e+07,817954,879303,-1.22823e+11,8.59103e+10
1.27224e+07,818139,879888,-1.22885e+11,8.58225e+10
1.2726e+07,818323,880474,-1.22946e+11,8.57348e+10
1.27296e+07,818508,881059,-1.23008e+11,8.56469e+10
1.27332e+07,818692,881645,-1.23069e+11,8.5559e+10
1.27368e+07,818876,882231,-1.2313e+11,8.54711e+10
1.27404e+07,819060,882817,-1.23192e+11,8.53832e+10
1.2744e+07,819244,883403,-1.23253e+11,8.52952e+10
1.27476e+07,819428,883989,-1.23314e+11,8.52071e+10
1.27512e+07,819611,884576,-1.23375e+11,8.5119e+10
1.27548e+07,819794,885162,-1.23436e+11,8.50309e+10
1.27584e+07,819977,885749,-1.23497e+11,8.49427e+10
1.2762e+07,820160,886336,-1.23558e+11,8.48545e+10
1.27656e+07,820343,886923,-1.23619e+11,8.47662e+10
1.27692e+07,820525,887510,-1.23679e+11,8.46779e+10
1.27728e+07,820708,888097,-1.2374e+11,8.45896e+10
1.27764e+07,820890,888684,-1.23801e+11,8.45012e+10
1.278e+07,821072,889272,-1.23861e+11,8.44127e+10
1.27836e+07,821253,889859,-1.23922e+11,8.43242e+10
1.27872e+07,821435,890447,-1.23982e+11,8.42357e+10
1.27908e+07,821616,891035,-1.24043e+11,8.41471e+10
1.27944e+07,821797,891623,-1.24103e+11,8.40585e+10
1.2798e+07,821978,892211,-1.24163e+11,8.39699e+10
1.28016e+07,822159,892799,-1.24223e+11,8.38812e+10
1.28052e+07,822339,893387,-1.24284e+11,8.37924e+10
1.28088e+07,822520,893976,-1.24344e+11,8.37037e+10
1.28124e+07,822700,894564,-1.24404e+11,8.36148e+10
1.2816e+07,822880,895153,-1.24464e+11,8.3526e+10
1.28196e+07,823060,895742,-1.24523e+11,8.34371e+10
1.28232e+07,823239,896331,-1.24583e+11,8.33481e+10
1.28268e+07,823419,896920,-1.24643e+11,8.32591e+10
1.28304e+07,823598,897509,-1.24703e+11,8.31701e+10
1.2834e+07,823777,898099,-1.24762e+11,8.3081e+10
1.28376e+07,823956,898688,-1.24822e+11,8.29919e+10
1.28412e+07,824134,899278,-1.24881e+11,8.29027e+10
1.28448e+07,824313,899867,-1.24941e+11,8.28135e+10
1.28484e+07,824491,900457,-1.25e+11,8.27242e+10
1.2852e+07,824669,901047,-1.2506e+11,8.26349e+10
1.28556e+07,824847,901637,-1.25119e+11,8.25456e+10
1.28592e+07,825025,902228,-1.25178e+11,8.24562e+10
1.28628e+07,825202,902818,-1.25237e+11,8.23668e+10
1.28664e+07,825379,903409,-1.25296e+11,8.22773e+10
1.287e+07,825556,903999,-1.25355e+11,8.21878e+10
1.28736e+07,825733,904590,-1.25414e+11,8.20983e+10
1.28772e+07,825910,905181,-1.25473e+11,8.20087e+10
1.28808e+07,826087,905772,-1.25532e+11,8.19191e+10
1.28844e+07,826263,906363,-1.2559e+11,8.18294e+10
1.2888e+07,826439,906954,-1.25649e+11,8.17397e+10
1.28916e+07,826615,907546,-1.25708e+11,8.16499e+10
1.28952e+07,826791,908137,-1.25766e+11,8.15601e+10
1.28988e+07,826966,908729,-1.25825e+11,8.14703e+10
1.29024e+07,827142,909321,-1.25883e+11,8.13804e+10
1.2906e+07,827317,909912,-1.25941e+11,8.12905e+10
1.29096e+07,827492,910504,-1.26e+11,8.12005e+10
1.29132e+07,827667,911097,-1.26058e+11,8.11105e+10
1.29168e+07,827841,911689,-1.26116e+11,8.10205e+10
1.29204e+07,828016,912281,-1.26174e+11,8.09304e+10
1.2924e+07,828190,912874,-1.26232e+11,8.08403e+10
1.29276e+07,828364,913466,-1.2629e+11,8.07501e+10
1.29312e+07,828538,914059,-1.26348e+11,8.06599e+10
1.29348e+07,828711,914652,-1.26406e+11,8.05696e+10
1.29384e+07,828885,915245,-1.26464e+11,8.04793e+10
1.2942e+07,829058,915838,-1.26521e+11,8.0389e+10
1.29456e+07,829231,916431,-1.26579e+11,8.02986e+10
1.29492e+07,829404,917025,-1.26636e+11,8.02082e+10
1.29528e+07,829577,917618,-1.26694e+11,8.01177e+10
1.29564e+07,829749,918212,-1.26751e+11,8.00272e+10
1.296e+07,829921,918806,-1.26809e+11,7.99367e+10
1.29636e+07,830093,919399,-1.26866e+11,7.98461e+10
1.29672e+07,830265,919993,-1.26923e+11,7.97555e+10
1.29708e+07,830437,920588,-1.26981e+11,7.96648e+10
1.29744e+07,830608,921182,-1.27038e+11,7.95741e+10
1.2978e+07,830780,921776,-1.27095e+11,7.94834e+10
1.29816e+07,830951,922371,-1.27152e+11,7.93926e+10
1.29852e+07,831122,922965,-1.27209e+11,7.93017e+10
1.29888e+07,831292,923560,-1.27265e+11,7.92109e+10
1.29924e+07,831463,924155,-1.27322e+11,7.912e+10
1.2996e+07,831633,924750,-1.27379e+11,7.9029e+10
1.29996e+07,831803,925345,-1.27436e+11,7.8938e+10
1.30032e+07,831973,925940,-1.27492e+11,7.8847e+10
1.30068e+07,832143,926535,-1.27549e+11,7.87559e+10
1.30104e+07,832313,927131,-1.27605e+11,7.86648e+10
1.3014e+07,832482,927726,-1.27662e+11,7.85737e+10
1.30176e+07,832651,928322,-1.27718e+11,7.84825e+10
1.30212e+07,832820,928918,-1.27774e+11,7.83913e+10
1.30248e+07,832989,929514,-1.2783e+11,7.83e+10
1.30284e+07,833157,930110,-1.27887e+11,7.82087e+10
1.3032e+07,833326,930706,-1.27943e+11,7.81173e+10
1.30356e+07,833494,931302,-1.27999e+11,7.80259e+10
1.30392e+07,833662,931899,-1.28055e+11,7.79345e+10
1.30428e+07,833830,932495,-1.28111e+11,7.7843e+10
1.30464e+07,833997,933092,-1.28166e+11,7.77515e+10
1.305e+07,834165,933689,-1.28222e+11,7.766e+10
1.30536e+07,834332,934286,-1.28278e+11,7.75684e+10
1.30572e+07,834499,934883,-1.28333e+11,7.74768e+10
1.30608e+07,834666,935480,-1.28389e+11,7.73851e+10
1.30644e+07,834832,936077,-1.28444e+11,7.72934e+10
1.3068e+07,834999,936674,-1.285e+11,7.72016e+10
1.30716e+07,835165,937272,-1.28555e+11,7.71099e+10
1.30752e+07,835331,937870,-1.2861e+11,7.7018e+10
1.30788e+07,835497,938467,-1.28666e+11,7.69262e+10
1.30824e+07,835662,939065,-1.28721e+11,7.68343e+10
1.3086e+07,835828,939663,-1.28776e+11,7.67423e+10
1.30896e+07,835993,940261,-1.28831e+11,7.66503e+10
1.30932e+07,836158,940859,-1.28886e+11,7.65583e+10
1.30968e+07,836323,941458,-1.28941e+11,7.64662e+10
1.31004e+07,836487,942056,-1.28996e+11,7.63741e+10
1.3104e+07,836652,942655,-1.2905e+11,7.6282e+10
1.31076e+07,836816,943253,-1.29105e+11,7.61898e+10
1.31112e+07,836980,943852,-1.2916e+11,7.60976e+10
1.31148e+07,837144,944451,-1.29214e+11,7.60053e+10
1.31184e+07,837307,945050,-1.29269e+11,7.5913e+10
1.3122e+07,837471,945649,-1.29323e+11,7.58207e+10
1.31256e+07,837634,946248,-1.29378e+11,7.57283e+10
1.31292e+07,837797,946848,-1.29432e+11,7.56359e+10
1.31328e+07,837960,947447,-1.29486e+11,7.55435e+10
1.31364e+07,838123,948047,-1.2954e+11,7.5451e+10
1.314e+07,838285,948646,-1.29594e+11,7.53585e+10
1.31436e+07,838447,949246,-1.29648e+11,7.52659e+10
1.31472e+07,838609,949846,-1.29702e+11,7.51733e+10
1.31508e+07,838771,950446,-1.29756e+11,7.50806e+10
1.31544e+07,838933,951046,-1.2981e+11,7.4988e+10
1.3158e+07,839094,951647,-1.29864e+11,7.48952e+10
1.31616e+07,839256,952247,-1.29918e+11,7.48025e+10
1.31652e+07,839417,952848,-1.29971e+11,7.47097e+10
1.31688e+07,839578,953448,-1.30025e+11,7.46169e+10
1.31724e+07,839738,954049,-1.30078e+11,7.4524e+10
1.3176e+07,839899,954650,-1.30132e+11,7.44311e+10
1.31796e+07,840059,955251,-1.30185e+11,7.43381e+10
1.31832e+07,840219,955852,-1.30238e+11,7.42451e+10
1.31868e+07,840379,956453,-1.30292e+11,7.41521e+10
1.31904e+07,840538,957054,-1.30345e+11,7.4059e+10
1.3194e+07,840698,957656,-1.30398e+11,7.39659e+10
1.31976e+07,840857,958257,-1.30451e+11,7.38728e+10
1.32012e+07,841016,958859,-1.30504e+11,7.37796e+10
1.32048e+07,841175,959461,-1.30557e+11,7.36864e+10
1.32084e+07,841334,960063,-1.3061e+11,7.35932e+10
1.3212e+07,841492,960665,-1.30663e+11,7.34999e+10
1.32156e+07,841650,961267,-1.30715e+11,7.34065e+10
1.32192e+07,841809,961869,-1.30768e+11,7.33132e+10
1.32228e+07,841966,962471,-1.3082e+11,7.32198e+10
1.32264e+07,842124,963074,-1.30873e+11,7.31263e+10
1.323e+07,842281,963676,-1.30925e+11,7.30329e+10
1.32336e+07,842439,964279,-1.30978e+11,7.29393e+10
1.32372e+07,842596,964882,-1.3103e+11,7.28458e+10
1.32408e+07,842753,965485,-1.31082e+11,7.27522e+10
1.32444e+07,842909,966088,-1.31135e+11,7.26586e+10
1.3248e+07,843066,966691,-1.31187e+11,7.25649e+10
1.32516e+07,843222,967294,-1.31239e+11,7.24712e+10
1.32552e+07,843378,967897,-1.31291e+11,7.23775e+10
1.32588e+07,843534,968501,-1.31343e+11,7.22837e+10
1.32624e+07,843690,969105,-1.31394e+11,7.21899e+10
1.3266e+07,843845,969708,-1.31446e+11,7.2096e+10
1.32696e+07,844000,970312,-1.31498e+11,7.20022e+10
1.32732e+07,844155,970916,-1.3155e+11,7.19082e+10
1.32768e+07,844310,971520,-1.31601e+11,7.18143e+10
1.32804e+07,844465,972124,-1.31653e+11,7.17203e+10
1.3284e+07,844619,972728,-1.31704e+11,7.16263e+10
1.32876e+07,844773,973333,-1.31755e+11,7.15322e+10
1.32912e+07,844927,973937,-1.31807e+11,7.14381e+10
1.32948e+07,845081,974542,-1.31858e+11,7.13439e+10
1.32984e+07,845235,975146,-1.31909e+11,7.12498e+10
1.3302e+07,845388,975751,-1.3196e+11,7.11555e+10
1.33056e+07,845542,976356,-1.32011e+11,7.10613e+10
1.33092e+07,845695,976961,-1.32062e+11,7.0967e+10
1.33128e+07,845847,977566,-1.32113e+11,7.08727e+10
1.33164e+07,846000,978171,-1.32164e+11,7.07783e+10
1.332e+07,846152,978776,-1.32215e+11,7.06839e+10
1.33236e+07,846305,979382,-1.32265e+11,7.05895e+10
1.33272e+07,846457,979987,-1.32316e+11,7.0495e+10
1.33308e+07,846608,980593,-1.32367e+11,7.04005e+10
1.33344e+07,846760,981199,-1.32417e+11,7.0306e+10
1.3338e+07,846911,981805,-1.32467e+11,7.02114e+10
1.33416e+07,847063,982411,-1.32518e+11,7.01168e+10
1.33452e+07,847214,983017,-1.32568e+11,7.00221e+10
1.33488e+07,847364,983623,-1.32618e+11,6.99275e+10
1.33524e+07,847515,984229,-1.32668e+11,6.98327e+10
1.3356e+07,847665,984836,-1.32719e+11,6.9738e+10
1.33596e+07,847816,985442,-1.32769e+11,6.96432e+10
1.33632e+07,847966,986049,-1.32819e+11,6.95484e+10
1.33668e+07,848115,986655,-1.32868e+11,6.94535e+10
1.33704e+07,848265,987262,-1.32918e+11,6.93586e+10
1.3374e+07,848414,987869,-1.32968e+11,6.92637e+10
1.33776e+07,848563,988476,-1.33018e+11,6.91687e+10
1.33812e+07,848712,989083,-1.33067e+11,6.90737e+10
1.33848e+07,848861,989691,-1.33117e+11,6.89787e+10
1.33884e+07,849010,990298,-1.33166e+11,6.88836e+10
1.3392e+07,849158,990905,-1.33216e+11,6.87885e+10
1.33956e+07,849306,991513,-1.33265e+11,6.86933e+10
1.33992e+07,849454,992121,-1.33314e+11,6.85982e+10
1.34028e+07,849602,992728,-1.33364e+11,6.85029e+10
1.34064e+07,849749,993336,-1.33413e+11,6.84077e+10
1.341e+07,849897,993944,-1.33462e+11,6.83124e+10
1.34136e+07,850044,994552,-1.33511e+11,6.82171e+10
1.34172e+07,850191,995161,-1.3356e+11,6.81217e+10
1.34208e+07,850338,995769,-1.33609e+11,6.80263e+10
1.34244e+07,850484,996377,-1.33657e+11,6.79309e+10
1.3428e+07,850630,996986,-1.33706e+11,6.78355e+10
1.34316e+07,850776,997594,-1.33755e+11,6.774e+10
1.34352e+07,850922,998203,-1.33803e+11,6.76444e+10
1.34388e+07,851068,998812,-1.33852e+11,6.75489e+10
1.34424e+07,851214,999421,-1.339e+11,6.74533e+10
1.3446e+07,851359,1.00003e+06,-1.33949e+11,6.73576e+10
1.34496e+07,851504,1.00064e+06,-1.33997e+11,6.7262e+10
1.34532e+07,851649,1.00125e+06,-1.34045e+11,6.71663e+10
1.34568e+07,851793,1.00186e+06,-1.34093e+11,6.70705e+10
1.34604e+07,851938,1.00247e+06,-1.34142e+11,6.69748e+10
1.3464e+07,852082,1.00308e+06,-1.3419e+11,6.6879e+10
1.34676e+07,852226,1.00369e+06,-1.34238e+11,6.67831e+10
1.34712e+07,852370,1.0043e+06,-1.34285e+11,6.66873e+10
1.34748e+07,852514,1.00491e+06,-1.34333e+11,6.65914e+10
1.34784e+07,852657,1.00552e+06,-1.34381e+11,6.64954e+10
1.3482e+07,852800,1.00613e+06,-1.34429e+11,6.63994e+10
1.34856e+07,852943,1.00674e+06,-1.34476e+11,6.63034e+10
1.34892e+07,853086,1.00735e+06,-1.34524e+11,6.62074e+10
1.34928e+07,853229,1.00796e+06,-1.34571e+11,6.61113e+10
1.34964e+07,853371,1.00857e+06,-1.34619e+11,6.60152e+10
1.35e+07,853513,1.00918e+06,-1.34666e+11,6.59191e+10
1.35036e+07,853655,1.00979e+06,-1.34714e+11,6.58229e+10
1.35072e+07,853797,1.0104e+06,-1.34761e+11,6.57267e+10
1.35108e+07,853939,1.01101e+06,-1.34808e+11,6.56304e+10
1.35144e+07,854080,1.01162e+06,-1.34855e+11,6.55341e+10
1.3518e+07,854221,1.01223e+06,-1.34902e+11,6.54378e+10
1.35216e+07,854362,1.01284e+06,-1.34949e+11,6.53415e+10
1.35252e+07,854503,1.01345e+06,-1.34996e+11,6.52451e+10
1.35288e+07,854643,1.01407e+06,-1.35043e+11,6.51487e+10
1.35324e+07,854784,1.01468e+06,-1.35089e+11,6.50523e+10
1.3536e+07,854924,1.01529e+06,-1.35136e+11,6.49558e+10
1.35396e+07,855064,1.0159e+06,-1.35183e+11,6.48593e+10
1.35432e+07,855204,1.01651e+06,-1.35229e+11,6.47627e+10
1.35468e+07,855343,1.01712e+06,-1.35276e+11,6.46661e+10
1.35504e+07,855482,1.01774e+06,-1.35322e+11,6.45695e+10
1.3554e+07,855621,1.01835e+06,-1.35368e+11,6.44729e+10
1.35576e+07,855760,1.01896e+06,-1.35415e+11,6.43762e+10
1.35612e+07,855899,1.01957e+06,-1.35461e+11,6.42795e+10
1.35648e+07,856037,1.02019e+06,-1.35507e+11,6.41828e+10
1.35684e+07,856176,1.0208e+06,-1.35553e+11,6.4086e+10
1.3572e+07,856314,1.02141e+06,-1.35599e+11,6.39892e+10
1.35756e+07,856452,1.02202e+06,-1.35645e+11,6.38923e+10
1.35792e+07,856589,1.02264e+06,-1.35691e+11,6.37955e+10
1.35828e+07,856727,1.02325e+06,-1.35736e+11,6.36986e+10
1.35864e+07,856864,1.02386e+06,-1.35782e+11,6.36016e+10
1.359e+07,857001,1.02447e+06,-1.35828e+11,6.35047e+10
1.35936e+07,857138,1.02509e+06,-1.35873e+11,6.34077e+10
1.35972e+07,857274,1.0257e+06,-1.35919e+11,6.33106e+10
1.36008e+07,857411,1.02631e+06,-1.35964e+11,6.32135e+10
1.36044e+07,857547,1.02693e+06,-1.3601e+11,6.31164e+10
1.3608e+07,857683,1.02754e+06,-1.36055e+11,6.30193e+10
1.36116e+07,857819,1.02815e+06,-1.361e+11,6.29221e+10
1.36152e+07,857954,1.02877e+06,-1.36145e+11,6.2825e+10
1.36188e+07,858090,1.02938e+06,-1.3619e+11,6.27277e+10
1.36224e+07,858225,1.03e+06,-1.36235e+11,6.26305e+10
1.3626e+07,858360,1.03061e+06,-1.3628e+11,6.25332e+10
1.36296e+07,858494,1.03122e+06,-1.36325e+11,6.24358e+10
1.36332e+07,858629,1.03184e+06,-1.3637e+11,6.23385e+10
1.36368e+07,858763,1.03245e+06,-1.36415e+11,6.22411e+10
1.36404e+07,858897,1.03307e+06,-1.36459e+11,6.21437e+10
1.3644e+07,859031,1.03368e+06,-1.36504e+11,6.20462e+10
1.36476e+07,859165,1.0343e+06,-1.36548e+11,6.19487e+10
1.36512e+07,859298,1.03491e+06,-1.36593e+11,6.18512e+10
1.36548e+07,859432,1.03553e+06,-1.36637e+11,6.17537e+10
1.36584e+07,859565,1.03614e+06,-1.36682e+11,6.16561e+10
1.3662e+07,859697,1.03676e+06,-1.36726e+11,6.15585e+10
1.36656e+07,859830,1.03737e+06,-1.3677e+11,6.14608e+10
1.36692e+07,859962,1.03799e+06,-1.36814e+11,6.13632e+10
1.36728e+07,860095,1.0386e+06,-1.36858e+11,6.12655e+10
1.36764e+07,860227,1.03922e+06,-1.36902e+11,6.11677e+10
1.368e+07,860358,1.03983e+06,-1.36946e+11,6.107e+10
1.36836e+07,860490,1.04045e+06,-1.3699e+11,6.09722e+10
1.36872e+07,860621,1.04106e+06,-1.37034e+11,6.08743e+10
1.36908e+07,860753,1.04168e+06,-1.37077e+11,6.07765e+10
1.36944e+07,860884,1.04229e+06,-1.37121e+11,6.06786e+10
1.3698e+07,861014,1.04291e+06,-1.37164e+11,6.05807e+10
1.37016e+07,861145,1.04353e+06,-1.37208e+11,6.04827e+10
1.37052e+07,861275,1.04414e+06,-1.37251e+11,6.03847e+10
1.37088e+07,861405,1.04476e+06,-1.37295e+11,6.02867e+10
1.37124e+07,861535,1.04538e+06,-1.37338e+11,6.01887e+10
1.3716e+07,861665,1.04599e+06,-1.37381e+11,6.00906e+10
1.37196e+07,861794,1.04661e+06,-1.37424e+11,5.99925e+10
1.37232e+07,861924,1.04722e+06,-1.37467e+11,5.98943e+10
1.37268e+07,862053,1.04784e+06,-1.3751e+11,5.97962e+10
1.37304e+07,862182,1.04846e+06,-1.37553e+11,5.9698e+10
1.3734e+07,862310,1.04907e+06,-1.37596e+11,5.95997e+10
1.37376e+07,862439,1.04969e+06,-1.37639e+11,5.95015e+10
1.37412e+07,862567,1.05031e+06,-1.37682e+11,5.94032e+10
1.37448e+07,862695,1.05093e+06,-1.37724e+11,5.93049e+10
1.37484e+07,862823,1.05154e+06,-1.37767e+11,5.92065e+10
1.3752e+07,862950,1.05216e+06,-1.37809e+11,5.91081e+10
1.37556e+07,863078,1.05278e+06,-1.37852e+11,5.90097e+10
1.37592e+07,863205,1.0534e+06,-1.37894e+11,5.89113e+10
1.37628e+07,863332,1.05401e+06,-1.37936e+11,5.88128e+10
1.37664e+07,863458,1.05463e+06,-1.37978e+11,5.87143e+10
1.377e+07,863585,1.05525e+06,-1.38021e+11,5.86158e+10
1.37736e+07,863711,1.05587e+06,-1.38063e+11,5.85172e+10
1.37772e+07,863837,1.05648e+06,-1.38105e+11,5.84186e+10
1.37808e+07,863963,1.0571e+06,-1.38147e+11,5.832e+10
1.37844e+07,864089,1.05772e+06,-1.38188e+11,5.82213e+10
1.3788e+07,864214,1.05834e+06,-1.3823e+11,5.81227e+10
1.37916e+07,864340,1.05896e+06,-1.38272e+11,5.80239e+10
1.37952e+07,864465,1.05957e+06,-1.38314e+11,5.79252e+10
1.37988e+07,864590,1.06019e+06,-1.38355e+11,5.78264e+10
1.38024e+07,864714,1.06081e+06,-1.38397e+11,5.77276e+10
1.3806e+07,864839,1.06143e+06,-1.38438e+11,5.76288e+10
1.38096e+07,864963,1.06205e+06,-1.3848e+11,5.75299e+10
1.38132e+07,865087,1.06267e+06,-1.38521e+11,5.7431e+10
1.38168e+07,865211,1.06329e+06,-1.38562e+11,5.73321e+10
1.38204e+07,865334,1.06391e+06,-1.38603e+11,5.72332e+10
1.3824e+07,865457,1.06452e+06,-1.38644e+11,5.71342e+10
1.38276e+07,865581,1.06514e+06,-1.38685e+11,5.70352e+10
1.38312e+07,865704,1.06576e+06,-1.38726e+11,5.69362e+10
1.38348e+07,865826,1.06638e+06,-1.38767e+11,5.68371e+10
1.38384e+07,865949,1.067e+06,-1.38808e+11,5.6738e+10
1.3842e+07,866071,1.06762e+06,-1.38849e+11,5.66389e+10
1.38456e+07,866193,1.06824e+06,-1.38889e+11,5.65397e+10
1.38492e+07,866315,1.06886e+06,-1.3893e+11,5.64406e+10
1.38528e+07,866437,1.06948e+06,-1.3897e+11,5.63413e+10
1.38564e+07,866558,1.0701e+06,-1.39011e+11,5.62421e+10
1.386e+07,866679,1.07072e+06,-1.39051e+11,5.61428e+10
1.38636e+07,866800,1.07134e+06,-1.39092e+11,5.60435e+10
1.38672e+07,866921,1.07196e+06,-1.39132e+11,5.59442e+10
1.38708e+07,867042,1.07258e+06,-1.39172e+11,5.58449e+10
1.38744e+07,867162,1.0732e+06,-1.39212e+11,5.57455e+10
1.3878e+07,867282,1.07382e+06,-1.39252e+11,5.56461e+10
1.38816e+07,867402,1.07444e+06,-1.39292e+11,5.55466e+10
1.38852e+07,867522,1.07506e+06,-1.39332e+11,5.54472e+10
1.38888e+07,867641,1.07568e+06,-1.39372e+11,5.53477e+10
1.38924e+07,867761,1.0763e+06,-1.39411e+11,5.52482e+10
1.3896e+07,867880,1.07692e+06,-1.39451e+11,5.51486e+10
1.38996e+07,867999,1.07755e+06,-1.39491e+11,5.5049e+10
1.39032e+07,868117,1.07817e+06,-1.3953e+11,5.49494e+10
1.39068e+07,868236,1.07879e+06,-1.3957e+11,5.48498e+10
1.39104e+07,868354,1.07941e+06,-1.39609e+11,5.47501e+10
1.3914e+07,868472,1.08003e+06,-1.39648e+11,5.46504e+10
1.39176e+07,868590,1.08065e+06,-1.39688e+11,5.45507e+10
1.39212e+07,868707,1.08127e+06,-1.39727e+11,5.4451e+10
1.39248e+07,868825,1.08189e+06,-1.39766e+11,5.43512e+10
1.39284e+07,868942,1.08252e+06,-1.39805e+11,5.42514e+10
1.3932e+07,869059,1.08314e+06,-1.39844e+11,5.41515e+10
1.39356e+07,869176,1.08376e+06,-1.39883e+11,5.40517e+10
1.39392e+07,869292,1.08438e+06,-1.39921e+11,5.39518e+10
1.39428e+07,869409,1.085e+06,-1.3996e+11,5.38519e+10
1.39464e+07,869525,1.08562e+06,-1.39999e+11,5.37519e+10
1.395e+07,869641,1.08625e+06,-1.40037e+11,5.3652e+10
1.39536e+07,869756,1.08687e+06,-1.40076e+11,5.3552e+10
1.39572e+07,869872,1.08749e+06,-1.40114e+11,5.3452e+10
1.39608e+07,869987,1.08811e+06,-1.40153e+11,5.33519e+10
1.39644e+07,870102,1.08874e+06,-1.40191e+11,5.32518e+10
1.3968e+07,870217,1.08936e+06,-1.40229e+11,5.31517e+10
1.39716e+07,870331,1.08998e+06,-1.40268e+11,5.30516e+10
1.39752e+07,870446,1.0906e+06,-1.40306e+11,5.29514e+10
1.39788e+07,870560,1.09123e+06,-1.40344e+11,5.28512e+10
1.39824e+07,870674,1.09185e+06,-1.40382e+11,5.2751e+10
1.3986e+07,870788,1.09247e+06,-1.4042e+11,5.26508e+10
1.39896e+07,870901,1.09309e+06,-1.40457e+11,5.25505e+10
1.39932e+07,871014,1.09372e+06,-1.40495e+11,5.24502e+10
1.39968e+07,871127,1.09434e+06,-1.40533e+11,5.23499e+10
1.40004e+07,871240,1.09496e+06,-1.4057e+11,5.22496e+10
1.4004e+07,871353,1.09559e+06,-1.40608e+11,5.21492e+10
1.40076e+07,871465,1.09621e+06,-1.40645e+11,5.20488e+10
1.40112e+07,871578,1.09683e+06,-1.40683e+11,5.19484e+10
1.40148e+07,871690,1.09746e+06,-1.4072e+11,5.18479e+10
1.40184e+07,871801,1.09808e+06,-1.40757e+11,5.17474e+10
1.4022e+07,871913,1.0987e+06,-1.40794e+11,5.16469e+10
1.40256e+07,872024,1.09933e+06,-1.40831e+11,5.15464e+10
1.40292e+07,872136,1.09995e+06,-1.40868e+11,5.14458e+10
1.40328e+07,872247,1.10058e+06,-1.40905e+11,5.13452e+10
1.40364e+07,872357,1.1012e+06,-1.40942e+11,5.12446e+10
1.404e+07,872468,1.10182e+06,-1.40979e+11,5.1144e+10
1.40436e+07,872578,1.10245e+06,-1.41016e+11,5.10433e+10
1.40472e+07,872688,1.10307e+06,-1.41052e+11,5.09426e+10
1.40508e+07,872798,1.1037e+06,-1.41089e+11,5.08419e+10
1.40544e+07,872908,1.10432e+06,-1.41126e+11,5.07412e+10
1.4058e+07,873017,1.10495e+06,-1.41162e+11,5.06404e+10
1.40616e+07,873126,1.10557e+06,-1.41198e+11,5.05396e+10
1.40652e+07,873235,1.10619e+06,-1.41235e+11,5.04388e+10
1.40688e+07,873344,1.10682e+06,-1.41271e+11,5.03379e+10
1.40724e+07,873453,1.10744e+06,-1.41307e+11,5.02371e+10
1.4076e+07,873561,1.10807e+06,-1.41343e+11,5.01362e+10
1.40796e+07,873669,1.10869e+06,-1.41379e+11,5.00352e+10
1.40832e+07,873777,1.10932e+06,-1.41415e+11,4.99343e+10
1.40868e+07,873885,1.10994e+06,-1.41451e+11,4.98333e+10
1.40904e+07,873992,1.11057e+06,-1.41487e+11,4.97323e+10
1.4094e+07,874099,1.11119e+06,-1.41523e+11,4.96313e+10
1.40976e+07,874206,1.11182e+06,-1.41558e+11,4.95302e+10
1.41012e+07,874313,1.11245e+06,-1.41594e+11,4.94292e+10
1.41048e+07,874420,1.11307e+06,-1.41629e+11,4.93281e+10
1.41084e+07,874526,1.1137e+06,-1.41665e+11,4.92269e+10
1.4112e+07,874632,1.11432e+06,-1.417e+11,4.91258e+10
1.41156e+07,874738,1.11495e+06,-1.41735e+11,4.90246e+10
1.41192e+07,874844,1.11557e+06,-1.41771e+11,4.89234e+10
1.41228e+07,874950,1.1162e+06,-1.41806e+11,4.88222e+10
1.41264e+07,875055,1.11682e+06,-1.41841e+11,4.87209e+10
1.413e+07,875160,1.11745e+06,-1.41876e+11,4.86197e+10
1.41336e+07,875265,1.11808e+06,-1.41911e+11,4.85184e+10
1.41372e+07,875370,1.1187e+06,-1.41946e+11,4.8417e+10
1.41408e+07,875474,1.11933e+06,-1.4198e+11,4.83157e+10
1.41444e+07,875578,1.11996e+06,-1.42015e+11,4.82143e+10
1.4148e+07,875682,1.12058e+06,-1.4205e+11,4.81129e+10
1.41516e+07,875786,1.12121e+06,-1.42084e+11,4.80115e+10
1.41552e+07,875890,1.12183e+06,-1.42119e+11,4.791e+10
1.41588e+07,875993,1.12246e+06,-1.42153e+11,4.78086e+10
1.41624e+07,876096,1.12309e+06,-1.42188e+11,4.77071e+10
1.4166e+07,876199,1.12371e+06,-1.42222e+11,4.76055e+10
1.41696e+07,876302,1.12434e+06,-1.42256e+11,4.7504e+10
1.41732e+07,876404,1.12497e+06,-1.4229e+11,4.74024e+10
1.41768e+07,876506,1.1256e+06,-1.42324e+11,4.73008e+10
1.41804e+07,876609,1.12622e+06,-1.42358e+11,4.71992e+10
1.4184e+07,876710,1.12685e+06,-1.42392e+11,4.70976e+10
1.41876e+07,876812,1.12748e+06,-1.42426e+11,4.69959e+10
1.41912e+07,876913,1.1281e+06,-1.4246e+11,4.68942e+10
1.41948e+07,877015,1.12873e+06,-1.42493e+11,4.67925e+10
1.41984e+07,877116,1.12936e+06,-1.42527e+11,4.66907e+10
1.4202e+07,877216,1.12999e+06,-1.42561e+11,4.6589e+10
1.42056e+07,877317,1.13061e+06,-1.42594e+11,4.64872e+10
1.42092e+07,877417,1.13124e+06,-1.42627e+11,4.63854e+10
1.42128e+07,877517,1.13187e+06,-1.42661e+11,4.62835e+10
1.42164e+07,877617,1.1325e+06,-1.42694e+11,4.61817e+10
1.422e+07,877717,1.13312e+06,-1.42727e+11,4.60798e+10
1.42236e+07,877816,1.13375e+06,-1.4276e+11,4.59779e+10
1.42272e+07,877915,1.13438e+06,-1.42793e+11,4.5876e+10
1.42308e+07,878014,1.13501e+06,-1.42826e+11,4.5774e+10
1.42344e+07,878113,1.13564e+06,-1.42859e+11,4.5672e+10
1.4238e+07,878212,1.13626e+06,-1.42892e+11,4.557e+10
1.42416e+07,878310,1.13689e+06,-1.42925e+11,4.5468e+10
1.42452e+07,878408,1.13752e+06,-1.42958e+11,4.5366e+10
1.42488e+07,878506,1.13815e+06,-1.4299e+11,4.52639e+10
1.42524e+07,878604,1.13878e+06,-1.43023e+11,4.51618e+10
1.4256e+07,878701,1.13941e+06,-1.43055e+11,4.50597e+10
1.42596e+07,878798,1.14003e+06,-1.43088e+11,4.49575e+10
1.42632e+07,878895,1.14066e+06,-1.4312e+11,4.48554e+10
1.42668e+07,878992,1.14129e+06,-1.43152e+11,4.47532e+10
1.42704e+07,879089,1.14192e+06,-1.43184e+11,4.4651e+10
1.4274e+07,879185,1.14255e+06,-1.43216e+11,4.45488e+10
1.42776e+07,879281,1.14318e+06,-1.43248e+11,4.44465e+10
1.42812e+07,879377,1.14381e+06,-1.4328e+11,4.43442e+10
1.42848e+07,879473,1.14444e+06,-1.43312e+11,4.42419e+10
1.42884e+07,879568,1.14507e+06,-1.43344e+11,4.41396e+10
1.4292e+07,879664,1.14569e+06,-1.43376e+11,4.40373e+10
1.42956e+07,879759,1.14632e+06,-1.43407e+11,4.39349e+10
1.42992e+07,879854,1.14695e+06,-1.43439e+11,4.38325e+10
1.43028e+07,879948,1.14758e+06,-1.4347e+11,4.37301e+10
1.43064e+07,880043,1.14821e+06,-1.43502e+11,4.36277e+10
1.431e+07,880137,1.14884e+06,-1.43533e+11,4.35252e+10
1.43136e+07,880231,1.14947e+06,-1.43565e+11,4.34227e+10
1.43172e+07,880324,1.1501e+06,-1.43596e+11,4.33202e+10
1.43208e+07,880418,1.15073e+06,-1.43627e+11,4.32177e+10
1.43244e+07,880511,1.15136e+06,-1.43658e+11,4.31152e+10
1.4328e+07,880604,1.15199e+06,-1.43689e+11,4.30126e+10
1.43316e+07,880697,1.15262e+06,-1.4372e+11,4.291e+10
1.43352e+07,880790,1.15325e+06,-1.43751e+11,4.28074e+10
1.43388e+07,880882,1.15388e+06,-1.43782e+11,4.27048e+10
1.43424e+07,880974,1.15451e+06,-1.43812e+11,4.26021e+10
1.4346e+07,881066,1.15514e+06,-1.43843e+11,4.24994e+10
1.43496e+07,881158,1.15577e+06,-1.43873e+11,4.23967e+10
1.43532e+07,881250,1.1564e+06,-1.43904e+11,4.2294e+10
1.43568e+07,881341,1.15703e+06,-1.43934e+11,4.21913e+10
1.43604e+07,881432,1.15766e+06,-1.43965e+11,4.20885e+10
1.4364e+07,881523,1.15829e+06,-1.43995e+11,4.19857e+10
1.43676e+07,881613,1.15892e+06,-1.44025e+11,4.18829e+10
1.43712e+07,881704,1.15955e+06,-1.44055e+11,4.17801e+10
1.43748e+07,881794,1.16018e+06,-1.44085e+11,4.16773e+10
1.43784e+07,881884,1.16081e+06,-1.44115e+11,4.15744e+10
1.4382e+07,881974,1.16145e+06,-1.44145e+11,4.14715e+10
1.43856e+07,882063,1.16208e+06,-1.44175e+11,4.13686e+10
1.43892e+07,882153,1.16271e+06,-1.44205e+11,4.12657e+10
1.43928e+07,882242,1.16334e+06,-1.44234e+11,4.11627e+10
1.43964e+07,882331,1.16397e+06,-1.44264e+11,4.10597e+10
1.44e+07,882419,1.1646e+06,-1.44294e+11,4.09567e+10
1.44036e+07,882508,1.16523e+06,-1.44323e+11,4.08537e+10
1.44072e+07,882596,1.16586e+06,-1.44352e+11,4.07507e+10
1.44108e+07,882684,1.16649e+06,-1.44382e+11,4.06476e+10
1.44144e+07,882772,1.16713e+06,-1.44411e+11,4.05445e+10
1.4418e+07,882859,1.16776e+06,-1.4444e+11,4.04414e+10
1.44216e+07,882947,1.16839e+06,-1.44469e+11,4.03383e+10
1.44252e+07,883034,1.16902e+06,-1.44498e+11,4.02352e+10
1.44288e+07,883121,1.16965e+06,-1.44527e+11,4.0132e+10
1.44324e+07,883207,1.17028e+06,-1.44556e+11,4.00288e+10
1.4436e+07,883294,1.17092e+06,-1.44585e+11,3.99256e+10
1.44396e+07,883380,1.17155e+06,-1.44613e+11,3.98224e+10
1.44432e+07,883466,1.17218e+06,-1.44642e+11,3.97192e+10
1.44468e+07,883552,1.17281e+06,-1.44671e+11,3.96159e+10
1.44504e+07,883637,1.17344e+06,-1.44699e+11,3.95126e+10
1.4454e+07,883723,1.17408e+06,-1.44728e+11,3.94093e+10
1.44576e+07,883808,1.17471e+06,-1.44756e+11,3.9306e+10
1.44612e+07,883893,1.17534e+06,-1.44784e+11,3.92026e+10
1.44648e+07,883978,1.17597e+06,-1.44812e+11,3.90993e+10
1.44684e+07,884062,1.1766e+06,-1.44841e+11,3.89959e+10
1.4472e+07,884146,1.17724e+06,-1.44869e+11,3.88925e+10
1.44756e+07,884230,1.17787e+06,-1.44897e+11,3.87891e+10
1.44792e+07,884314,1.1785e+06,-1.44925e+11,3.86856e+10
1.44828e+07,884398,1.17913e+06,-1.44952e+11,3.85822e+10
1.44864e+07,884481,1.17977e+06,-1.4498e+11,3.84787e+10
1.449e+07,884564,1.1804e+06,-1.45008e+11,3.83752e+10
1.44936e+07,884647,1.18103e+06,-1.45035e+11,3.82716e+10
1.44972e+07,884730,1.18166e+06,-1.45063e+11,3.81681e+10
1.45008e+07,884812,1.1823e+06,-1.4509e+11,3.80645e+10
1.45044e+07,884894,1.18293e+06,-1.45118e+11,3.7961e+10
1.4508e+07,884976,1.18356e+06,-1.45145e+11,3.78574e+10
1.45116e+07,885058,1.1842e+06,-1.45172e+11,3.77537e+10
1.45152e+07,885140,1.18483e+06,-1.452e+11,3.76501e+10
1.45188e+07,885221,1.18546e+06,-1.45227e+11,3.75464e+10
1.45224e+07,885302,1.1861e+06,-1.45254e+11,3.74428e+10
1.4526e+07,885383,1.18673e+06,-1.45281e+11,3.73391e+10
1.45296e+07,885464,1.18736e+06,-1.45308e+11,3.72354e+10
1.45332e+07,885544,1.188e+06,-1.45334e+11,3.71316e+10
1.45368e+07,885625,1.18863e+06,-1.45361e+11,3.70279e+10
1.45404e+07,885705,1.18926e+06,-1.45388e+11,3.69241e+10
1.4544e+07,885784,1.1899e+06,-1.45414e+11,3.68203e+10
1.45476e+07,885864,1.19053e+06,-1.45441e+11,3.67165e+10
1.45512e+07,885943,1.19116e+06,-1.45467e+11,3.66127e+10
1.45548e+07,886022,1.1918e+06,-1.45494e+11,3.65088e+10
1.45584e+07,886101,1.19243e+06,-1.4552e+11,3.64049e+10
1.4562e+07,886180,1.19306e+06,-1.45546e+11,3.63011e+10
1.45656e+07,886258,1.1937e+06,-1.45572e+11,3.61972e+10
1.45692e+07,886337,1.19433e+06,-1.45598e+11,3.60932e+10
1.45728e+07,886415,1.19497e+06,-1.45624e+11,3.59893e+10
1.45764e+07,886493,1.1956e+06,-1.4565e+11,3.58853e+10
1.458e+07,886570,1.19623e+06,-1.45676e+11,3.57813e+10
1.45836e+07,886647,1.19687e+06,-1.45702e+11,3.56774e+10
1.45872e+07,886725,1.1975e+06,-1.45727e+11,3.55733e+10
1.45908e+07,886801,1.19814e+06,-1.45753e+11,3.54693e+10
1.45944e+07,886878,1.19877e+06,-1.45779e+11,3.53653e+10
1.4598e+07,886955,1.19941e+06,-1.45804e+11,3.52612e+10
1.46016e+07,887031,1.20004e+06,-1.45829e+11,3.51571e+10
1.46052e+07,887107,1.20067e+06,-1.45855e+11,3.5053e+10
1.46088e+07,887183,1.20131e+06,-1.4588e+11,3.49489e+10
1.46124e+07,887258,1.20194e+06,-1.45905e+11,3.48447e+10
1.4616e+07,887334,1.20258e+06,-1.4593e+11,3.47406e+10
1.46196e+07,887409,1.20321e+06,-1.45955e+11,3.46364e+10
1.46232e+07,887484,1.20385e+06,-1.4598e+11,3.45322e+10
1.46268e+07,887558,1.20448e+06,-1.46005e+11,3.4428e+10
1.46304e+07,887633,1.20512e+06,-1.4603e+11,3.43238e+10
1.4634e+07,887707,1.20575e+06,-1.46055e+11,3.42195e+10
1.46376e+07,887781,1.20639e+06,-1.46079e+11,3.41153e+10
1.46412e+07,887855,1.20702e+06,-1.46104e+11,3.4011e+10
1.46448e+07,887928,1.20766e+06,-1.46128e+11,3.39067e+10
1.46484e+07,888002,1.20829e+06,-1.46153e+11,3.38024e+10
1.4652e+07,888075,1.20893e+06,-1.46177e+11,3.3698e+10
1.46556e+07,888148,1.20956e+06,-1.46201e+11,3.35937e+10
1.46592e+07,888220,1.2102e+06,-1.46226e+11,3.34893e+10
1.46628e+07,888293,1.21083e+06,-1.4625e+11,3.33849e+10
1.46664e+07,888365,1.21147e+06,-1.46274e+11,3.32805e+10
1.467e+07,888437,1.2121e+06,-1.46298e+11,3.31761e+10
1.46736e+07,888509,1.21274e+06,-1.46322e+11,3.30717e+10
1.46772e+07,888580,1.21338e+06,-1.46345e+11,3.29672e+10
1.46808e+07,888651,1.21401e+06,-1.46369e+11,3.28627e+10
1.46844e+07,888722,1.21465e+06,-1.46393e+11,3.27582e+10
1.4688e+07,888793,1.21528e+06,-1.46416e+11,3.26537e+10
1.46916e+07,888864,1.21592e+06,-1.4644e+11,3.25492e+10
1.46952e+07,888934,1.21655e+06,-1.46463e+11,3.24447e+10
1.46988e+07,889005,1.21719e+06,-1.46487e+11,3.23401e+10
1.47024e+07,889075,1.21783e+06,-1.4651e+11,3.22356e+10
1.4706e+07,889144,1.21846e+06,-1.46533e+11,3.2131e+10
1.47096e+07,889214,1.2191e+06,-1.46556e+11,3.20264e+10
1.47132e+07,889283,1.21973e+06,-1.4658e+11,3.19218e+10
1.47168e+07,889352,1.22037e+06,-1.46603e+11,3.18171e+10
1.47204e+07,889421,1.22101e+06,-1.46625e+11,3.17125e+10
1.4724e+07,889490,1.22164e+06,-1.46648e+11,3.16078e+10
1.47276e+07,889558,1.22228e+06,-1.46671e+11,3.15031e+10
1.47312e+07,889626,1.22291e+06,-1.46694e+11,3.13984e+10
1.47348e+07,889694,1.22355e+06,-1.46716e+11,3.12937e+10
1.47384e+07,889762,1.22419e+06,-1.46739e+11,3.1189e+10
1.4742e+07,889829,1.22482e+06,-1.46761e+11,3.10842e+10
1.47456e+07,889897,1.22546e+06,-1.46784e+11,3.09795e+10
1.47492e+07,889964,1.2261e+06,-1.46806e+11,3.08747e+10
1.47528e+07,890031,1.22673e+06,-1.46828e+11,3.07699e+10
1.47564e+07,890097,1.22737e+06,-1.46851e+11,3.06651e+10
1.476e+07,890164,1.22801e+06,-1.46873e+11,3.05602e+10
1.47636e+07,890230,1.22864e+06,-1.46895e+11,3.04554e+10
1.47672e+07,890296,1.22928e+06,-1.46917e+11,3.03505e+10
1.47708e+07,890361,1.22992e+06,-1.46939e+11,3.02457e+10
1.47744e+07,890427,1.23055e+06,-1.4696e+11,3.01408e+10
1.4778e+07,890492,1.23119e+06,-1.46982e+11,3.00359e+10
1.47816e+07,890557,1.23183e+06,-1.47004e+11,2.9931e+10
1.47852e+07,890622,1.23246e+06,-1.47025e+11,2.9826e+10
1.47888e+07,890687,1.2331e+06,-1.47047e+11,2.97211e+10
1.47924e+07,890751,1.23374e+06,-1.47068e+11,2.96161e+10
1.4796e+07,890815,1.23437e+06,-1.4709e+11,2.95111e+10
1.47996e+07,890879,1.23501e+06,-1.47111e+11,2.94061e+10
1.48032e+07,890943,1.23565e+06,-1.47132e+11,2.93011e+10
1.48068e+07,891006,1.23629e+06,-1.47153e+11,2.91961e+10
1.48104e+07,891069,1.23692e+06,-1.47174e+11,2.9091e+10
1.4814e+07,891132,1.23756e+06,-1.47195e+11,2.8986e+10
1.48176e+07,891195,1.2382e+06,-1.47216e+11,2.88809e+10
1.48212e+07,891258,1.23884e+06,-1.47237e+11,2.87758e+10
1.48248e+07,891320,1.23947e+06,-1.47258e+11,2.86707e+10
1.48284e+07,891382,1.24011e+06,-1.47279e+11,2.85656e+10
1.4832e+07,891444,1.24075e+06,-1.47299e+11,2.84605e+10
1.48356e+07,891506,1.24139e+06,-1.4732e+11,2.83553e+10
1.48392e+07,891567,1.24202e+06,-1.4734e+11,2.82502e+10
1.48428e+07,891628,1.24266e+06,-1.47361e+11,2.8145e+10
1.48464e+07,891689,1.2433e+06,-1.47381e+11,2.80398e+10
1.485e+07,891750,1.24394e+06,-1.47401e+11,2.79346e+10
1.48536e+07,891811,1.24457e+06,-1.47421e+11,2.78294e+10
1.48572e+07,891871,1.24521e+06,-1.47441e+11,2.77242e+10
1.48608e+07,891931,1.24585e+06,-1.47461e+11,2.76189e+10
1.48644e+07,891991,1.24649e+06,-1.47481e+11,2.75137e+10
1.4868e+07,892050,1.24713e+06,-1.47501e+11,2.74084e+10
1.48716e+07,892110,1.24776e+06,-1.47521e+11,2.73031e+10
1.48752e+07,892169,1.2484e+06,-1.47541e+11,2.71978e+10
1.48788e+07,892228,1.24904e+06,-1.4756e+11,2.70925e+10
1.48824e+07,892287,1.24968e+06,-1.4758e+11,2.69872e+10
1.4886e+07,892345,1.25032e+06,-1.47599e+11,2.68818e+10
1.48896e+07,892403,1.25095e+06,-1.47619e+11,2.67765e+10
1.48932e+07,892461,1.25159e+06,-1.47638e+11,2.66711e+10
1.48968e+07,892519,1.25223e+06,-1.47657e+11,2.65657e+10
1.49004e+07,892577,1.25287e+06,-1.47677e+11,2.64603e+10
1.4904e+07,892634,1.25351e+06,-1.47696e+11,2.63549e+10
1.49076e+07,892691,1.25415e+06,-1.47715e+11,2.62495e+10
1.49112e+07,892748,1.25479e+06,-1.47734e+11,2.6144e+10
1.49148e+07,892805,1.25542e+06,-1.47752e+11,2.60386e+10
1.49184e+07,892861,1.25606e+06,-1.47771e+11,2.59331e+10
1.4922e+07,892918,1.2567e+06,-1.4779e+11,2.58277e+10
1.49256e+07,892974,1.25734e+06,-1.47809e+11,2.57222e+10
1.49292e+07,893029,1.25798e+06,-1.47827e+11,2.56167e+10
1.49328e+07,893085,1.25862e+06,-1.47846e+11,2.55111e+10
1.49364e+07,893140,1.25926e+06,-1.47864e+11,2.54056e+10
1.494e+07,893195,1.25989e+06,-1.47883e+11,2.53001e+10
1.49436e+07,893250,1.26053e+06,-1.47901e+11,2.51945e+10
1.49472e+07,893305,1.26117e+06,-1.47919e+11,2.50889e+10
1.49508e+07,893359,1.26181e+06,-1.47937e+11,2.49834e+10
1.49544e+07,893414,1.26245e+06,-1.47955e+11,2.48778e+10
1.4958e+07,893468,1.26309e+06,-1.47973e+11,2.47722e+10
1.49616e+07,893521,1.26373e+06,-1.47991e+11,2.46665e+10
1.49652e+07,893575,1.26437e+06,-1.48009e+11,2.45609e+10
1.49688e+07,893628,1.26501e+06,-1.48027e+11,2.44553e+10
1.49724e+07,893681,1.26565e+06,-1.48044e+11,2.43496e+10
1.4976e+07,893734,1.26628e+06,-1.48062e+11,2.42439e+10
1.49796e+07,893787,1.26692e+06,-1.48079e+11,2.41383e+10
1.49832e+07,893839,1.26756e+06,-1.48097e+11,2.40326e+10
1.49868e+07,893891,1.2682e+06,-1.48114e+11,2.39269e+10
1.49904e+07,893943,1.26884e+06,-1.48132e+11,2.38211e+10
1.4994e+07,893995,1.26948e+06,-1.48149e+11,2.37154e+10
1.49976e+07,894046,1.27012e+06,-1.48166e+11,2.36097e+10
1.50012e+07,894098,1.27076e+06,-1.48183e+11,2.35039e+10
1.50048e+07,894149,1.2714e+06,-1.482e+11,2.33981e+10
1.50084e+07,894199,1.27204e+06,-1.48217e+11,2.32924e+10
1.5012e+07,894250,1.27268e+06,-1.48234e+11,2.31866e+10
1.50156e+07,894300,1.27332e+06,-1.48251e+11,2.30808e+10
1.50192e+07,894351,1.27396e+06,-1.48267e+11,2.2975e+10
1.50228e+07,894400,1.2746e+06,-1.48284e+11,2.28691e+10
1.50264e+07,894450,1.27524e+06,-1.483e+11,2.27633e+10
1.503e+07,894500,1.27588e+06,-1.48317e+11,2.26574e+10
1.50336e+07,894549,1.27652e+06,-1.48333e+11,2.25516e+10
1.50372e+07,894598,1.27716e+06,-1.4835e+11,2.24457e+10
1.50408e+07,894647,1.2778e+06,-1.48366e+11,2.23398e+10
1.50444e+07,894695,1.27844e+06,-1.48382e+11,2.22339e+10
1.5048e+07,894743,1.27908e+06,-1.48398e+11,2.2128e+10
1.50516e+07,894791,1.27972e+06,-1.48414e+11,2.20221e+10
1.50552e+07,894839,1.28036e+06,-1.4843e+11,2.19162e+10
1.50588e+07,894887,1.281e+06,-1.48446e+11,2.18102e+10
1.50624e+07,894934,1.28164e+06,-1.48462e+11,2.17043e+10
1.5066e+07,894982,1.28228e+06,-1.48477e+11,2.15983e+10
1.50696e+07,895028,1.28292e+06,-1.48493e+11,2.14923e+10
1.50732e+07,895075,1.28356e+06,-1.48509e+11,2.13863e+10
1.50768e+07,895122,1.2842e+06,-1.48524e+11,2.12803e+10
1.50804e+07,895168,1.28484e+06,-1.4854e+11,2.11743e+10
1.5084e+07,895214,1.28548e+06,-1.48555e+11,2.10683e+10
1.50876e+07,895260,1.28612e+06,-1.4857e+11,2.09623e+10
1.50912e+07,895305,1.28676e+06,-1.48585e+11,2.08563e+10
1.50948e+07,895351,1.2874e+06,-1.486e+11,2.07502e+10
1.50984e+07,895396,1.28804e+06,-1.48615e+11,2.06441e+10
1.5102e+07,895441,1.28868e+06,-1.4863e+11,2.05381e+10
1.51056e+07,895485,1.28932e+06,-1.48645e+11,2.0432e+10
1.51092e+07,895530,1.28996e+06,-1.4866e+11,2.03259e+10
1.51128e+07,895574,1.2906e+06,-1.48675e+11,2.02198e+10
1.51164e+07,895618,1.29124e+06,-1.48689e+11,2.01137e+10
1.512e+07,895662,1.29188e+06,-1.48704e+11,2.00076e+10
1.51236e+07,895705,1.29252e+06,-1.48719e+11,1.99014e+10
1.51272e+07,895749,1.29316e+06,-1.48733e+11,1.97953e+10
1.51308e+07,895792,1.2938e+06,-1.48747e+11,1.96891e+10
1.51344e+07,895835,1.29444e+06,-1.48762e+11,1.9583e+10
1.5138e+07,895877,1.29508e+06,-1.48776e+11,1.94768e+10
1.51416e+07,895920,1.29572e+06,-1.4879e+11,1.93706e+10
1.51452e+07,895962,1.29636e+06,-1.48804e+11,1.92644e+10
1.51488e+07,896004,1.29701e+06,-1.48818e+11,1.91582e+10
1.51524e+07,896046,1.29765e+06,-1.48832e+11,1.9052e+10
1.5156e+07,896087,1.29829e+06,-1.48846e+11,1.89458e+10
1.51596e+07,896128,1.29893e+06,-1.48859e+11,1.88395e+10
1.51632e+07,896169,1.29957e+06,-1.48873e+11,1.87333e+10
1.51668e+07,896210,1.30021e+06,-1.48887e+11,1.8627e+10
1.51704e+07,896251,1.30085e+06,-1.489e+11,1.85208e+10
1.5174e+07,896291,1.30149e+06,-1.48914e+11,1.84145e+10
1.51776e+07,896331,1.30213e+06,-1.48927e+11,1.83082e+10
1.51812e+07,896371,1.30277e+06,-1.4894e+11,1.82019e+10
1.51848e+07,896411,1.30341e+06,-1.48953e+11,1.80956e+10
1.51884e+07,896450,1.30406e+06,-1.48967e+11,1.79893e+10
1.5192e+07,896490,1.3047e+06,-1.4898e+11,1.7883e+10
1.51956e+07,896528,1.30534e+06,-1.48993e+11,1.77767e+10
1.51992e+07,896567,1.30598e+06,-1.49006e+11,1.76703e+10
1.52028e+07,896606,1.30662e+06,-1.49018e+11,1.7564e+10
1.52064e+07,896644,1.30726e+06,-1.49031e+11,1.74576e+10
1.521e+07,896682,1.3079e+06,-1.49044e+11,1.73513e+10
1.52136e+07,896720,1.30854e+06,-1.49056e+11,1.72449e+10
1.52172e+07,896758,1.30919e+06,-1.49069e+11,1.71385e+10
1.52208e+07,896795,1.30983e+06,-1.49081e+11,1.70321e+10
1.52244e+07,896832,1.31047e+06,-1.49094e+11,1.69257e+10
1.5228e+07,896869,1.31111e+06,-1.49106e+11,1.68193e+10
1.52316e+07,896906,1.31175e+06,-1.49118e+11,1.67129e+10
1.52352e+07,896942,1.31239e+06,-1.4913e+11,1.66065e+10
1.52388e+07,896979,1.31303e+06,-1.49143e+11,1.65e+10
1.52424e+07,897015,1.31368e+06,-1.49155e+11,1.63936e+10
1.5246e+07,897050,1.31432e+06,-1.49166e+11,1.62872e+10
1.52496e+07,897086,1.31496e+06,-1.49178e+11,1.61807e+10
1.52532e+07,897121,1.3156e+06,-1.4919e+11,1.60742e+10
1.52568e+07,897156,1.31624e+06,-1.49202e+11,1.59678e+10
1.52604e+07,897191,1.31688e+06,-1.49213e+11,1.58613e+10
1.5264e+07,897226,1.31752e+06,-1.49225e+11,1.57548e+10
1.52676e+07,897260,1.31817e+06,-1.49236e+11,1.56483e+10
1.52712e+07,897295,1.31881e+06,-1.49248e+11,1.55418e+10
1.52748e+07,897329,1.31945e+06,-1.49259e+11,1.54353e+10
1.52784e+07,897362,1.32009e+06,-1.4927e+11,1.53287e+10
1.5282e+07,897396,1.32073e+06,-1.49282e+11,1.52222e+10
1.52856e+07,897429,1.32137e+06,-1.49293e+11,1.51157e+10
1.52892e+07,897462,1.32202e+06,-1.49304e+11,1.50091e+10
1.52928e+07,897495,1.32266e+06,-1.49315e+11,1.49026e+10
1.52964e+07,897528,1.3233e+06,-1.49325e+11,1.4796e+10
1.53e+07,897560,1.32394e+06,-1.49336e+11,1.46894e+10
1.53036e+07,897592,1.32458e+06,-1.49347e+11,1.45829e+10
1.53072e+07,897624,1.32523e+06,-1.49358e+11,1.44763e+10
1.53108e+07,897656,1.32587e+06,-1.49368e+11,1.43697e+10
1.53144e+07,897687,1.32651e+06,-1.49379e+11,1.42631e+10
1.5318e+07,897718,1.32715e+06,-1.49389e+11,1.41565e+10
1.53216e+07,897749,1.32779e+06,-1.49399e+11,1.40499e+10
1.53252e+07,897780,1.32844e+06,-1.4941e+11,1.39432e+10
1.53288e+07,897811,1.32908e+06,-1.4942e+11,1.38366e+10
1.53324e+07,897841,1.32972e+06,-1.4943e+11,1.373e+10
1.5336e+07,897871,1.33036e+06,-1.4944e+11,1.36233e+10
1.53396e+07,897901,1.331e+06,-1.4945e+11,1.35167e+10
1.53432e+07,897931,1.33165e+06,-1.4946e+11,1.341e+10
1.53468e+07,897960,1.33229e+06,-1.49469e+11,1.33034e+10
1.53504e+07,897989,1.33293e+06,-1.49479e+11,1.31967e+10
1.5354e+07,898018,1.33357e+06,-1.49489e+11,1.309e+10
1.53576e+07,898047,1.33422e+06,-1.49498e+11,1.29833e+10
1.53612e+07,898075,1.33486e+06,-1.49508e+11,1.28766e+10
1.53648e+07,898104,1.3355e+06,-1.49517e+11,1.27699e+10
1.53684e+07,898132,1.33614e+06,-1.49527e+11,1.26632e+10
1.5372e+07,898160,1.33678e+06,-1.49536e+11,1.25565e+10
1.53756e+07,898187,1.33743e+06,-1.49545e+11,1.24498e+10
1.53792e+07,898214,1.33807e+06,-1.49554e+11,1.23431e+10
1.53828e+07,898242,1.33871e+06,-1.49563e+11,1.22364e+10
1.53864e+07,898268,1.33935e+06,-1.49572e+11,1.21296e+10
1.539e+07,898295,1.34e+06,-1.49581e+11,1.20229e+10
1.53936e+07,898322,1.34064e+06,-1.4959e+11,1.19161e+10
1.53972e+07,898348,1.34128e+06,-1.49599e+11,1.18094e+10
1.54008e+07,898374,1.34192e+06,-1.49607e+11,1.17026e+10
1.54044e+07,898400,1.34257e+06,-1.49616e+11,1.15959e+10
1.5408e+07,898425,1.34321e+06,-1.49624e+11,1.14891e+10
1.54116e+07,898450,1.34385e+06,-1.49633e+11,1.13823e+10
1.54152e+07,898475,1.34449e+06,-1.49641e+11,1.12755e+10
1.54188e+07,898500,1.34514e+06,-1.49649e+11,1.11687e+10
1.54224e+07,898525,1.34578e+06,-1.49658e+11,1.10619e+10
1.5426e+07,898549,1.34642e+06,-1.49666e+11,1.09551e+10
1.54296e+07,898573,1.34706e+06,-1.49674e+11,1.08483e+10
1.54332e+07,898597,1.34771e+06,-1.49682e+11,1.07415e+10
1.54368e+07,898621,1.34835e+06,-1.4969e+11,1.06347e+10
1.54404e+07,898644,1.34899e+06,-1.49697e+11,1.05279e+10
1.5444e+07,898668,1.34963e+06,-1.49705e+11,1.0421e+10
1.54476e+07,898691,1.35028e+06,-1.49713e+11,1.03142e+10
1.54512e+07,898713,1.35092e+06,-1.4972e+11,1.02074e+10
1.54548e+07,898736,1.35156e+06,-1.49728e+11,1.01005e+10
1.54584e+07,898758,1.3522e+06,-1.49735e+11,9.99368e+09
1.5462e+07,898780,1.35285e+06,-1.49743e+11,9.88682e+09
1.54656e+07,898802,1.35349e+06,-1.4975e+11,9.77996e+09
1.54692e+07,898824,1.35413e+06,-1.49757e+11,9.6731e+09
1.54728e+07,898845,1.35478e+06,-1.49764e+11,9.56623e+09
1.54764e+07,898866,1.35542e+06,-1.49771e+11,9.45935e+09
1.548e+07,898887,1.35606e+06,-1.49778e+11,9.35247e+09
1.54836e+07,898908,1.3567e+06,-1.49785e+11,9.24559e+09
1.54872e+07,898929,1.35735e+06,-1.49792e+11,9.1387e+09
1.54908e+07,898949,1.35799e+06,-1.49799e+11,9.0318e+09
1.54944e+07,898969,1.35863e+06,-1.49805e+11,8.9249e+09
1.5498e+07,898989,1.35928e+06,-1.49812e+11,8.818e+09
1.55016e+07,899008,1.35992e+06,-1.49819e+11,8.71109e+09
1.55052e+07,899028,1.36056e+06,-1.49825e+11,8.60418e+09
1.55088e+07,899047,1.3612e+06,-1.49831e+11,8.49726e+09
1.55124e+07,899066,1.36185e+06,-1.49838e+11,8.39034e+09
1.5516e+07,899084,1.36249e+06,-1.49844e+11,8.28342e+09
1.55196e+07,899103,1.36313e+06,-1.4985e+11,8.17649e+09
1.55232e+07,899121,1.36378e+06,-1.49856e+11,8.06955e+09
1.55268e+07,899139,1.36442e+06,-1.49862e+11,7.96262e+09
1.55304e+07,899157,1.36506e+06,-1.49868e+11,7.85567e+09
1.5534e+07,899174,1.3657e+06,-1.49874e+11,7.74873e+09
1.55376e+07,899191,1.36635e+06,-1.4988e+11,7.64178e+09
1.55412e+07,899208,1.36699e+06,-1.49885e+11,7.53482e+09
1.55448e+07,899225,1.36763e+06,-1.49891e+11,7.42786e+09
1.55484e+07,899242,1.36828e+06,-1.49896e+11,7.3209e+09
1.5552e+07,899258,1.36892e+06,-1.49902e+11,7.21394e+09
1.55556e+07,899274,1.36956e+06,-1.49907e+11,7.10697e+09
1.55592e+07,899290,1.37021e+06,-1.49912e+11,6.99999e+09
1.55628e+07,899306,1.37085e+06,-1.49918e+11,6.89302e+09
1.55664e+07,899321,1.37149e+06,-1.49923e+11,6.78604e+09
1.557e+07,899337,1.37214e+06,-1.49928e+11,6.67905e+09
1.55736e+07,899352,1.37278e+06,-1.49933e+11,6.57207e+09
1.55772e+07,899366,1.37342e+06,-1.49938e+11,6.46508e+09
1.55808e+07,899381,1.37406e+06,-1.49943e+11,6.35808e+09
1.55844e+07,899395,1.37471e+06,-1.49947e+11,6.25108e+09
1.5588e+07,899409,1.37535e+06,-1.49952e+11,6.14408e+09
1.55916e+07,899423,1.37599e+06,-1.49957e+11,6.03708e+09
1.55952e+07,899437,1.37664e+06,-1.49961e+11,5.93007e+09
1.55988e+07,899450,1.37728e+06,-1.49966e+11,5.82306e+09
1.56024e+07,899463,1.37792e+06,-1.4997e+11,5.71605e+09
1.5606e+07,899476,1.37857e+06,-1.49974e+11,5.60903e+09
1.56096e+07,899489,1.37921e+06,-1.49979e+11,5.50202e+09
1.56132e+07,899501,1.37985e+06,-1.49983e+11,5.39499e+09
1.56168e+07,899514,1.3805e+06,-1.49987e+11,5.28797e+09
1.56204e+07,899526,1.38114e+06,-1.49991e+11,5.18094e+09
1.5624e+07,899537,1.38178e+06,-1.49995e+11,5.07391e+09
1.56276e+07,899549,1.38243e+06,-1.49999e+11,4.96688e+09
1.56312e+07,899560,1.38307e+06,-1.50002e+11,4.85985e+09
1.56348e+07,899571,1.38371e+06,-1.50006e+11,4.75281e+09
1.56384e+07,899582,1.38436e+06,-1.5001e+11,4.64577e+09
1.5642e+07,899593,1.385e+06,-1.50013e+11,4.53872e+09
1.56456e+07,899603,1.38564e+06,-1.50017e+11,4.43168e+09
1.56492e+07,899613,1.38629e+06,-1.5002e+11,4.32463e+09
1.56528e+07,899623,1.38693e+06,-1.50023e+11,4.21758e+09
1.56564e+07,899633,1.38757e+06,-1.50027e+11,4.11053e+09
1.566e+07,899643,1.38822e+06,-1.5003e+11,4.00348e+09
1.56636e+07,899652,1.38886e+06,-1.50033e+11,3.89642e+09
1.56672e+07,899661,1.3895e+06,-1.50036e+11,3.78936e+09
1.56708e+07,899670,1.39015e+06,-1.50039e+11,3.6823e+09
1.56744e+07,899678,1.39079e+06,-1.50042e+11,3.57524e+09
1.5678e+07,899687,1.39143e+06,-1.50044e+11,3.46818e+09
1.56816e+07,899695,1.39208e+06,-1.50047e+11,3.36111e+09
1.56852e+07,899703,1.39272e+06,-1.5005e+11,3.25405e+09
1.56888e+07,899710,1.39336e+06,-1.50052e+11,3.14698e+09
1.56924e+07,899718,1.39401e+06,-1.50055e+11,3.03991e+09
1.5696e+07,899725,1.39465e+06,-1.50057e+11,2.93283e+09
1.56996e+07,899732,1.39529e+06,-1.5006e+11,2.82576e+09
1.57032e+07,899739,1.39594e+06,-1.50062e+11,2.71869e+09
1.57068e+07,899745,1.39658e+06,-1.50064e+11,2.61161e+09
1.57104e+07,899751,1.39722e+06,-1.50066e+11,2.50453e+09
1.5714e+07,899757,1.39787e+06,-1.50068e+11,2.39745e+09
1.57176e+07,899763,1.39851e+06,-1.5007e+11,2.29037e+09
1.57212e+07,899769,1.39915e+06,-1.50072e+11,2.18329e+09
1.57248e+07,899774,1.3998e+06,-1.50074e+11,2.07621e+09
1.57284e+07,899779,1.40044e+06,-1.50075e+11,1.96912e+09
1.5732e+07,899784,1.40108e+06,-1.50077e+11,1.86204e+09
1.57356e+07,899789,1.40173e+06,-1.50079e+11,1.75495e+09
1.57392e+07,899793,1.40237e+06,-1.5008e+11,1.64786e+09
1.57428e+07,899798,1.40301e+06,-1.50081e+11,1.54077e+09
1.57464e+07,899802,1.40366e+06,-1.50083e+11,1.43369e+09
1.575e+07,899805,1.4043e+06,-1.50084e+11,1.3266e+09
1.57536e+07,899809,1.40494e+06,-1.50085e+11,1.21951e+09
1.57572e+07,899812,1.40559e+06,-1.50086e+11,1.11241e+09
1.57608e+07,899815,1.40623e+06,-1.50087e+11,1.00532e+09
1.57644e+07,899818,1.40687e+06,-1.50088e+11,8.9823e+08
1.5768e+07,899821,1.40752e+06,-1.50089e+11,7.91137e+08
1.57716e+07,899823,1.40816e+06,-1.5009e+11,6.84044e+08
1.57752e+07,899825,1.40881e+06,-1.50091e+11,5.7695e+08
1.57788e+07,899827,1.40945e+06,-1.50091e+11,4.69856e+08
1.57824e+07,899829,1.41009e+06,-1.50092e+11,3.62762e+08
1.5786e+07,899830,1.41074e+06,-1.50092e+11,2.55667e+08
1.57896e+07,899832,1.41138e+06,-1.50093e+11,1.48572e+08
1.57932e+07,899833,1.41202e+06,-1.50093e+11,4.14776e+07
1.57968e+07,899833,1.41267e+06,-1.50093e+11,-6.56173e+07
1.58004e+07,899834,1.41331e+06,-1.50093e+11,-1.72712e+08
1.5804e+07,899834,1.41395e+06,-1.50094e+11,-2.79807e+08
1.58076e+07,899834,1.4146e+06,-1.50094e+11,-3.86902e+08
1.58112e+07,899834,1.41524e+06,-1.50094e+11,-4.93997e+08
1.58148e+07,899834,1.41588e+06,-1.50093e+11,-6.01091e+08
1.58184e+07,899833,1.41653e+06,-1.50093e+11,-7.08185e+08
1.5822e+07,899832,1.41717e+06,-1.50093e+11,-8.15279e+08
1.58256e+07,899831,1.41781e+06,-1.50093e+11,-9.22373e+08
1.58292e+07,899830,1.41846e+06,-1.50092e+11,-1.02947e+09
1.58328e+07,899828,1.4191e+06,-1.50092e+11,-1.13656e+09
1.58364e+07,899827,1.41974e+06,-1.50091e+11,-1.24365e+09
1.584e+07,899825,1.42039e+06,-1.5009e+11,-1.35074e+09
1.58436e+07,899823,1.42103e+06,-1.5009e+11,-1.45783e+09
1.58472e+07,899820,1.42167e+06,-1.50089e+11,-1.56492e+09
1.58508e+07,899817,1.42232e+06,-1.50088e+11,-1.67201e+09
1.58544e+07,899815,1.42296e+06,-1.50087e+11,-1.7791e+09
1.5858e+07,899811,1.4236e+06,-1.50086e+11,-1.88619e+09
1.58616e+07,899808,1.42425e+06,-1.50085e+11,-1.99328e+09
1.58652e+07,899804,1.42489e+06,-1.50084e+11,-2.10036e+09
1.58688e+07,899801,1.42553e+06,-1.50082e+11,-2.20745e+09
1.58724e+07,899797,1.42618e+06,-1.50081e+11,-2.31453e+09
1.5876e+07,899792,1.42682e+06,-1.5008e+11,-2.42161e+09
1.58796e+07,899788,1.42746e+06,-1.50078e+11,-2.5287e+09
1.58832e+07,899783,1.42811e+06,-1.50077e+11,-2.63578e+09
1.58868e+07,899778,1.42875e+06,-1.50075e+11,-2.74286e+09
1.58904e+07,899773,1.42939e+06,-1.50073e+11,-2.84993e+09
1.5894e+07,899768,1.43004e+06,-1.50071e+11,-2.95701e+09
1.58976e+07,899762,1.43068e+06,-1.5007e+11,-3.06408e+09
1.59012e+07,899756,1.43133e+06,-1.50068e+11,-3.17116e+09
1.59048e+07,899750,1.43197e+06,-1.50066e+11,-3.27823e+09
1.59084e+07,899744,1.43261e+06,-1.50063e+11,-3.3853e+09
1.5912e+07,899737,1.43326e+06,-1.50061e+11,-3.49237e+09
1.59156e+07,899730,1.4339e+06,-1.50059e+11,-3.59944e+09
1.59192e+07,899723,1.43454e+06,-1.50057e+11,-3.7065e+09
1.59228e+07,899716,1.43519e+06,-1.50054e+11,-3.81356e+09
1.59264e+07,899709,1.43583e+06,-1.50052e+11,-3.92063e+09
1.593e+07,899701,1.43647e+06,-1.50049e+11,-4.02768e+09
1.59336e+07,899693,1.43712e+06,-1.50047e+11,-4.13474e+09
1.59372e+07,899685,1.43776e+06,-1.50044e+11,-4.2418e+09
1.59408e+07,899676,1.4384e+06,-1.50041e+11,-4.34885e+09
1.59444e+07,899668,1.43905e+06,-1.50038e+11,-4.4559e+09
1.5948e+07,899659,1.43969e+06,-1.50035e+11,-4.56295e+09
1.59516e+07,899650,1.44033e+06,-1.50032e+11,-4.67e+09
1.59552e+07,899640,1.44098e+06,-1.50029e+11,-4.77704e+09
1.59588e+07,899631,1.44162e+06,-1.50026e+11,-4.88408e+09
1.59624e+07,899621,1.44226e+06,-1.50023e+11,-4.99112e+09
1.5966e+07,899611,1.4429e+06,-1.50019e+11,-5.09816e+09
1.59696e+07,899601,1.44355e+06,-1.50016e+11,-5.20519e+09
1.59732e+07,899590,1.44419e+06,-1.50012e+11,-5.31223e+09
1.59768e+07,899580,1.44483e+06,-1.50009e+11,-5.41926e+09
1.59804e+07,899569,1.44548e+06,-1.50005e+11,-5.52628e+09
1.5984e+07,899558,1.44612e+06,-1.50002e+11,-5.63331e+09
1.59876e+07,899546,1.44676e+06,-1.49998e+11,-5.74033e+09
1.59912e+07,899535,1.44741e+06,-1.49994e+11,-5.84734e+09
1.59948e+07,899523,1.44805e+06,-1.4999e+11,-5.95436e+09
1.59984e+07,899511,1.44869e+06,-1.49986e+11,-6.06137e+09
1.6002e+07,899499,1.44934e+06,-1.49982e+11,-6.16838e+09
1.60056e+07,899486,1.44998e+06,-1.49978e+11,-6.27539e+09
1.60092e+07,899473,1.45062e+06,-1.49973e+11,-6.38239e+09
1.60128e+07,899460,1.45127e+06,-1.49969e+11,-6.48939e+09
1.60164e+07,899447,1.45191e+06,-1.49965e+11,-6.59639e+09
1.602e+07,899434,1.45255e+06,-1.4996e+11,-6.70338e+09
1.60236e+07,899420,1.4532e+06,-1.49956e+11,-6.81037e+09
1.60272e+07,899406,1.45384e+06,-1.49951e+11,-6.91736e+09
1.60308e+07,899392,1.45448e+06,-1.49946e+11,-7.02434e+09
1.60344e+07,899378,1.45513e+06,-1.49942e+11,-7.13132e+09
1.6038e+07,899363,1.45577e+06,-1.49937e+11,-7.23829e+09
1.60416e+07,899348,1.45641e+06,-1.49932e+11,-7.34527e+09
1.60452e+07,899333,1.45705e+06,-1.49927e+11,-7.45224e+09
1.60488e+07,899318,1.4577e+06,-1.49922e+11,-7.5592e+09
1.60524e+07,899302,1.45834e+06,-1.49917e+11,-7.66616e+09
1.6056e+07,899287,1.45898e+06,-1.49911e+11,-7.77312e+09
1.60596e+07,899271,1.45963e+06,-1.49906e+11,-7.88007e+09
1.60632e+07,899255,1.46027e+06,-1.49901e+11,-7.98702e+09
1.60668e+07,899238,1.46091e+06,-1.49895e+11,-8.09397e+09
1.60704e+07,899222,1.46156e+06,-1.4989e+11,-8.20091e+09
1.6074e+07,899205,1.4622e+06,-1.49884e+11,-8.30784e+09
1.60776e+07,899188,1.46284e+06,-1.49878e+11,-8.41478e+09
1.60812e+07,899170,1.46348e+06,-1.49872e+11,-8.52171e+09
1.60848e+07,899153,1.46413e+06,-1.49867e+11,-8.62863e+09
1.60884e+07,899135,1.46477e+06,-1.49861e+11,-8.73555e+09
1.6092e+07,899117,1.46541e+06,-1.49855e+11,-8.84247e+09
1.60956e+07,899099,1.46606e+06,-1.49849e+11,-8.94938e+09
1.60992e+07,899080,1.4667e+06,-1.49842e+11,-9.05628e+09
1.61028e+07,899062,1.46734e+06,-1.49836e+11,-9.16319e+09
1.61064e+07,899043,1.46799e+06,-1.4983e+11,-9.27008e+09
1.611e+07,899023,1.46863e+06,-1.49824e+11,-9.37698e+09
1.61136e+07,899004,1.46927e+06,-1.49817e+11,-9.48387e+09
1.61172e+07,898984,1.46991e+06,-1.49811e+11,-9.59075e+09
1.61208e+07,898965,1.47056e+06,-1.49804e+11,-9.69763e+09
1.61244e+07,898945,1.4712e+06,-1.49797e+11,-9.8045e+09
1.6128e+07,898924,1.47184e+06,-1.49791e+11,-9.91137e+09
1.61316e+07,898904,1.47248e+06,-1.49784e+11,-1.00182e+10
1.61352e+07,898883,1.47313e+06,-1.49777e+11,-1.01251e+10
1.61388e+07,898862,1.47377e+06,-1.4977e+11,-1.02319e+10
1.61424e+07,898841,1.47441e+06,-1.49763e+11,-1.03388e+10
1.6146e+07,898819,1.47506e+06,-1.49756e+11,-1.04456e+10
1.61496e+07,898798,1.4757e+06,-1.49748e+11,-1.05525e+10
1.61532e+07,898776,1.47634e+06,-1.49741e+11,-1.06593e+10
1.61568e+07,898754,1.47698e+06,-1.49734e+11,-1.07661e+10
1.61604e+07,898731,1.47763e+06,-1.49726e+11,-1.0873e+10
1.6164e+07,898709,1.47827e+06,-1.49719e+11,-1.09798e+10
1.61676e+07,898686,1.47891e+06,-1.49711e+11,-1.10866e+10
1.61712e+07,898663,1.47955e+06,-1.49703e+11,-1.11934e+10
1.61748e+07,898639,1.4802e+06,-1.49696e+11,-1.13002e+10
1.61784e+07,898616,1.48084e+06,-1.49688e+11,-1.1407e+10
1.6182e+07,898592,1.48148e+06,-1.4968e+11,-1.15138e+10
1.61856e+07,898568,1.48212e+06,-1.49672e+11,-1.16206e+10
1.61892e+07,898544,1.48277e+06,-1.49664e+11,-1.17273e+10
1.61928e+07,898520,1.48341e+06,-1.49656e+11,-1.18341e+10
1.61964e+07,898495,1.48405e+06,-1.49648e+11,-1.19409e+10
1.62e+07,898470,1.48469e+06,-1.49639e+11,-1.20476e+10
1.62036e+07,898445,1.48534e+06,-1.49631e+11,-1.21544e+10
1.62072e+07,898420,1.48598e+06,-1.49623e+11,-1.22611e+10
1.62108e+07,898394,1.48662e+06,-1.49614e+11,-1.23679e+10
1.62144e+07,898368,1.48726e+06,-1.49605e+11,-1.24746e+10
1.6218e+07,898342,1.48791e+06,-1.49597e+11,-1.25813e+10
1.62216e+07,898316,1.48855e+06,-1.49588e+11,-1.26881e+10
1.62252e+07,898290,1.48919e+06,-1.49579e+11,-1.27948e+10
1.62288e+07,898263,1.48983e+06,-1.4957e+11,-1.29015e+10
1.62324e+07,898236,1.49048e+06,-1.49561e+11,-1.30082e+10
1.6236e+07,898209,1.49112e+06,-1.49552e+11,-1.31149e+10
1.62396e+07,898181,1.49176e+06,-1.49543e+11,-1.32216e+10
1.62432e+07,898154,1.4924e+06,-1.49534e+11,-1.33282e+10
1.62468e+07,898126,1.49304e+06,-1.49525e+11,-1.34349e+10
1.62504e+07,898098,1.49369e+06,-1.49515e+11,-1.35416e+10
1.6254e+07,898070,1.49433e+06,-1.49506e+11,-1.36483e+10
1.62576e+07,898041,1.49497e+06,-1.49496e+11,-1.37549e+10
1.62612e+07,898012,1.49561e+06,-1.49487e+11,-1.38616e+10
1.62648e+07,897983,1.49625e+06,-1.49477e+11,-1.39682e+10
1.62684e+07,897954,1.4969e+06,-1.49467e+11,-1.40748e+10
1.6272e+07,897925,1.49754e+06,-1.49458e+11,-1.41815e+10
1.62756e+07,897895,1.49818e+06,-1.49448e+11,-1.42881e+10
1.62792e+07,897865,1.49882e+06,-1.49438e+11,-1.43947e+10
1.62828e+07,897835,1.49946e+06,-1.49428e+11,-1.45013e+10
1.62864e+07,897805,1.50011e+06,-1.49418e+11,-1.46079e+10
1.629e+07,897774,1.50075e+06,-1.49407e+11,-1.47145e+10
1.62936e+07,897743,1.50139e+06,-1.49397e+11,-1.48211e+10
1.62972e+07,897712,1.50203e+06,-1.49387e+11,-1.49276e+10
1.63008e+07,897681,1.50267e+06,-1.49376e+11,-1.50342e+10
1.63044e+07,897650,1.50332e+06,-1.49366e+11,-1.51408e+10
1.6308e+07,897618,1.50396e+06,-1.49355e+11,-1.52473e+10
1.63116e+07,897586,1.5046e+06,-1.49345e+11,-1.53539e+10
1.63152e+07,897554,1.50524e+06,-1.49334e+11,-1.54604e+10
1.63188e+07,897521,1.50588e+06,-1.49323e+11,-1.55669e+10
1.63224e+07,897489,1.50652e+06,-1.49312e+11,-1.56735e+10
1.6326e+07,897456,1.50717e+06,-1.49301e+11,-1.578e+10
1.63296e+07,897423,1.50781e+06,-1.4929e+11,-1.58865e+10
1.63332e+07,897389,1.50845e+06,-1.49279e+11,-1.5993e+10
1.63368e+07,897356,1.50909e+06,-1.49268e+11,-1.60995e+10
1.63404e+07,897322,1.50973e+06,-1.49257e+11,-1.62059e+10
1.6344e+07,897288,1.51037e+06,-1.49246e+11,-1.63124e+10
1.63476e+07,897254,1.51102e+06,-1.49234e+11,-1.64189e+10
1.63512e+07,897219,1.51166e+06,-1.49223e+11,-1.65253e+10
1.63548e+07,897185,1.5123e+06,-1.49211e+11,-1.66318e+10
1.63584e+07,897150,1.51294e+06,-1.492e+11,-1.67382e+10
1.6362e+07,897115,1.51358e+06,-1.49188e+11,-1.68447e+10
1.63656e+07,897079,1.51422e+06,-1.49176e+11,-1.69511e+10
1.63692e+07,897044,1.51487e+06,-1.49164e+11,-1.70575e+10
1.63728e+07,897008,1.51551e+06,-1.49152e+11,-1.71639e+10
1.63764e+07,896972,1.51615e+06,-1.4914e+11,-1.72703e+10
1.638e+07,896936,1.51679e+06,-1.49128e+11,-1.73767e+10
1.63836e+07,896899,1.51743e+06,-1.49116e+11,-1.74831e+10
1.63872e+07,896862,1.51807e+06,-1.49104e+11,-1.75894e+10
1.63908e+07,896825,1.51871e+06,-1.49091e+11,-1.76958e+10
1.63944e+07,896788,1.51935e+06,-1.49079e+11,-1.78022e+10
1.6398e+07,896751,1.52e+06,-1.49067e+11,-1.79085e+10
1.64016e+07,896713,1.52064e+06,-1.49054e+11,-1.80148e+10
1.64052e+07,896675,1.52128e+06,-1.49041e+11,-1.81212e+10
1.64088e+07,896637,1.52192e+06,-1.49029e+11,-1.82275e+10
1.64124e+07,896599,1.52256e+06,-1.49016e+11,-1.83338e+10
1.6416e+07,896560,1.5232e+06,-1.49003e+11,-1.84401e+10
1.64196e+07,896521,1.52384e+06,-1.4899e+11,-1.85464e+10
1.64232e+07,896482,1.52448e+06,-1.48977e+11,-1.86527e+10
1.64268e+07,896443,1.52512e+06,-1.48964e+11,-1.87589e+10
1.64304e+07,896404,1.52576e+06,-1.48951e+11,-1.88652e+10
1.6434e+07,896364,1.52641e+06,-1.48938e+11,-1.89714e+10
1.64376e+07,896324,1.52705e+06,-1.48925e+11,-1.90777e+10
1.64412e+07,896284,1.52769e+06,-1.48911e+11,-1.91839e+10
1.64448e+07,896244,1.52833e+06,-1.48898e+11,-1.92901e+10
1.64484e+07,896203,1.52897e+06,-1.48884e+11,-1.93964e+10
1.6452e+07,896162,1.52961e+06,-1.48871e+11,-1.95026e+10
1.64556e+07,896121,1.53025e+06,-1.48857e+11,-1.96088e+10
1.64592e+07,896080,1.53089e+06,-1.48843e+11,-1.97149e+10
1.64628e+07,896038,1.53153e+06,-1.48829e+11,-1.98211e+10
1.64664e+07,895997,1.53217e+06,-1.48815e+11,-1.99273e+10
1.647e+07,895955,1.53281e+06,-1.48801e+11,-2.00334e+10
1.64736e+07,895912,1.53345e+06,-1.48787e+11,-2.01396e+10
1.64772e+07,895870,1.53409e+06,-1.48773e+11,-2.02457e+10
1.64808e+07,895827,1.53474e+06,-1.48759e+11,-2.03518e+10
1.64844e+07,895784,1.53538e+06,-1.48745e+11,-2.04579e+10
1.6488e+07,895741,1.53602e+06,-1.4873e+11,-2.0564e+10
1.64916e+07,895698,1.53666e+06,-1.48716e+11,-2.06701e+10
1.64952e+07,895655,1.5373e+06,-1.48702e+11,-2.07762e+10
1.64988e+07,895611,1.53794e+06,-1.48687e+11,-2.08823e+10
1.65024e+07,895567,1.53858e+06,-1.48672e+11,-2.09883e+10
1.6506e+07,895523,1.53922e+06,-1.48658e+11,-2.10944e+10
1.65096e+07,895478,1.53986e+06,-1.48643e+11,-2.12004e+10
1.65132e+07,895433,1.5405e+06,-1.48628e+11,-2.13065e+10
1.65168e+07,895388,1.54114e+06,-1.48613e+11,-2.14125e+10
1.65204e+07,895343,1.54178e+06,-1.48598e+11,-2.15185e+10
1.6524e+07,895298,1.54242e+06,-1.48583e+11,-2.16245e+10
1.65276e+07,895252,1.54306e+06,-1.48568e+11,-2.17305e+10
1.65312e+07,895207,1.5437e+06,-1.48552e+11,-2.18364e+10
1.65348e+07,895160,1.54434e+06,-1.48537e+11,-2.19424e+10
1.65384e+07,895114,1.54498e+06,-1.48522e+11,-2.20483e+10
1.6542e+07,895068,1.54562e+06,-1.48506e+11,-2.21543e+10
1.65456e+07,895021,1.54626e+06,-1.48491e+11,-2.22602e+10
1.65492e+07,894974,1.5469e+06,-1.48475e+11,-2.23661e+10
1.65528e+07,894927,1.54754e+06,-1.48459e+11,-2.2472e+10
1.65564e+07,894879,1.54818e+06,-1.48443e+11,-2.25779e+10
1.656e+07,894832,1.54882e+06,-1.48428e+11,-2.26838e+10
1.65636e+07,894784,1.54946e+06,-1.48412e+11,-2.27897e+10
1.65672e+07,894736,1.5501e+06,-1.48396e+11,-2.28956e+10
1.65708e+07,894688,1.55074e+06,-1.48379e+11,-2.30014e+10
1.65744e+07,894639,1.55138e+06,-1.48363e+11,-2.31072e+10
1.6578e+07,894590,1.55202e+06,-1.48347e+11,-2.32131e+10
1.65816e+07,894541,1.55266e+06,-1.48331e+11,-2.33189e+10
1.65852e+07,894492,1.5533e+06,-1.48314e+11,-2.34247e+10
1.65888e+07,894443,1.55394e+06,-1.48298e+11,-2.35305e+10
1.65924e+07,894393,1.55458e+06,-1.48281e+11,-2.36362e+10
1.6596e+07,894343,1.55521e+06,-1.48265e+11,-2.3742e+10
1.65996e+07,894293,1.55585e+06,-1.48248e+11,-2.38478e+10
1.66032e+07,894243,1.55649e+06,-1.48231e+11,-2.39535e+10
1.66068e+07,894192,1.55713e+06,-1.48214e+11,-2.40592e+10
1.66104e+07,894141,1.55777e+06,-1.48198e+11,-2.4165e+10
1.6614e+07,894090,1.55841e+06,-1.48181e+11,-2.42707e+10
1.66176e+07,894039,1.55905e+06,-1.48163e+11,-2.43764e+10
1.66212e+07,893987,1.55969e+06,-1.48146e+11,-2.4482e+10
1.66248e+07,893936,1.56033e+06,-1.48129e+11,-2.45877e+10
1.66284e+07,893884,1.56097e+06,-1.48112e+11,-2.46934e+10
1.6632e+07,893832,1.56161e+06,-1.48094e+11,-2.4799e+10
1.66356e+07,893779,1.56225e+06,-1.48077e+11,-2.49046e+10
1.66392e+07,893727,1.56289e+06,-1.48059e+11,-2.50103e+10
1.66428e+07,893674,1.56352e+06,-1.48042e+11,-2.51159e+10
1.66464e+07,893621,1.56416e+06,-1.48024e+11,-2.52215e+10
1.665e+07,893567,1.5648e+06,-1.48006e+11,-2.5327e+10
1.66536e+07,893514,1.56544e+06,-1.47989e+11,-2.54326e+10
1.66572e+07,893460,1.56608e+06,-1.47971e+11,-2.55382e+10
1.66608e+07,893406,1.56672e+06,-1.47953e+11,-2.56437e+10
1.66644e+07,893352,1.56736e+06,-1.47935e+11,-2.57492e+10
1.6668e+07,893298,1.568e+06,-1.47917e+11,-2.58548e+10
1.66716e+07,893243,1.56863e+06,-1.47898e+11,-2.59603e+10
1.66752e+07,893188,1.56927e+06,-1.4788e+11,-2.60657e+10
1.66788e+07,893133,1.56991e+06,-1.47862e+11,-2.61712e+10
1.66824e+07,893078,1.57055e+06,-1.47843e+11,-2.62767e+10
1.6686e+07,893022,1.57119e+06,-1.47825e+11,-2.63821e+10
1.66896e+07,892966,1.57183e+06,-1.47806e+11,-2.64876e+10
1.66932e+07,892910,1.57247e+06,-1.47788e+11,-2.6593e+10
1.66968e+07,892854,1.5731e+06,-1.47769e+11,-2.66984e+10
1.67004e+07,892798,1.57374e+06,-1.4775e+11,-2.68038e+10
1.6704e+07,892741,1.57438e+06,-1.47731e+11,-2.69092e+10
1.67076e+07,892684,1.57502e+06,-1.47712e+11,-2.70146e+10
1.67112e+07,892627,1.57566e+06,-1.47693e+11,-2.71199e+10
1.67148e+07,892570,1.5763e+06,-1.47674e+11,-2.72252e+10
1.67184e+07,892512,1.57693e+06,-1.47655e+11,-2.73306e+10
1.6722e+07,892454,1.57757e+06,-1.47636e+11,-2.74359e+10
1.67256e+07,892396,1.57821e+06,-1.47616e+11,-2.75412e+10
1.67292e+07,892338,1.57885e+06,-1.47597e+11,-2.76465e+10
1.67328e+07,892279,1.57949e+06,-1.47577e+11,-2.77518e+10
1.67364e+07,892221,1.58012e+06,-1.47558e+11,-2.7857e+10
1.674e+07,892162,1.58076e+06,-1.47538e+11,-2.79623e+10
1.67436e+07,892103,1.5814e+06,-1.47519e+11,-2.80675e+10
1.67472e+07,892043,1.58204e+06,-1.47499e+11,-2.81727e+10
1.67508e+07,891984,1.58268e+06,-1.47479e+11,-2.82779e+10
1.67544e+07,891924,1.58331e+06,-1.47459e+11,-2.83831e+10
1.6758e+07,891864,1.58395e+06,-1.47439e+11,-2.84883e+10
1.67616e+07,891804,1.58459e+06,-1.47419e+11,-2.85934e+10
1.67652e+07,891743,1.58523e+06,-1.47399e+11,-2.86986e+10
1.67688e+07,891682,1.58586e+06,-1.47379e+11,-2.88037e+10
1.67724e+07,891621,1.5865e+06,-1.47358e+11,-2.89088e+10
1.6776e+07,891560,1.58714e+06,-1.47338e+11,-2.90139e+10
1.67796e+07,891499,1.58778e+06,-1.47317e+11,-2.9119e+10
1.67832e+07,891437,1.58841e+06,-1.47297e+11,-2.92241e+10
1.67868e+07,891375,1.58905e+06,-1.47276e+11,-2.93291e+10
1.67904e+07,891313,1.58969e+06,-1.47256e+11,-2.94342e+10
1.6794e+07,891251,1.59033e+06,-1.47235e+11,-2.95392e+10
1.67976e+07,891188,1.59096e+06,-1.47214e+11,-2.96442e+10
1.68012e+07,891126,1.5916e+06,-1.47193e+11,-2.97492e+10
1.68048e+07,891063,1.59224e+06,-1.47172e+11,-2.98542e+10
1.68084e+07,890999,1.59287e+06,-1.47151e+11,-2.99591e+10
1.6812e+07,890936,1.59351e+06,-1.4713e+11,-3.00641e+10
1.68156e+07,890872,1.59415e+06,-1.47109e+11,-3.0169e+10
1.68192e+07,890809,1.59478e+06,-1.47088e+11,-3.0274e+10
1.68228e+07,890744,1.59542e+06,-1.47066e+11,-3.03789e+10
1.68264e+07,890680,1.59606e+06,-1.47045e+11,-3.04837e+10
1.683e+07,890616,1.59669e+06,-1.47023e+11,-3.05886e+10
1.68336e+07,890551,1.59733e+06,-1.47002e+11,-3.06935e+10
1.68372e+07,890486,1.59797e+06,-1.4698e+11,-3.07983e+10
1.68408e+07,890421,1.5986e+06,-1.46958e+11,-3.09031e+10
1.68444e+07,890355,1.59924e+06,-1.46937e+11,-3.1008e+10
1.6848e+07,890290,1.59988e+06,-1.46915e+11,-3.11128e+10
1.68516e+07,890224,1.60051e+06,-1.46893e+11,-3.12175e+10
1.68552e+07,890158,1.60115e+06,-1.46871e+11,-3.13223e+10
1.68588e+07,890091,1.60179e+06,-1.46849e+11,-3.14271e+10
1.68624e+07,890025,1.60242e+06,-1.46826e+11,-3.15318e+10
1.6866e+07,889958,1.60306e+06,-1.46804e+11,-3.16365e+10
1.68696e+07,889891,1.6037e+06,-1.46782e+11,-3.17412e+10
1.68732e+07,889824,1.60433e+06,-1.4676e+11,-3.18459e+10
1.68768e+07,889756,1.60497e+06,-1.46737e+11,-3.19506e+10
1.68804e+07,889688,1.6056e+06,-1.46715e+11,-3.20552e+10
1.6884e+07,889621,1.60624e+06,-1.46692e+11,-3.21598e+10
1.68876e+07,889552,1.60688e+06,-1.46669e+11,-3.22645e+10
1.68912e+07,889484,1.60751e+06,-1.46646e+11,-3.23691e+10
1.68948e+07,889415,1.60815e+06,-1.46624e+11,-3.24737e+10
1.68984e+07,889347,1.60878e+06,-1.46601e+11,-3.25782e+10
1.6902e+07,889278,1.60942e+06,-1.46578e+11,-3.26828e+10
1.69056e+07,889208,1.61006e+06,-1.46555e+11,-3.27873e+10
1.69092e+07,889139,1.61069e+06,-1.46532e+11,-3.28918e+10
1.69128e+07,889069,1.61133e+06,-1.46508e+11,-3.29963e+10
1.69164e+07,888999,1.61196e+06,-1.46485e+11,-3.31008e+10
1.692e+07,888929,1.6126e+06,-1.46462e+11,-3.32053e+10
1.69236e+07,888859,1.61323e+06,-1.46438e+11,-3.33098e+10
1.69272e+07,888788,1.61387e+06,-1.46415e+11,-3.34142e+10
1.69308e+07,888717,1.61451e+06,-1.46391e+11,-3.35186e+10
1.69344e+07,888646,1.61514e+06,-1.46367e+11,-3.3623e+10
1.6938e+07,888575,1.61578e+06,-1.46344e+11,-3.37274e+10
1.69416e+07,888504,1.61641e+06,-1.4632e+11,-3.38318e+10
1.69452e+07,888432,1.61705e+06,-1.46296e+11,-3.39361e+10
1.69488e+07,888360,1.61768e+06,-1.46272e+11,-3.40405e+10
1.69524e+07,888288,1.61832e+06,-1.46248e+11,-3.41448e+10
1.6956e+07,888215,1.61895e+06,-1.46224e+11,-3.42491e+10
1.69596e+07,888143,1.61959e+06,-1.462e+11,-3.43534e+10
1.69632e+07,888070,1.62022e+06,-1.46176e+11,-3.44576e+10
1.69668e+07,887997,1.62086e+06,-1.46151e+11,-3.45619e+10
1.69704e+07,887924,1.62149e+06,-1.46127e+11,-3.46661e+10
1.6974e+07,887850,1.62213e+06,-1.46102e+11,-3.47703e+10
1.69776e+07,887777,1.62276e+06,-1.46078e+11,-3.48745e+10
1.69812e+07,887703,1.6234e+06,-1.46053e+11,-3.49787e+10
1.69848e+07,887628,1.62403e+06,-1.46028e+11,-3.50829e+10
1.69884e+07,887554,1.62466e+06,-1.46004e+11,-3.5187e+10
1.6992e+07,887479,1.6253e+06,-1.45979e+11,-3.52911e+10
1.69956e+07,887405,1.62593e+06,-1.45954e+11,-3.53952e+10
1.69992e+07,887330,1.62657e+06,-1.45929e+11,-3.54993e+10
1.70028e+07,887254,1.6272e+06,-1.45904e+11,-3.56034e+10
1.70064e+07,887179,1.62784e+06,-1.45879e+11,-3.57075e+10
1.701e+07,887103,1.62847e+06,-1.45853e+11,-3.58115e+10
1.70136e+07,887027,1.62911e+06,-1.45828e+11,-3.59155e+10
1.70172e+07,886951,1.62974e+06,-1.45803e+11,-3.60195e+10
1.70208e+07,886875,1.63037e+06,-1.45777e+11,-3.61235e+10
1.70244e+07,886798,1.63101e+06,-1.45752e+11,-3.62274e+10
1.7028e+07,886721,1.63164e+06,-1.45726e+11,-3.63314e+10
1.70316e+07,886644,1.63228e+06,-1.45701e+11,-3.64353e+10
1.70352e+07,886567,1.63291e+06,-1.45675e+11,-3.65392e+10
1.70388e+07,886489,1.63354e+06,-1.45649e+11,-3.66431e+10
1.70424e+07,886412,1.63418e+06,-1.45623e+11,-3.6747e+10
1.7046e+07,886334,1.63481e+06,-1.45597e+11,-3.68508e+10
1.70496e+07,886256,1.63544e+06,-1.45571e+11,-3.69547e+10
1.70532e+07,886177,1.63608e+06,-1.45545e+11,-3.70585e+10
1.70568e+07,886099,1.63671e+06,-1.45519e+11,-3.71623e+10
1.70604e+07,886020,1.63735e+06,-1.45493e+11,-3.7266e+10
1.7064e+07,885941,1.63798e+06,-1.45466e+11,-3.73698e+10
1.70676e+07,885861,1.63861e+06,-1.4544e+11,-3.74735e+10
1.70712e+07,885782,1.63925e+06,-1.45413e+11,-3.75773e+10
1.70748e+07,885702,1.63988e+06,-1.45387e+11,-3.7681e+10
1.70784e+07,885622,1.64051e+06,-1.4536e+11,-3.77846e+10
1.7082e+07,885542,1.64114e+06,-1.45334e+11,-3.78883e+10
1.70856e+07,885462,1.64178e+06,-1.45307e+11,-3.79919e+10
1.70892e+07,885381,1.64241e+06,-1.4528e+11,-3.80956e+10
1.70928e+07,885300,1.64304e+06,-1.45253e+11,-3.81992e+10
1.70964e+07,885219,1.64368e+06,-1.45226e+11,-3.83028e+10
1.71e+07,885138,1.64431e+06,-1.45199e+11,-3.84063e+10
1.71036e+07,885057,1.64494e+06,-1.45172e+11,-3.85099e+10
1.71072e+07,884975,1.64558e+06,-1.45145e+11,-3.86134e+10
1.71108e+07,884893,1.64621e+06,-1.45117e+11,-3.87169e+10
1.71144e+07,884811,1.64684e+06,-1.4509e+11,-3.88204e+10
1.7118e+07,884728,1.64747e+06,-1.45063e+11,-3.89239e+10
1.71216e+07,884646,1.64811e+06,-1.45035e+11,-3.90273e+10
1.71252e+07,884563,1.64874e+06,-1.45007e+11,-3.91307e+10
1.71288e+07,884480,1.64937e+06,-1.4498e+11,-3.92342e+10
1.71324e+07,884397,1.65e+06,-1.44952e+11,-3.93375e+10
1.7136e+07,884313,1.65063e+06,-1.44924e+11,-3.94409e+10
1.71396e+07,884230,1.65127e+06,-1.44896e+11,-3.95443e+10
1.71432e+07,884146,1.6519e+06,-1.44868e+11,-3.96476e+10
1.71468e+07,884062,1.65253e+06,-1.4484e+11,-3.97509e+10
1.71504e+07,883977,1.65316e+06,-1.44812e+11,-3.98542e+10
1.7154e+07,883893,1.6538e+06,-1.44784e+11,-3.99575e+10
1.71576e+07,883808,1.65443e+06,-1.44756e+11,-4.00607e+10
1.71612e+07,883723,1.65506e+06,-1.44728e+11,-4.01639e+10
1.71648e+07,883637,1.65569e+06,-1.44699e+11,-4.02671e+10
1.71684e+07,883552,1.65632e+06,-1.44671e+11,-4.03703e+10
1.7172e+07,883466,1.65695e+06,-1.44642e+11,-4.04735e+10
1.71756e+07,883380,1.65759e+06,-1.44614e+11,-4.05766e+10
1.71792e+07,883294,1.65822e+06,-1.44585e+11,-4.06798e+10
1.71828e+07,883208,1.65885e+06,-1.44556e+11,-4.07829e+10
1.71864e+07,883121,1.65948e+06,-1.44527e+11,-4.0886e+10
1.719e+07,883035,1.66011e+06,-1.44498e+11,-4.0989e+10
1.71936e+07,882948,1.66074e+06,-1.44469e+11,-4.10921e+10
1.71972e+07,882860,1.66137e+06,-1.4444e+11,-4.11951e+10
1.72008e+07,882773,1.66201e+06,-1.44411e+11,-4.12981e+10
1.72044e+07,882685,1.66264e+06,-1.44382e+11,-4.14011e+10
1.7208e+07,882597,1.66327e+06,-1.44353e+11,-4.1504e+10
1.72116e+07,882509,1.6639e+06,-1.44323e+11,-4.1607e+10
1.72152e+07,882421,1.66453e+06,-1.44294e+11,-4.17099e+10
1.72188e+07,882332,1.66516e+06,-1.44265e+11,-4.18128e+10
1.72224e+07,882244,1.66579e+06,-1.44235e+11,-4.19157e+10
1.7226e+07,882155,1.66642e+06,-1.44205e+11,-4.20185e+10
1.72296e+07,882065,1.66705e+06,-1.44176e+11,-4.21213e+10
1.72332e+07,881976,1.66768e+06,-1.44146e+11,-4.22241e+10
1.72368e+07,881886,1.66831e+06,-1.44116e+11,-4.23269e+10
1.72404e+07,881796,1.66894e+06,-1.44086e+11,-4.24297e+10
1.7244e+07,881706,1.66957e+06,-1.44056e+11,-4.25325e+10
1.72476e+07,881616,1.6702e+06,-1.44026e+11,-4.26352e+10
1.72512e+07,881526,1.67083e+06,-1.43996e+11,-4.27379e+10
1.72548e+07,881435,1.67146e+06,-1.43966e+11,-4.28406e+10
1.72584e+07,881344,1.6721e+06,-1.43935e+11,-4.29432e+10
1.7262e+07,881253,1.67273e+06,-1.43905e+11,-4.30459e+10
1.72656e+07,881161,1.67336e+06,-1.43875e+11,-4.31485e+10
1.72692e+07,881070,1.67399e+06,-1.43844e+11,-4.32511e+10
1.72728e+07,880978,1.67461e+06,-1.43813e+11,-4.33536e+10
1.72764e+07,880886,1.67524e+06,-1.43783e+11,-4.34562e+10
1.728e+07,880793,1.67587e+06,-1.43752e+11,-4.35587e+10
1.72836e+07,880701,1.6765e+06,-1.43721e+11,-4.36612e+10
1.72872e+07,880608,1.67713e+06,-1.4369e+11,-4.37637e+10
1.72908e+07,880515,1.67776e+06,-1.43659e+11,-4.38662e+10
1.72944e+07,880422,1.67839e+06,-1.43628e+11,-4.39686e+10
1.7298e+07,880329,1.67902e+06,-1.43597e+11,-4.4071e+10
1.73016e+07,880235,1.67965e+06,-1.43566e+11,-4.41734e+10
1.73052e+07,880141,1.68028e+06,-1.43535e+11,-4.42758e+10
1.73088e+07,880047,1.68091e+06,-1.43504e+11,-4.43782e+10
1.73124e+07,879953,1.68154e+06,-1.43472e+11,-4.44805e+10
1.7316e+07,879859,1.68217e+06,-1.43441e+11,-4.45828e+10
1.73196e+07,879764,1.6828e+06,-1.43409e+11,-4.46851e+10
1.73232e+07,879669,1.68343e+06,-1.43378e+11,-4.47873e+10
1.73268e+07,879574,1.68406e+06,-1.43346e+11,-4.48896e+10
1.73304e+07,879479,1.68468e+06,-1.43314e+11,-4.49918e+10
1.7334e+07,879383,1.68531e+06,-1.43282e+11,-4.5094e+10
1.73376e+07,879287,1.68594e+06,-1.4325e+11,-4.51962e+10
1.73412e+07,879191,1.68657e+06,-1.43218e+11,-4.52983e+10
1.73448e+07,879095,1.6872e+06,-1.43186e+11,-4.54004e+10
1.73484e+07,878999,1.68783e+06,-1.43154e+11,-4.55025e+10
1.7352e+07,878902,1.68846e+06,-1.43122e+11,-4.56046e+10
1.73556e+07,878805,1.68908e+06,-1.4309e+11,-4.57067e+10
1.73592e+07,878708,1.68971e+06,-1.43057e+11,-4.58087e+10
1.73628e+07,878611,1.69034e+06,-1.43025e+11,-4.59107e+10
1.73664e+07,878513,1.69097e+06,-1.42993e+11,-4.60127e+10
1.737e+07,878415,1.6916e+06,-1.4296e+11,-4.61147e+10
1.73736e+07,878317,1.69222e+06,-1.42927e+11,-4.62166e+10
1.73772e+07,878219,1.69285e+06,-1.42895e+11,-4.63185e+10
1.73808e+07,878121,1.69348e+06,-1.42862e+11,-4.64204e+10
1.73844e+07,878022,1.69411e+06,-1.42829e+11,-4.65223e+10
1.7388e+07,877923,1.69474e+06,-1.42796e+11,-4.66241e+10
1.73916e+07,877824,1.69536e+06,-1.42763e+11,-4.67259e+10
1.73952e+07,877725,1.69599e+06,-1.4273e+11,-4.68277e+10
1.73988e+07,877626,1.69662e+06,-1.42697e+11,-4.69295e+10
1.74024e+07,877526,1.69725e+06,-1.42664e+11,-4.70313e+10
1.7406e+07,877426,1.69787e+06,-1.4263e+11,-4.7133e+10
1.74096e+07,877326,1.6985e+06,-1.42597e+11,-4.72347e+10
1.74132e+07,877225,1.69913e+06,-1.42564e+11,-4.73364e+10
1.74168e+07,877125,1.69975e+06,-1.4253e+11,-4.7438e+10
1.74204e+07,877024,1.70038e+06,-1.42497e+11,-4.75396e+10
1.7424e+07,876923,1.70101e+06,-1.42463e+11,-4.76413e+10
1.74276e+07,876822,1.70163e+06,-1.42429e+11,-4.77428e+10
1.74312e+07,876720,1.70226e+06,-1.42395e+11,-4.78444e+10
1.74348e+07,876619,1.70289e+06,-1.42362e+11,-4.79459e+10
1.74384e+07,876517,1.70352e+06,-1.42328e+11,-4.80474e+10
1.7442e+07,876415,1.70414e+06,-1.42294e+11,-4.81489e+10
1.74456e+07,876312,1.70477e+06,-1.4226e+11,-4.82504e+10
1.74492e+07,876210,1.70539e+06,-1.42225e+11,-4.83518e+10
1.74528e+07,876107,1.70602e+06,-1.42191e+11,-4.84532e+10
1.74564e+07,876004,1.70665e+06,-1.42157e+11,-4.85546e+10
1.746e+07,875901,1.70727e+06,-1.42123e+11,-4.8656e+10
1.74636e+07,875798,1.7079e+06,-1.42088e+11,-4.87573e+10
1.74672e+07,875694,1.70853e+06,-1.42054e+11,-4.88586e+10
1.74708e+07,875590,1.70915e+06,-1.42019e+11,-4.89599e+10
1.74744e+07,875486,1.70978e+06,-1.41984e+11,-4.90612e+10
1.7478e+07,875382,1.7104e+06,-1.4195e+11,-4.91624e+10
1.74816e+07,875277,1.71103e+06,-1.41915e+11,-4.92636e+10
1.74852e+07,875173,1.71166e+06,-1.4188e+11,-4.93648e+10
1.74888e+07,875068,1.71228e+06,-1.41845e+11,-4.9466e+10
1.74924e+07,874963,1.71291e+06,-1.4181e+11,-4.95671e+10
1.7496e+07,874857,1.71353e+06,-1.41775e+11,-4.96682e+10
1.74996e+07,874752,1.71416e+06,-1.4174e+11,-4.97693e+10
1.75032e+07,874646,1.71478e+06,-1.41705e+11,-4.98704e+10
1.75068e+07,874540,1.71541e+06,-1.41669e+11,-4.99714e+10
1.75104e+07,874434,1.71603e+06,-1.41634e+11,-5.00725e+10
1.7514e+07,874327,1.71666e+06,-1.41598e+11,-5.01734e+10
1.75176e+07,874221,1.71728e+06,-1.41563e+11,-5.02744e+10
1.75212e+07,874114,1.71791e+06,-1.41527e+11,-5.03753e+10
1.75248e+07,874007,1.71853e+06,-1.41492e+11,-5.04762e+10
1.75284e+07,873900,1.71916e+06,-1.41456e+11,-5.05771e+10
1.7532e+07,873792,1.71978e+06,-1.4142e+11,-5.0678e+10
1.75356e+07,873684,1.72041e+06,-1.41384e+11,-5.07788e+10
1.75392e+07,873576,1.72103e+06,-1.41348e+11,-5.08796e+10
1.75428e+07,873468,1.72166e+06,-1.41312e+11,-5.09804e+10
1.75464e+07,873360,1.72228e+06,-1.41276e+11,-5.10812e+10
1.755e+07,873251,1.72291e+06,-1.4124e+11,-5.11819e+10
1.75536e+07,873142,1.72353e+06,-1.41204e+11,-5.12826e+10
1.75572e+07,873033,1.72415e+06,-1.41168e+11,-5.13833e+10
1.75608e+07,872924,1.72478e+06,-1.41131e+11,-5.14839e+10
1.75644e+07,872815,1.7254e+06,-1.41095e+11,-5.15846e+10
1.7568e+07,872705,1.72603e+06,-1.41058e+11,-5.16852e+10
1.75716e+07,872595,1.72665e+06,-1.41022e+11,-5.17858e+10
1.75752e+07,872485,1.72727e+06,-1.40985e+11,-5.18863e+10
1.75788e+07,872375,1.7279e+06,-1.40948e+11,-5.19868e+10
1.75824e+07,872264,1.72852e+06,-1.40911e+11,-5.20873e+10
1.7586e+07,872154,1.72914e+06,-1.40874e+11,-5.21878e+10
1.75896e+07,872043,1.72977e+06,-1.40838e+11,-5.22882e+10
1.75932e+07,871932,1.73039e+06,-1.40801e+11,-5.23886e+10
1.75968e+07,871820,1.73101e+06,-1.40763e+11,-5.2489e+10
1.76004e+07,871709,1.73164e+06,-1.40726e+11,-5.25894e+10
1.7604e+07,871597,1.73226e+06,-1.40689e+11,-5.26897e+10
1.76076e+07,871485,1.73288e+06,-1.40652e+11,-5.27901e+10
1.76112e+07,871373,1.73351e+06,-1.40614e+11,-5.28903e+10
1.76148e+07,871260,1.73413e+06,-1.40577e+11,-5.29906e+10
1.76184e+07,871147,1.73475e+06,-1.40539e+11,-5.30908e+10
1.7622e+07,871035,1.73538e+06,-1.40502e+11,-5.3191e+10
1.76256e+07,870922,1.736e+06,-1.40464e+11,-5.32912e+10
1.76292e+07,870808,1.73662e+06,-1.40426e+11,-5.33913e+10
1.76328e+07,870695,1.73724e+06,-1.40389e+11,-5.34915e+10
1.76364e+07,870581,1.73787e+06,-1.40351e+11,-5.35916e+10
1.764e+07,870467,1.73849e+06,-1.40313e+11,-5.36916e+10
1.76436e+07,870353,1.73911e+06,-1.40275e+11,-5.37917e+10
1.76472e+07,870239,1.73973e+06,-1.40237e+11,-5.38917e+10
1.76508e+07,870124,1.74035e+06,-1.40198e+11,-5.39917e+10
1.76544e+07,870009,1.74098e+06,-1.4016e+11,-5.40916e+10
1.7658e+07,869894,1.7416e+06,-1.40122e+11,-5.41916e+10
1.76616e+07,869779,1.74222e+06,-1.40084e+11,-5.42915e+10
1.76652e+07,869663,1.74284e+06,-1.40045e+11,-5.43913e+10
1.76688e+07,869548,1.74346e+06,-1.40007e+11,-5.44912e+10
1.76724e+07,869432,1.74409e+06,-1.39968e+11,-5.4591e+10
1.7676e+07,869316,1.74471e+06,-1.39929e+11,-5.46908e+10
1.76796e+07,869200,1.74533e+06,-1.39891e+11,-5.47906e+10
1.76832e+07,869083,1.74595e+06,-1.39852e+11,-5.48903e+10
1.76868e+07,868966,1.74657e+06,-1.39813e+11,-5.499e+10
1.76904e+07,868849,1.74719e+06,-1.39774e+11,-5.50897e+10
1.7694e+07,868732,1.74781e+06,-1.39735e+11,-5.51894e+10
1.76976e+07,868615,1.74843e+06,-1.39696e+11,-5.5289e+10
1.77012e+07,868497,1.74906e+06,-1.39657e+11,-5.53886e+10
1.77048e+07,868380,1.74968e+06,-1.39618e+11,-5.54882e+10
1.77084e+07,868262,1.7503e+06,-1.39578e+11,-5.55877e+10
1.7712e+07,868143,1.75092e+06,-1.39539e+11,-5.56872e+10
1.77156e+07,868025,1.75154e+06,-1.39499e+11,-5.57867e+10
1.77192e+07,867906,1.75216e+06,-1.3946e+11,-5.58862e+10
1.77228e+07,867787,1.75278e+06,-1.3942e+11,-5.59856e+10
1.77264e+07,867668,1.7534e+06,-1.39381e+11,-5.6085e+10
1.773e+07,867549,1.75402e+06,-1.39341e+11,-5.61844e+10
1.77336e+07,867430,1.75464e+06,-1.39301e+11,-5.62837e+10
1.77372e+07,867310,1.75526e+06,-1.39261e+11,-5.6383e+10
1.77408e+07,867190,1.75588e+06,-1.39221e+11,-5.64823e+10
1.77444e+07,867070,1.7565e+06,-1.39181e+11,-5.65816e+10
1.7748e+07,866950,1.75712e+06,-1.39141e+11,-5.66808e+10
1.77516e+07,866829,1.75774e+06,-1.39101e+11,-5.678e+10
1.77552e+07,866708,1.75836e+06,-1.39061e+11,-5.68792e+10
1.77588e+07,866587,1.75898e+06,-1.39021e+11,-5.69783e+10
1.77624e+07,866466,1.7596e+06,-1.3898e+11,-5.70774e+10
1.7766e+07,866345,1.76022e+06,-1.3894e+11,-5.71765e+10
1.77696e+07,866223,1.76084e+06,-1.38899e+11,-5.72756e+10
1.77732e+07,866101,1.76146e+06,-1.38859e+11,-5.73746e+10
1.77768e+07,865979,1.76208e+06,-1.38818e+11,-5.74736e+10
1.77804e+07,865857,1.76269e+06,-1.38777e+11,-5.75726e+10
1.7784e+07,865735,1.76331e+06,-1.38737e+11,-5.76715e+10
1.77876e+07,865612,1.76393e+06,-1.38696e+11,-5.77704e+10
1.77912e+07,865489,1.76455e+06,-1.38655e+11,-5.78693e+10
1.77948e+07,865366,1.76517e+06,-1.38614e+11,-5.79682e+10
1.77984e+07,865243,1.76579e+06,-1.38573e+11,-5.8067e+10
1.7802e+07,865119,1.76641e+06,-1.38532e+11,-5.81658e+10
1.78056e+07,864996,1.76703e+06,-1.3849e+11,-5.82646e+10
1.78092e+07,864872,1.76764e+06,-1.38449e+11,-5.83633e+10
1.78128e+07,864748,1.76826e+06,-1.38408e+11,-5.8462e+10
1.78164e+07,864623,1.76888e+06,-1.38366e+11,-5.85607e+10
1.782e+07,864499,1.7695e+06,-1.38325e+11,-5.86593e+10
1.78236e+07,864374,1.77012e+06,-1.38283e+11,-5.87579e+10
1.78272e+07,864249,1.77073e+06,-1.38242e+11,-5.88565e+10
1.78308e+07,864124,1.77135e+06,-1.382e+11,-5.89551e+10
1.78344e+07,863998,1.77197e+06,-1.38158e+11,-5.90536e+10
1.7838e+07,863873,1.77259e+06,-1.38116e+11,-5.91521e+10
1.78416e+07,863747,1.7732e+06,-1.38075e+11,-5.92506e+10
1.78452e+07,863621,1.77382e+06,-1.38033e+11,-5.9349e+10
1.78488e+07,863495,1.77444e+06,-1.37991e+11,-5.94474e+10
1.78524e+07,863368,1.77506e+06,-1.37948e+11,-5.95458e+10
1.7856e+07,863241,1.77567e+06,-1.37906e+11,-5.96441e+10
1.78596e+07,863115,1.77629e+06,-1.37864e+11,-5.97425e+10
1.78632e+07,862988,1.77691e+06,-1.37822e+11,-5.98407e+10
1.78668e+07,862860,1.77753e+06,-1.37779e+11,-5.9939e+10
1.78704e+07,862733,1.77814e+06,-1.37737e+11,-6.00372e+10
1.7874e+07,862605,1.77876e+06,-1.37694e+11,-6.01354e+10
1.78776e+07,862477,1.77938e+06,-1.37652e+11,-6.02336e+10
1.78812e+07,862349,1.77999e+06,-1.37609e+11,-6.03317e+10
1.78848e+07,862221,1.78061e+06,-1.37566e+11,-6.04298e+10
1.78884e+07,862092,1.78122e+06,-1.37523e+11,-6.05279e+10
1.7892e+07,861963,1.78184e+06,-1.37481e+11,-6.06259e+10
1.78956e+07,861834,1.78246e+06,-1.37438e+11,-6.0724e+10
1.78992e+07,861705,1.78307e+06,-1.37395e+11,-6.08219e+10
1.79028e+07,861576,1.78369e+06,-1.37351e+11,-6.09199e+10
1.79064e+07,861446,1.78431e+06,-1.37308e+11,-6.10178e+10
1.791e+07,861316,1.78492e+06,-1.37265e+11,-6.11157e+10
1.79136e+07,861186,1.78554e+06,-1.37222e+11,-6.12136e+10
1.79172e+07,861056,1.78615e+06,-1.37178e+11,-6.13114e+10
1.79208e+07,860926,1.78677e+06,-1.37135e+11,-6.14092e+10
1.79244e+07,860795,1.78738e+06,-1.37091e+11,-6.15069e+10
1.7928e+07,860664,1.788e+06,-1.37048e+11,-6.16047e+10
1.79316e+07,860533,1.78861e+06,-1.37004e+11,-6.17024e+10
1.79352e+07,860402,1.78923e+06,-1.36961e+11,-6.18001e+10
1.79388e+07,860270,1.78984e+06,-1.36917e+11,-6.18977e+10
1.79424e+07,860139,1.79046e+06,-1.36873e+11,-6.19953e+10
1.7946e+07,860007,1.79107e+06,-1.36829e+11,-6.20929e+10
1.79496e+07,859875,1.79169e+06,-1.36785e+11,-6.21904e+10
1.79532e+07,859742,1.7923e+06,-1.36741e+11,-6.22879e+10
1.79568e+07,859610,1.79292e+06,-1.36697e+11,-6.23854e+10
1.79604e+07,859477,1.79353e+06,-1.36653e+11,-6.24829e+10
1.7964e+07,859344,1.79415e+06,-1.36608e+11,-6.25803e+10
1.79676e+07,859211,1.79476e+06,-1.36564e+11,-6.26777e+10
1.79712e+07,859078,1.79538e+06,-1.36519e+11,-6.2775e+10
1.79748e+07,858944,1.79599e+06,-1.36475e+11,-6.28724e+10
1.79784e+07,858810,1.7966e+06,-1.3643e+11,-6.29697e+10
1.7982e+07,858676,1.79722e+06,-1.36386e+11,-6.30669e+10
1.79856e+07,858542,1.79783e+06,-1.36341e+11,-6.31641e+10
1.79892e+07,858408,1.79844e+06,-1.36296e+11,-6.32613e+10
1.79928e+07,858273,1.79906e+06,-1.36252e+11,-6.33585e+10
1.79964e+07,858138,1.79967e+06,-1.36207e+11,-6.34556e+10
1.8e+07,858003,1.80029e+06,-1.36162e+11,-6.35527e+10
1.80036e+07,857868,1.8009e+06,-1.36117e+11,-6.36498e+10
1.80072e+07,857733,1.80151e+06,-1.36072e+11,-6.37468e+10
1.80108e+07,857597,1.80213e+06,-1.36026e+11,-6.38439e+10
1.80144e+07,857461,1.80274e+06,-1.35981e+11,-6.39408e+10
1.8018e+07,857325,1.80335e+06,-1.35936e+11,-6.40378e+10
1.80216e+07,857189,1.80396e+06,-1.3589e+11,-6.41347e+10
1.80252e+07,857053,1.80458e+06,-1.35845e+11,-6.42315e+10
1.80288e+07,856916,1.80519e+06,-1.35799e+11,-6.43284e+10
1.80324e+07,856779,1.8058e+06,-1.35754e+11,-6.44252e+10
1.8036e+07,856642,1.80641e+06,-1.35708e+11,-6.4522e+10
1.80396e+07,856505,1.80703e+06,-1.35663e+11,-6.46187e+10
1.80432e+07,856367,1.80764e+06,-1.35617e+11,-6.47154e+10
1.80468e+07,856229,1.80825e+06,-1.35571e+11,-6.48121e+10
1.80504e+07,856092,1.80886e+06,-1.35525e+11,-6.49088e+10
1.8054e+07,855953,1.80948e+06,-1.35479e+11,-6.50054e+10
1.80576e+07,855815,1.81009e+06,-1.35433e+11,-6.51019e+10
1.80612e+07,855677,1.8107e+06,-1.35387e+11,-6.51985e+10
1.80648e+07,855538,1.81131e+06,-1.35341e+11,-6.5295e+10
1.80684e+07,855399,1.81192e+06,-1.35294e+11,-6.53915e+10
1.8072e+07,855260,1.81253e+06,-1.35248e+11,-6.54879e+10
1.80756e+07,855120,1.81315e+06,-1.35201e+11,-6.55843e+10
1.80792e+07,854981,1.81376e+06,-1.35155e+11,-6.56807e+10
1.80828e+07,854841,1.81437e+06,-1.35108e+11,-6.57771e+10
1.80864e+07,854701,1.81498e+06,-1.35062e+11,-6.58734e+10
1.809e+07,854561,1.81559e+06,-1.35015e+11,-6.59697e+10
1.80936e+07,854421,1.8162e+06,-1.34968e+11,-6.60659e+10
1.80972e+07,854280,1.81681e+06,-1.34922e+11,-6.61621e+10
1.81008e+07,854139,1.81742e+06,-1.34875e+11,-6.62583e+10
1.81044e+07,853998,1.81803e+06,-1.34828e+11,-6.63545e+10
1.8108e+07,853857,1.81864e+06,-1.34781e+11,-6.64506e+10
1.81116e+07,853716,1.81925e+06,-1.34734e+11,-6.65467e+10
1.81152e+07,853574,1.81986e+06,-1.34686e+11,-6.66427e+10
1.81188e+07,853432,1.82047e+06,-1.34639e+11,-6.67387e+10
1.81224e+07,853290,1.82108e+06,-1.34592e+11,-6.68347e+10
1.8126e+07,853148,1.82169e+06,-1.34545e+11,-6.69306e+10
1.81296e+07,853005,1.8223e+06,-1.34497e+11,-6.70266e+10
1.81332e+07,852863,1.82291e+06,-1.3445e+11,-6.71224e+10
1.81368e+07,852720,1.82352e+06,-1.34402e+11,-6.72183e+10
1.81404e+07,852577,1.82413e+06,-1.34354e+11,-6.73141e+10
1.8144e+07,852434,1.82474e+06,-1.34307e+11,-6.74099e+10
1.81476e+07,852290,1.82535e+06,-1.34259e+11,-6.75056e+10
1.81512e+07,852146,1.82596e+06,-1.34211e+11,-6.76013e+10
1.81548e+07,852003,1.82657e+06,-1.34163e+11,-6.7697e+10
1.81584e+07,851859,1.82718e+06,-1.34115e+11,-6.77926e+10
1.8162e+07,851714,1.82779e+06,-1.34067e+11,-6.78882e+10
1.81656e+07,851570,1.8284e+06,-1.34019e+11,-6.79838e+10
1.81692e+07,851425,1.82901e+06,-1.33971e+11,-6.80793e+10
1.81728e+07,851280,1.82961e+06,-1.33923e+11,-6.81748e+10
1.81764e+07,851135,1.83022e+06,-1.33874e+11,-6.82703e+10
1.818e+07,850990,1.83083e+06,-1.33826e+11,-6.83657e+10
1.81836e+07,850844,1.83144e+06,-1.33777e+11,-6.84611e+10
1.81872e+07,850699,1.83205e+06,-1.33729e+11,-6.85565e+10
1.81908e+07,850553,1.83266e+06,-1.3368e+11,-6.86518e+10
1.81944e+07,850407,1.83326e+06,-1.33632e+11,-6.87471e+10
1.8198e+07,850260,1.83387e+06,-1.33583e+11,-6.88424e+10
1.82016e+07,850114,1.83448e+06,-1.33534e+11,-6.89376e+10
1.82052e+07,849967,1.83509e+06,-1.33485e+11,-6.90328e+10
1.82088e+07,849820,1.83569e+06,-1.33436e+11,-6.91279e+10
1.82124e+07,849673,1.8363e+06,-1.33387e+11,-6.92231e+10
1.8216e+07,849526,1.83691e+06,-1.33338e+11,-6.93181e+10
1.82196e+07,849378,1.83752e+06,-1.33289e+11,-6.94132e+10
1.82232e+07,849230,1.83812e+06,-1.3324e+11,-6.95082e+10
1.82268e+07,849083,1.83873e+06,-1.33191e+11,-6.96032e+10
1.82304e+07,848934,1.83934e+06,-1.33141e+11,-6.96981e+10
1.8234e+07,848786,1.83995e+06,-1.33092e+11,-6.9793e+10
1.82376e+07,848637,1.84055e+06,-1.33042e+11,-6.98879e+10
1.82412e+07,848489,1.84116e+06,-1.32993e+11,-6.99827e+10
1.82448e+07,848340,1.84177e+06,-1.32943e+11,-7.00775e+10
1.82484e+07,848191,1.84237e+06,-1.32893e+11,-7.01723e+10
1.8252e+07,848041,1.84298e+06,-1.32844e+11,-7.0267e+10
1.82556e+07,847892,1.84358e+06,-1.32794e+11,-7.03617e+10
1.82592e+07,847742,1.84419e+06,-1.32744e+11,-7.04564e+10
1.82628e+07,847592,1.8448e+06,-1.32694e+11,-7.0551e+10
1.82664e+07,847442,1.8454e+06,-1.32644e+11,-7.06456e+10
1.827e+07,847291,1.84601e+06,-1.32594e+11,-7.07402e+10
1.82736e+07,847141,1.84661e+06,-1.32544e+11,-7.08347e+10
1.82772e+07,846990,1.84722e+06,-1.32494e+11,-7.09292e+10
1.82808e+07,846839,1.84782e+06,-1.32443e+11,-7.10236e+10
1.82844e+07,846688,1.84843e+06,-1.32393e+11,-7.1118e+10
1.8288e+07,846537,1.84904e+06,-1.32343e+11,-7.12124e+10
1.82916e+07,846385,1.84964e+06,-1.32292e+11,-7.13067e+10
1.82952e+07,846233,1.85025e+06,-1.32242e+11,-7.1401e+10
1.82988e+07,846081,1.85085e+06,-1.32191e+11,-7.14953e+10
1.83024e+07,845929,1.85146e+06,-1.3214e+11,-7.15895e+10
1.8306e+07,845777,1.85206e+06,-1.3209e+11,-7.16837e+10
1.83096e+07,845624,1.85266e+06,-1.32039e+11,-7.17779e+10
1.83132e+07,845471,1.85327e+06,-1.31988e+11,-7.1872e+10
1.83168e+07,845318,1.85387e+06,-1.31937e+11,-7.19661e+10
1.83204e+07,845165,1.85448e+06,-1.31886e+11,-7.20601e+10
1.8324e+07,845012,1.85508e+06,-1.31835e+11,-7.21541e+10
1.83276e+07,844858,1.85569e+06,-1.31784e+11,-7.22481e+10
1.83312e+07,844704,1.85629e+06,-1.31732e+11,-7.2342e+10
1.83348e+07,844550,1.85689e+06,-1.31681e+11,-7.24359e+10
1.83384e+07,844396,1.8575e+06,-1.3163e+11,-7.25298e+10
1.8342e+07,844242,1.8581e+06,-1.31578e+11,-7.26236e+10
1.83456e+07,844087,1.8587e+06,-1.31527e+11,-7.27174e+10
1.83492e+07,843932,1.85931e+06,-1.31475e+11,-7.28112e+10
1.83528e+07,843777,1.85991e+06,-1.31424e+11,-7.29049e+10
1.83564e+07,843622,1.86051e+06,-1.31372e+11,-7.29986e+10
1.836e+07,843467,1.86112e+06,-1.3132e+11,-7.30922e+10
1.83636e+07,843311,1.86172e+06,-1.31268e+11,-7.31858e+10
1.83672e+07,843156,1.86232e+06,-1.31217e+11,-7.32794e+10
1.83708e+07,843000,1.86293e+06,-1.31165e+11,-7.33729e+10
1.83744e+07,842843,1.86353e+06,-1.31113e+11,-7.34664e+10
1.8378e+07,842687,1.86413e+06,-1.3106e+11,-7.35599e+10
1.83816e+07,842530,1.86473e+06,-1.31008e+11,-7.36533e+10
1.83852e+07,842374,1.86534e+06,-1.30956e+11,-7.37467e+10
1.83888e+07,842217,1.86594e+06,-1.30904e+11,-7.384e+10
1.83924e+07,842059,1.86654e+06,-1.30851e+11,-7.39333e+10
1.8396e+07,841902,1.86714e+06,-1.30799e+11,-7.40266e+10
1.83996e+07,841744,1.86774e+06,-1.30747e+11,-7.41198e+10
1.84032e+07,841587,1.86835e+06,-1.30694e+11,-7.4213e+10
1.84068e+07,841429,1.86895e+06,-1.30641e+11,-7.43062e+10
1.84104e+07,841270,1.86955e+06,-1.30589e+11,-7.43993e+10
1.8414e+07,841112,1.87015e+06,-1.30536e+11,-7.44924e+10
1.84176e+07,840954,1.87075e+06,-1.30483e+11,-7.45854e+10
1.84212e+07,840795,1.87135e+06,-1.3043e+11,-7.46784e+10
1.84248e+07,840636,1.87195e+06,-1.30377e+11,-7.47714e+10
1.84284e+07,840477,1.87255e+06,-1.30324e+11,-7.48643e+10
1.8432e+07,840317,1.87315e+06,-1.30271e+11,-7.49572e+10
1.84356e+07,840158,1.87376e+06,-1.30218e+11,-7.50501e+10
1.84392e+07,839998,1.87436e+06,-1.30165e+11,-7.51429e+10
1.84428e+07,839838,1.87496e+06,-1.30112e+11,-7.52357e+10
1.84464e+07,839678,1.87556e+06,-1.30058e+11,-7.53284e+10
1.845e+07,839517,1.87616e+06,-1.30005e+11,-7.54211e+10
1.84536e+07,839357,1.87676e+06,-1.29951e+11,-7.55138e+10
1.84572e+07,839196,1.87736e+06,-1.29898e+11,-7.56064e+10
1.84608e+07,839035,1.87796e+06,-1.29844e+11,-7.5699e+10
1.84644e+07,838874,1.87856e+06,-1.29791e+11,-7.57916e+10
1.8468e+07,838713,1.87916e+06,-1.29737e+11,-7.58841e+10
1.84716e+07,838551,1.87976e+06,-1.29683e+11,-7.59766e+10
1.84752e+07,838389,1.88036e+06,-1.29629e+11,-7.6069e+10
1.84788e+07,838227,1.88095e+06,-1.29575e+11,-7.61614e+10
1.84824e+07,838065,1.88155e+06,-1.29521e+11,-7.62537e+10
1.8486e+07,837903,1.88215e+06,-1.29467e+11,-7.63461e+10
1.84896e+07,837740,1.88275e+06,-1.29413e+11,-7.64383e+10
1.84932e+07,837578,1.88335e+06,-1.29359e+11,-7.65306e+10
1.84968e+07,837415,1.88395e+06,-1.29305e+11,-7.66228e+10
1.85004e+07,837252,1.88455e+06,-1.2925e+11,-7.6715e+10
1.8504e+07,837088,1.88515e+06,-1.29196e+11,-7.68071e+10
1.85076e+07,836925,1.88575e+06,-1.29141e+11,-7.68992e+10
1.85112e+07,836761,1.88634e+06,-1.29087e+11,-7.69912e+10
1.85148e+07,836597,1.88694e+06,-1.29032e+11,-7.70832e+10
1.85184e+07,836433,1.88754e+06,-1.28978e+11,-7.71752e+10
1.8522e+07,836269,1.88814e+06,-1.28923e+11,-7.72671e+10
1.85256e+07,836104,1.88874e+06,-1.28868e+11,-7.7359e+10
1.85292e+07,835939,1.88933e+06,-1.28813e+11,-7.74509e+10
1.85328e+07,835775,1.88993e+06,-1.28758e+11,-7.75427e+10
1.85364e+07,835610,1.89053e+06,-1.28703e+11,-7.76345e+10
1.854e+07,835444,1.89113e+06,-1.28648e+11,-7.77262e+10
1.85436e+07,835279,1.89172e+06,-1.28593e+11,-7.78179e+10
1.85472e+07,835113,1.89232e+06,-1.28538e+11,-7.79096e+10
1.85508e+07,834947,1.89292e+06,-1.28483e+11,-7.80012e+10
1.85544e+07,834781,1.89351e+06,-1.28427e+11,-7.80928e+10
1.8558e+07,834615,1.89411e+06,-1.28372e+11,-7.81843e+10
1.85616e+07,834448,1.89471e+06,-1.28317e+11,-7.82758e+10
1.85652e+07,834282,1.8953e+06,-1.28261e+11,-7.83672e+10
1.85688e+07,834115,1.8959e+06,-1.28206e+11,-7.84587e+10
1.85724e+07,833948,1.8965e+06,-1.2815e+11,-7.855e+10
1.8576e+07,833781,1.89709e+06,-1.28094e+11,-7.86414e+10
1.85796e+07,833613,1.89769e+06,-1.28038e+11,-7.87327e+10
1.85832e+07,833446,1.89828e+06,-1.27983e+11,-7.8824e+10
1.85868e+07,833278,1.89888e+06,-1.27927e+11,-7.89152e+10
1.85904e+07,833110,1.89948e+06,-1.27871e+11,-7.90064e+10
1.8594e+07,832942,1.90007e+06,-1.27815e+11,-7.90975e+10
1.85976e+07,832773,1.90067e+06,-1.27759e+11,-7.91886e+10
1.86012e+07,832605,1.90126e+06,-1.27702e+11,-7.92797e+10
1.86048e+07,832436,1.90186e+06,-1.27646e+11,-7.93707e+10
1.86084e+07,832267,1.90245e+06,-1.2759e+11,-7.94617e+10
1.8612e+07,832098,1.90305e+06,-1.27534e+11,-7.95526e+10
1.86156e+07,831928,1.90364e+06,-1.27477e+11,-7.96435e+10
1.86192e+07,831759,1.90424e+06,-1.27421e+11,-7.97344e+10
1.86228e+07,831589,1.90483e+06,-1.27364e+11,-7.98252e+10
1.86264e+07,831419,1.90543e+06,-1.27308e+11,-7.9916e+10
1.863e+07,831249,1.90602e+06,-1.27251e+11,-8.00067e+10
1.86336e+07,831078,1.90661e+06,-1.27194e+11,-8.00974e+10
1.86372e+07,830908,1.90721e+06,-1.27137e+11,-8.0188e+10
1.86408e+07,830737,1.9078e+06,-1.27081e+11,-8.02787e+10
1.86444e+07,830566,1.9084e+06,-1.27024e+11,-8.03692e+10
1.8648e+07,830395,1.90899e+06,-1.26967e+11,-8.04598e+10
1.86516e+07,830224,1.90958e+06,-1.2691e+11,-8.05503e+10
1.86552e+07,830052,1.91018e+06,-1.26852e+11,-8.06407e+10
1.86588e+07,829881,1.91077e+06,-1.26795e+11,-8.07311e+10
1.86624e+07,829709,1.91136e+06,-1.26738e+11,-8.08215e+10
1.8666e+07,829537,1.91196e+06,-1.26681e+11,-8.09118e+10
1.86696e+07,829364,1.91255e+06,-1.26623e+11,-8.10021e+10
1.86732e+07,829192,1.91314e+06,-1.26566e+11,-8.10924e+10
1.86768e+07,829019,1.91374e+06,-1.26508e+11,-8.11826e+10
1.86804e+07,828846,1.91433e+06,-1.26451e+11,-8.12728e+10
1.8684e+07,828673,1.91492e+06,-1.26393e+11,-8.13629e+10
1.86876e+07,828500,1.91551e+06,-1.26335e+11,-8.1453e+10
1.86912e+07,828327,1.91611e+06,-1.26278e+11,-8.1543e+10
1.86948e+07,828153,1.9167e+06,-1.2622e+11,-8.1633e+10
1.86984e+07,827979,1.91729e+06,-1.26162e+11,-8.1723e+10
1.8702e+07,827805,1.91788e+06,-1.26104e+11,-8.18129e+10
1.87056e+07,827631,1.91847e+06,-1.26046e+11,-8.19028e+10
1.87092e+07,827456,1.91906e+06,-1.25988e+11,-8.19926e+10
1.87128e+07,827282,1.91966e+06,-1.2593e+11,-8.20824e+10
1.87164e+07,827107,1.92025e+06,-1.25872e+11,-8.21722e+10
1.872e+07,826932,1.92084e+06,-1.25813e+11,-8.22619e+10
1.87236e+07,826757,1.92143e+06,-1.25755e+11,-8.23515e+10
1.87272e+07,826582,1.92202e+06,-1.25697e+11,-8.24412e+10
1.87308e+07,826406,1.92261e+06,-1.25638e+11,-8.25308e+10
1.87344e+07,826230,1.9232e+06,-1.2558e+11,-8.26203e+10
1.8738e+07,826054,1.92379e+06,-1.25521e+11,-8.27098e+10
1.87416e+07,825878,1.92438e+06,-1.25462e+11,-8.27993e+10
1.87452e+07,825702,1.92497e+06,-1.25404e+11,-8.28887e+10
1.87488e+07,825526,1.92556e+06,-1.25345e+11,-8.29781e+10
1.87524e+07,825349,1.92615e+06,-1.25286e+11,-8.30674e+10
1.8756e+07,825172,1.92674e+06,-1.25227e+11,-8.31567e+10
1.87596e+07,824995,1.92733e+06,-1.25168e+11,-8.3246e+10
1.87632e+07,824818,1.92792e+06,-1.25109e+11,-8.33352e+10
1.87668e+07,824640,1.92851e+06,-1.2505e+11,-8.34243e+10
1.87704e+07,824463,1.9291e+06,-1.24991e+11,-8.35135e+10
1.8774e+07,824285,1.92969e+06,-1.24932e+11,-8.36025e+10
1.87776e+07,824107,1.93028e+06,-1.24872e+11,-8.36916e+10
1.87812e+07,823928,1.93087e+06,-1.24813e+11,-8.37806e+10
1.87848e+07,823750,1.93146e+06,-1.24753e+11,-8.38695e+10
1.87884e+07,823571,1.93205e+06,-1.24694e+11,-8.39585e+10
1.8792e+07,823393,1.93264e+06,-1.24634e+11,-8.40473e+10
1.87956e+07,823214,1.93323e+06,-1.24575e+11,-8.41362e+10
1.87992e+07,823035,1.93381e+06,-1.24515e+11,-8.42249e+10
1.88028e+07,822855,1.9344e+06,-1.24455e+11,-8.43137e+10
1.88064e+07,822676,1.93499e+06,-1.24396e+11,-8.44024e+10
1.881e+07,822496,1.93558e+06,-1.24336e+11,-8.4491e+10
1.88136e+07,822316,1.93617e+06,-1.24276e+11,-8.45797e+10
1.88172e+07,822136,1.93675e+06,-1.24216e+11,-8.46682e+10
1.88208e+07,821956,1.93734e+06,-1.24156e+11,-8.47568e+10
1.88244e+07,821775,1.93793e+06,-1.24096e+11,-8.48453e+10
1.8828e+07,821594,1.93852e+06,-1.24036e+11,-8.49337e+10
1.88316e+07,821414,1.9391e+06,-1.23975e+11,-8.50221e+10
1.88352e+07,821233,1.93969e+06,-1.23915e+11,-8.51105e+10
1.88388e+07,821051,1.94028e+06,-1.23855e+11,-8.51988e+10
1.88424e+07,820870,1.94087e+06,-1.23794e+11,-8.5287e+10
1.8846e+07,820688,1.94145e+06,-1.23734e+11,-8.53753e+10
1.88496e+07,820507,1.94204e+06,-1.23673e+11,-8.54635e+10
1.88532e+07,820325,1.94263e+06,-1.23613e+11,-8.55516e+10
1.88568e+07,820142,1.94321e+06,-1.23552e+11,-8.56397e+10
1.88604e+07,819960,1.9438e+06,-1.23491e+11,-8.57278e+10
1.8864e+07,819777,1.94438e+06,-1.2343e+11,-8.58158e+10
1.88676e+07,819595,1.94497e+06,-1.23369e+11,-8.59037e+10
1.88712e+07,819412,1.94556e+06,-1.23309e+11,-8.59917e+10
1.88748e+07,819229,1.94614e+06,-1.23248e+11,-8.60795e+10
1.88784e+07,819045,1.94673e+06,-1.23187e+11,-8.61674e+10
1.8882e+07,818862,1.94731e+06,-1.23125e+11,-8.62552e+10
1.88856e+07,818678,1.9479e+06,-1.23064e+11,-8.63429e+10
1.88892e+07,818494,1.94848e+06,-1.23003e+11,-8.64306e+10
1.88928e+07,818310,1.94907e+06,-1.22942e+11,-8.65183e+10
1.88964e+07,818126,1.94965e+06,-1.2288e+11,-8.66059e+10
1.89e+07,817942,1.95024e+06,-1.22819e+11,-8.66935e+10
1.89036e+07,817757,1.95082e+06,-1.22757e+11,-8.6781e+10
1.89072e+07,817572,1.95141e+06,-1.22696e+11,-8.68685e+10
1.89108e+07,817387,1.95199e+06,-1.22634e+11,-8.6956e+10
1.89144e+07,817202,1.95258e+06,-1.22573e+11,-8.70434e+10
1.8918e+07,817017,1.95316e+06,-1.22511e+11,-8.71307e+10
1.89216e+07,816831,1.95375e+06,-1.22449e+11,-8.7218e+10
1.89252e+07,816645,1.95433e+06,-1.22387e+11,-8.73053e+10
1.89288e+07,816459,1.95491e+06,-1.22325e+11,-8.73925e+10
1.89324e+07,816273,1.9555e+06,-1.22263e+11,-8.74797e+10
1.8936e+07,816087,1.95608e+06,-1.22201e+11,-8.75668e+10
1.89396e+07,815901,1.95666e+06,-1.22139e+11,-8.76539e+10
1.89432e+07,815714,1.95725e+06,-1.22077e+11,-8.7741e+10
1.89468e+07,815527,1.95783e+06,-1.22015e+11,-8.7828e+10
1.89504e+07,815340,1.95841e+06,-1.21952e+11,-8.79149e+10
1.8954e+07,815153,1.959e+06,-1.2189e+11,-8.80019e+10
1.89576e+07,814965,1.95958e+06,-1.21828e+11,-8.80887e+10
1.89612e+07,814778,1.96016e+06,-1.21765e+11,-8.81756e+10
1.89648e+07,814590,1.96074e+06,-1.21703e+11,-8.82623e+10
1.89684e+07,814402,1.96133e+06,-1.2164e+11,-8.83491e+10
1.8972e+07,814214,1.96191e+06,-1.21577e+11,-8.84358e+10
1.89756e+07,814026,1.96249e+06,-1.21515e+11,-8.85224e+10
1.89792e+07,813837,1.96307e+06,-1.21452e+11,-8.8609e+10
1.89828e+07,813648,1.96365e+06,-1.21389e+11,-8.86956e+10
1.89864e+07,813459,1.96424e+06,-1.21326e+11,-8.87821e+10
1.899e+07,813270,1.96482e+06,-1.21263e+11,-8.88685e+10
1.89936e+07,813081,1.9654e+06,-1.212e+11,-8.8955e+10
1.89972e+07,812892,1.96598e+06,-1.21137e+11,-8.90413e+10
1.90008e+07,812702,1.96656e+06,-1.21074e+11,-8.91277e+10
1.90044e+07,812512,1.96714e+06,-1.21011e+11,-8.9214e+10
1.9008e+07,812322,1.96772e+06,-1.20947e+11,-8.93002e+10
1.90116e+07,812132,1.9683e+06,-1.20884e+11,-8.93864e+10
1.90152e+07,811942,1.96888e+06,-1.20821e+11,-8.94726e+10
1.90188e+07,811751,1.96946e+06,-1.20757e+11,-8.95587e+10
1.90224e+07,811560,1.97004e+06,-1.20694e+11,-8.96447e+10
1.9026e+07,811370,1.97062e+06,-1.2063e+11,-8.97307e+10
1.90296e+07,811178,1.9712e+06,-1.20566e+11,-8.98167e+10
1.90332e+07,810987,1.97178e+06,-1.20503e+11,-8.99026e+10
1.90368e+07,810796,1.97236e+06,-1.20439e+11,-8.99885e+10
1.90404e+07,810604,1.97294e+06,-1.20375e+11,-9.00743e+10
1.9044e+07,810412,1.97352e+06,-1.20311e+11,-9.01601e+10
1.90476e+07,810220,1.9741e+06,-1.20247e+11,-9.02459e+10
1.90512e+07,810028,1.97468e+06,-1.20183e+11,-9.03316e+10
1.90548e+07,809836,1.97526e+06,-1.20119e+11,-9.04172e+10
1.90584e+07,809643,1.97584e+06,-1.20055e+11,-9.05028e+10
1.9062e+07,809450,1.97642e+06,-1.19991e+11,-9.05884e+10
1.90656e+07,809257,1.977e+06,-1.19927e+11,-9.06739e+10
1.90692e+07,809064,1.97758e+06,-1.19862e+11,-9.07594e+10
1.90728e+07,808871,1.97815e+06,-1.19798e+11,-9.08448e+10
1.90764e+07,808678,1.97873e+06,-1.19734e+11,-9.09302e+10
1.908e+07,808484,1.97931e+06,-1.19669e+11,-9.10155e+10
1.90836e+07,808290,1.97989e+06,-1.19604e+11,-9.11008e+10
1.90872e+07,808096,1.98047e+06,-1.1954e+11,-9.1186e+10
1.90908e+07,807902,1.98104e+06,-1.19475e+11,-9.12712e+10
1.90944e+07,807708,1.98162e+06,-1.1941e+11,-9.13564e+10
1.9098e+07,807513,1.9822e+06,-1.19346e+11,-9.14415e+10
1.91016e+07,807318,1.98278e+06,-1.19281e+11,-9.15265e+10
1.91052e+07,807123,1.98335e+06,-1.19216e+11,-9.16115e+10
1.91088e+07,806928,1.98393e+06,-1.19151e+11,-9.16965e+10
1.91124e+07,806733,1.98451e+06,-1.19086e+11,-9.17814e+10
1.9116e+07,806537,1.98508e+06,-1.19021e+11,-9.18663e+10
1.91196e+07,806342,1.98566e+06,-1.18956e+11,-9.19511e+10
1.91232e+07,806146,1.98624e+06,-1.1889e+11,-9.20359e+10
1.91268e+07,805950,1.98681e+06,-1.18825e+11,-9.21206e+10
1.91304e+07,805754,1.98739e+06,-1.1876e+11,-9.22053e+10
1.9134e+07,805557,1.98797e+06,-1.18694e+11,-9.22899e+10
1.91376e+07,805361,1.98854e+06,-1.18629e+11,-9.23745e+10
1.91412e+07,805164,1.98912e+06,-1.18563e+11,-9.2459e+10
1.91448e+07,804967,1.98969e+06,-1.18498e+11,-9.25435e+10
1.91484e+07,804770,1.99027e+06,-1.18432e+11,-9.2628e+10
1.9152e+07,804573,1.99084e+06,-1.18366e+11,-9.27124e+10
1.91556e+07,804375,1.99142e+06,-1.18301e+11,-9.27967e+10
1.91592e+07,804178,1.99199e+06,-1.18235e+11,-9.2881e+10
1.91628e+07,803980,1.99257e+06,-1.18169e+11,-9.29653e+10
1.91664e+07,803782,1.99314e+06,-1.18103e+11,-9.30495e+10
1.917e+07,803584,1.99372e+06,-1.18037e+11,-9.31337e+10
1.91736e+07,803385,1.99429e+06,-1.17971e+11,-9.32178e+10
1.91772e+07,803187,1.99487e+06,-1.17905e+11,-9.33019e+10
1.91808e+07,802988,1.99544e+06,-1.17839e+11,-9.33859e+10
1.91844e+07,802789,1.99602e+06,-1.17772e+11,-9.34699e+10
1.9188e+07,802590,1.99659e+06,-1.17706e+11,-9.35538e+10
1.91916e+07,802391,1.99716e+06,-1.1764e+11,-9.36377e+10
1.91952e+07,802192,1.99774e+06,-1.17573e+11,-9.37215e+10
1.91988e+07,801992,1.99831e+06,-1.17507e+11,-9.38053e+10
1.92024e+07,801792,1.99888e+06,-1.1744e+11,-9.38891e+10
1.9206e+07,801592,1.99946e+06,-1.17374e+11,-9.39728e+10
1.92096e+07,801392,2.00003e+06,-1.17307e+11,-9.40564e+10
1.92132e+07,801192,2.0006e+06,-1.1724e+11,-9.414e+10
1.92168e+07,800991,2.00118e+06,-1.17174e+11,-9.42236e+10
1.92204e+07,800791,2.00175e+06,-1.17107e+11,-9.43071e+10
1.9224e+07,800590,2.00232e+06,-1.1704e+11,-9.43905e+10
1.92276e+07,800389,2.00289e+06,-1.16973e+11,-9.44739e+10
1.92312e+07,800187,2.00346e+06,-1.16906e+11,-9.45573e+10
1.92348e+07,799986,2.00404e+06,-1.16839e+11,-9.46406e+10
1.92384e+07,799785,2.00461e+06,-1.16772e+11,-9.47239e+10
1.9242e+07,799583,2.00518e+06,-1.16704e+11,-9.48071e+10
1.92456e+07,799381,2.00575e+06,-1.16637e+11,-9.48902e+10
1.92492e+07,799179,2.00632e+06,-1.1657e+11,-9.49734e+10
1.92528e+07,798976,2.00689e+06,-1.16503e+11,-9.50564e+10
1.92564e+07,798774,2.00747e+06,-1.16435e+11,-9.51395e+10
1.926e+07,798571,2.00804e+06,-1.16368e+11,-9.52224e+10
1.92636e+07,798369,2.00861e+06,-1.163e+11,-9.53054e+10
1.92672e+07,798166,2.00918e+06,-1.16232e+11,-9.53882e+10
1.92708e+07,797962,2.00975e+06,-1.16165e+11,-9.54711e+10
1.92744e+07,797759,2.01032e+06,-1.16097e+11,-9.55539e+10
1.9278e+07,797556,2.01089e+06,-1.16029e+11,-9.56366e+10
1.92816e+07,797352,2.01146e+06,-1.15961e+11,-9.57193e+10
1.92852e+07,797148,2.01203e+06,-1.15894e+11,-9.58019e+10
1.92888e+07,796944,2.0126e+06,-1.15826e+11,-9.58845e+10
1.92924e+07,796740,2.01317e+06,-1.15758e+11,-9.59671e+10
1.9296e+07,796535,2.01374e+06,-1.1569e+11,-9.60495e+10
1.92996e+07,796331,2.01431e+06,-1.15621e+11,-9.6132e+10
1.93032e+07,796126,2.01488e+06,-1.15553e+11,-9.62144e+10
1.93068e+07,795921,2.01545e+06,-1.15485e+11,-9.62967e+10
1.93104e+07,795716,2.01602e+06,-1.15417e+11,-9.6379e+10
1.9314e+07,795511,2.01658e+06,-1.15348e+11,-9.64613e+10
1.93176e+07,795305,2.01715e+06,-1.1528e+11,-9.65435e+10
1.93212e+07,795100,2.01772e+06,-1.15211e+11,-9.66256e+10
1.93248e+07,794894,2.01829e+06,-1.15143e+11,-9.67077e+10
1.93284e+07,794688,2.01886e+06,-1.15074e+11,-9.67898e+10
1.9332e+07,794482,2.01943e+06,-1.15006e+11,-9.68718e+10
1.93356e+07,794276,2.01999e+06,-1.14937e+11,-9.69538e+10
1.93392e+07,794069,2.02056e+06,-1.14868e+11,-9.70357e+10
1.93428e+07,793862,2.02113e+06,-1.14799e+11,-9.71175e+10
1.93464e+07,793656,2.0217e+06,-1.1473e+11,-9.71993e+10
1.935e+07,793448,2.02227e+06,-1.14661e+11,-9.72811e+10
1.93536e+07,793241,2.02283e+06,-1.14592e+11,-9.73628e+10
1.93572e+07,793034,2.0234e+06,-1.14523e+11,-9.74445e+10
1.93608e+07,792826,2.02397e+06,-1.14454e+11,-9.75261e+10
1.93644e+07,792619,2.02453e+06,-1.14385e+11,-9.76076e+10
1.9368e+07,792411,2.0251e+06,-1.14316e+11,-9.76892e+10
1.93716e+07,792203,2.02567e+06,-1.14246e+11,-9.77706e+10
1.93752e+07,791994,2.02623e+06,-1.14177e+11,-9.7852e+10
1.93788e+07,791786,2.0268e+06,-1.14108e+11,-9.79334e+10
1.93824e+07,791577,2.02737e+06,-1.14038e+11,-9.80147e+10
1.9386e+07,791369,2.02793e+06,-1.13969e+11,-9.8096e+10
1.93896e+07,791160,2.0285e+06,-1.13899e+11,-9.81772e+10
1.93932e+07,790951,2.02906e+06,-1.13829e+11,-9.82584e+10
1.93968e+07,790741,2.02963e+06,-1.1376e+11,-9.83395e+10
1.94004e+07,790532,2.03019e+06,-1.1369e+11,-9.84206e+10
1.9404e+07,790322,2.03076e+06,-1.1362e+11,-9.85016e+10
1.94076e+07,790113,2.03132e+06,-1.1355e+11,-9.85825e+10
1.94112e+07,789903,2.03189e+06,-1.1348e+11,-9.86635e+10
1.94148e+07,789692,2.03245e+06,-1.1341e+11,-9.87443e+10
1.94184e+07,789482,2.03302e+06,-1.1334e+11,-9.88251e+10
1.9422e+07,789272,2.03358e+06,-1.1327e+11,-9.89059e+10
1.94256e+07,789061,2.03415e+06,-1.132e+11,-9.89866e+10
1.94292e+07,788850,2.03471e+06,-1.1313e+11,-9.90673e+10
1.94328e+07,788639,2.03527e+06,-1.1306e+11,-9.91479e+10
1.94364e+07,788428,2.03584e+06,-1.12989e+11,-9.92285e+10
1.944e+07,788217,2.0364e+06,-1.12919e+11,-9.9309e+10
1.94436e+07,788005,2.03697e+06,-1.12848e+11,-9.93895e+10
1.94472e+07,787793,2.03753e+06,-1.12778e+11,-9.94699e+10
1.94508e+07,787582,2.03809e+06,-1.12707e+11,-9.95503e+10
1.94544e+07,787370,2.03865e+06,-1.12637e+11,-9.96306e+10
1.9458e+07,787157,2.03922e+06,-1.12566e+11,-9.97108e+10
1.94616e+07,786945,2.03978e+06,-1.12495e+11,-9.97911e+10
1.94652e+07,786732,2.04034e+06,-1.12425e+11,-9.98712e+10
1.94688e+07,786520,2.04091e+06,-1.12354e+11,-9.99513e+10
1.94724e+07,786307,2.04147e+06,-1.12283e+11,-1.00031e+11
1.9476e+07,786094,2.04203e+06,-1.12212e+11,-1.00111e+11
1.94796e+07,785881,2.04259e+06,-1.12141e+11,-1.00191e+11
1.94832e+07,785667,2.04315e+06,-1.1207e+11,-1.00271e+11
1.94868e+07,785454,2.04372e+06,-1.11999e+11,-1.00351e+11
1.94904e+07,785240,2.04428e+06,-1.11927e+11,-1.00431e+11
1.9494e+07,785026,2.04484e+06,-1.11856e+11,-1.00511e+11
1.94976e+07,784812,2.0454e+06,-1.11785e+11,-1.0059e+11
1.95012e+07,784598,2.04596e+06,-1.11714e+11,-1.0067e+11
1.95048e+07,784383,2.04652e+06,-1.11642e+11,-1.0075e+11
1.95084e+07,784169,2.04708e+06,-1.11571e+11,-1.00829e+11
1.9512e+07,783954,2.04764e+06,-1.11499e+11,-1.00909e+11
1.95156e+07,783739,2.0482e+06,-1.11428e+11,-1.00988e+11
1.95192e+07,783524,2.04876e+06,-1.11356e+11,-1.01068e+11
1.95228e+07,783309,2.04932e+06,-1.11284e+11,-1.01147e+11
1.95264e+07,783093,2.04988e+06,-1.11212e+11,-1.01226e+11
1.953e+07,782877,2.05044e+06,-1.11141e+11,-1.01306e+11
1.95336e+07,782662,2.051e+06,-1.11069e+11,-1.01385e+11
1.95372e+07,782446,2.05156e+06,-1.10997e+11,-1.01464e+11
1.95408e+07,782230,2.05212e+06,-1.10925e+11,-1.01543e+11
1.95444e+07,782013,2.05268e+06,-1.10853e+11,-1.01622e+11
1.9548e+07,781797,2.05324e+06,-1.10781e+11,-1.01701e+11
1.95516e+07,781580,2.0538e+06,-1.10709e+11,-1.0178e+11
1.95552e+07,781364,2.05436e+06,-1.10636e+11,-1.01859e+11
1.95588e+07,781147,2.05492e+06,-1.10564e+11,-1.01938e+11
1.95624e+07,780929,2.05548e+06,-1.10492e+11,-1.02017e+11
1.9566e+07,780712,2.05603e+06,-1.1042e+11,-1.02095e+11
1.95696e+07,780495,2.05659e+06,-1.10347e+11,-1.02174e+11
1.95732e+07,780277,2.05715e+06,-1.10275e+11,-1.02253e+11
1.95768e+07,780059,2.05771e+06,-1.10202e+11,-1.02331e+11
1.95804e+07,779841,2.05827e+06,-1.10129e+11,-1.0241e+11
1.9584e+07,779623,2.05882e+06,-1.10057e+11,-1.02488e+11
1.95876e+07,779405,2.05938e+06,-1.09984e+11,-1.02567e+11
1.95912e+07,779186,2.05994e+06,-1.09911e+11,-1.02645e+11
1.95948e+07,778968,2.06049e+06,-1.09839e+11,-1.02723e+11
1.95984e+07,778749,2.06105e+06,-1.09766e+11,-1.02802e+11
1.9602e+07,778530,2.06161e+06,-1.09693e+11,-1.0288e+11
1.96056e+07,778311,2.06216e+06,-1.0962e+11,-1.02958e+11
1.96092e+07,778092,2.06272e+06,-1.09547e+11,-1.03036e+11
1.96128e+07,777872,2.06328e+06,-1.09474e+11,-1.03114e+11
1.96164e+07,777653,2.06383e+06,-1.094e+11,-1.03192e+11
1.962e+07,777433,2.06439e+06,-1.09327e+11,-1.0327e+11
1.96236e+07,777213,2.06495e+06,-1.09254e+11,-1.03348e+11
1.96272e+07,776993,2.0655e+06,-1.09181e+11,-1.03426e+11
1.96308e+07,776772,2.06606e+06,-1.09107e+11,-1.03504e+11
1.96344e+07,776552,2.06661e+06,-1.09034e+11,-1.03581e+11
1.9638e+07,776331,2.06717e+06,-1.0896e+11,-1.03659e+11
1.96416e+07,776111,2.06772e+06,-1.08887e+11,-1.03737e+11
1.96452e+07,775890,2.06828e+06,-1.08813e+11,-1.03814e+11
1.96488e+07,775668,2.06883e+06,-1.0874e+11,-1.03892e+11
1.96524e+07,775447,2.06939e+06,-1.08666e+11,-1.03969e+11
1.9656e+07,775226,2.06994e+06,-1.08592e+11,-1.04047e+11
1.96596e+07,775004,2.07049e+06,-1.08518e+11,-1.04124e+11
1.96632e+07,774782,2.07105e+06,-1.08445e+11,-1.04202e+11
1.96668e+07,774560,2.0716e+06,-1.08371e+11,-1.04279e+11
1.96704e+07,774338,2.07216e+06,-1.08297e+11,-1.04356e+11
1.9674e+07,774116,2.07271e+06,-1.08223e+11,-1.04433e+11
1.96776e+07,773894,2.07326e+06,-1.08149e+11,-1.0451e+11
1.96812e+07,773671,2.07382e+06,-1.08074e+11,-1.04587e+11
1.96848e+07,773448,2.07437e+06,-1.08e+11,-1.04664e+11
1.96884e+07,773225,2.07492e+06,-1.07926e+11,-1.04741e+11
1.9692e+07,773002,2.07548e+06,-1.07852e+11,-1.04818e+11
1.96956e+07,772779,2.07603e+06,-1.07777e+11,-1.04895e+11
1.96992e+07,772555,2.07658e+06,-1.07703e+11,-1.04972e+11
1.97028e+07,772332,2.07713e+06,-1.07628e+11,-1.05049e+11
1.97064e+07,772108,2.07769e+06,-1.07554e+11,-1.05125e+11
1.971e+07,771884,2.07824e+06,-1.07479e+11,-1.05202e+11
1.97136e+07,771660,2.07879e+06,-1.07405e+11,-1.05279e+11
1.97172e+07,771436,2.07934e+06,-1.0733e+11,-1.05355e+11
1.97208e+07,771211,2.07989e+06,-1.07255e+11,-1.05432e+11
1.97244e+07,770987,2.08044e+06,-1.0718e+11,-1.05508e+11
1.9728e+07,770762,2.081e+06,-1.07106e+11,-1.05584e+11
1.97316e+07,770537,2.08155e+06,-1.07031e+11,-1.05661e+11
1.97352e+07,770312,2.0821e+06,-1.06956e+11,-1.05737e+11
1.97388e+07,770087,2.08265e+06,-1.06881e+11,-1.05813e+11
1.97424e+07,769862,2.0832e+06,-1.06806e+11,-1.05889e+11
1.9746e+07,769636,2.08375e+06,-1.06731e+11,-1.05965e+11
1.97496e+07,769410,2.0843e+06,-1.06655e+11,-1.06042e+11
1.97532e+07,769185,2.08485e+06,-1.0658e+11,-1.06118e+11
1.97568e+07,768959,2.0854e+06,-1.06505e+11,-1.06194e+11
1.97604e+07,768732,2.08595e+06,-1.0643e+11,-1.06269e+11
1.9764e+07,768506,2.0865e+06,-1.06354e+11,-1.06345e+11
1.97676e+07,768279,2.08705e+06,-1.06279e+11,-1.06421e+11
1.97712e+07,768053,2.0876e+06,-1.06203e+11,-1.06497e+11
1.97748e+07,767826,2.08815e+06,-1.06128e+11,-1.06572e+11
1.97784e+07,767599,2.0887e+06,-1.06052e+11,-1.06648e+11
1.9782e+07,767372,2.08924e+06,-1.05976e+11,-1.06724e+11
1.97856e+07,767144,2.08979e+06,-1.05901e+11,-1.06799e+11
1.97892e+07,766917,2.09034e+06,-1.05825e+11,-1.06875e+11
1.97928e+07,766689,2.09089e+06,-1.05749e+11,-1.0695e+11
1.97964e+07,766462,2.09144e+06,-1.05673e+11,-1.07025e+11
1.98e+07,766234,2.09199e+06,-1.05597e+11,-1.07101e+11
1.98036e+07,766005,2.09253e+06,-1.05521e+11,-1.07176e+11
1.98072e+07,765777,2.09308e+06,-1.05445e+11,-1.07251e+11
1.98108e+07,765549,2.09363e+06,-1.05369e+11,-1.07326e+11
1.98144e+07,765320,2.09418e+06,-1.05293e+11,-1.07401e+11
1.9818e+07,765091,2.09472e+06,-1.05217e+11,-1.07476e+11
1.98216e+07,764862,2.09527e+06,-1.05141e+11,-1.07551e+11
1.98252e+07,764633,2.09582e+06,-1.05064e+11,-1.07626e+11
1.98288e+07,764404,2.09636e+06,-1.04988e+11,-1.07701e+11
1.98324e+07,764175,2.09691e+06,-1.04912e+11,-1.07776e+11
1.9836e+07,763945,2.09746e+06,-1.04835e+11,-1.07851e+11
1.98396e+07,763715,2.098e+06,-1.04759e+11,-1.07925e+11
1.98432e+07,763486,2.09855e+06,-1.04682e+11,-1.08e+11
1.98468e+07,763256,2.09909e+06,-1.04606e+11,-1.08075e+11
1.98504e+07,763025,2.09964e+06,-1.04529e+11,-1.08149e+11
1.9854e+07,762795,2.10019e+06,-1.04452e+11,-1.08224e+11
1.98576e+07,762564,2.10073e+06,-1.04375e+11,-1.08298e+11
1.98612e+07,762334,2.10128e+06,-1.04299e+11,-1.08373e+11
1.98648e+07,762103,2.10182e+06,-1.04222e+11,-1.08447e+11
1.98684e+07,761872,2.10237e+06,-1.04145e+11,-1.08521e+11
1.9872e+07,761641,2.10291e+06,-1.04068e+11,-1.08595e+11
1.98756e+07,761410,2.10346e+06,-1.03991e+11,-1.08669e+11
1.98792e+07,761178,2.104e+06,-1.03914e+11,-1.08744e+11
1.98828e+07,760946,2.10454e+06,-1.03836e+11,-1.08818e+11
1.98864e+07,760715,2.10509e+06,-1.03759e+11,-1.08892e+11
1.989e+07,760483,2.10563e+06,-1.03682e+11,-1.08966e+11
1.98936e+07,760251,2.10618e+06,-1.03605e+11,-1.09039e+11
1.98972e+07,760018,2.10672e+06,-1.03527e+11,-1.09113e+11
1.99008e+07,759786,2.10726e+06,-1.0345e+11,-1.09187e+11
1.99044e+07,759553,2.10781e+06,-1.03372e+11,-1.09261e+11
1.9908e+07,759321,2.10835e+06,-1.03295e+11,-1.09334e+11
1.99116e+07,759088,2.10889e+06,-1.03217e+11,-1.09408e+11
1.99152e+07,758855,2.10943e+06,-1.0314e+11,-1.09482e+11
1.99188e+07,758622,2.10998e+06,-1.03062e+11,-1.09555e+11
1.99224e+07,758388,2.11052e+06,-1.02984e+11,-1.09629e+11
1.9926e+07,758155,2.11106e+06,-1.02907e+11,-1.09702e+11
1.99296e+07,757921,2.1116e+06,-1.02829e+11,-1.09775e+11
1.99332e+07,757687,2.11215e+06,-1.02751e+11,-1.09849e+11
1.99368e+07,757453,2.11269e+06,-1.02673e+11,-1.09922e+11
1.99404e+07,757219,2.11323e+06,-1.02595e+11,-1.09995e+11
1.9944e+07,756985,2.11377e+06,-1.02517e+11,-1.10068e+11
1.99476e+07,756750,2.11431e+06,-1.02439e+11,-1.10141e+11
1.99512e+07,756516,2.11485e+06,-1.02361e+11,-1.10214e+11
1.99548e+07,756281,2.11539e+06,-1.02283e+11,-1.10287e+11
1.99584e+07,756046,2.11593e+06,-1.02204e+11,-1.1036e+11
1.9962e+07,755811,2.11648e+06,-1.02126e+11,-1.10433e+11
1.99656e+07,755576,2.11702e+06,-1.02048e+11,-1.10505e+11
1.99692e+07,755340,2.11756e+06,-1.01969e+11,-1.10578e+11
1.99728e+07,755105,2.1181e+06,-1.01891e+11,-1.10651e+11
1.99764e+07,754869,2.11864e+06,-1.01812e+11,-1.10723e+11
1.998e+07,754633,2.11918e+06,-1.01734e+11,-1.10796e+11
1.99836e+07,754397,2.11972e+06,-1.01655e+11,-1.10869e+11
1.99872e+07,754161,2.12025e+06,-1.01577e+11,-1.10941e+11
1.99908e+07,753925,2.12079e+06,-1.01498e+11,-1.11013e+11
1.99944e+07,753688,2.12133e+06,-1.01419e+11,-1.11086e+11
1.9998e+07,753452,2.12187e+06,-1.0134e+11,-1.11158e+11
2.00016e+07,753215,2.12241e+06,-1.01261e+11,-1.1123e+11
2.00052e+07,752978,2.12295e+06,-1.01183e+11,-1.11302e+11
2.00088e+07,752741,2.12349e+06,-1.01104e+11,-1.11374e+11
2.00124e+07,752504,2.12403e+06,-1.01025e+11,-1.11446e+11
2.0016e+07,752266,2.12456e+06,-1.00946e+11,-1.11518e+11
2.00196e+07,752029,2.1251e+06,-1.00866e+11,-1.1159e+11
2.00232e+07,751791,2.12564e+06,-1.00787e+11,-1.11662e+11
2.00268e+07,751553,2.12618e+06,-1.00708e+11,-1.11734e+11
2.00304e+07,751315,2.12671e+06,-1.00629e+11,-1.11806e+11
2.0034e+07,751077,2.12725e+06,-1.00549e+11,-1.11878e+11
2.00376e+07,750839,2.12779e+06,-1.0047e+11,-1.11949e+11
2.00412e+07,750601,2.12833e+06,-1.00391e+11,-1.12021e+11
2.00448e+07,750362,2.12886e+06,-1.00311e+11,-1.12092e+11
2.00484e+07,750123,2.1294e+06,-1.00232e+11,-1.12164e+11
2.0052e+07,749884,2.12993e+06,-1.00152e+11,-1.12235e+11
2.00556e+07,749645,2.13047e+06,-1.00073e+11,-1.12307e+11
2.00592e+07,749406,2.13101e+06,-9.99929e+10,-1.12378e+11
2.00628e+07,749167,2.13154e+06,-9.99131e+10,-1.12449e+11
2.00664e+07,748927,2.13208e+06,-9.98334e+10,-1.1252e+11
2.007e+07,748687,2.13261e+06,-9.97535e+10,-1.12591e+11
2.00736e+07,748448,2.13315e+06,-9.96737e+10,-1.12663e+11
2.00772e+07,748208,2.13368e+06,-9.95937e+10,-1.12734e+11
2.00808e+07,747968,2.13422e+06,-9.95138e+10,-1.12805e+11
2.00844e+07,747727,2.13475e+06,-9.94338e+10,-1.12875e+11
2.0088e+07,747487,2.13529e+06,-9.93537e+10,-1.12946e+11
2.00916e+07,747246,2.13582e+06,-9.92736e+10,-1.13017e+11
2.00952e+07,747006,2.13636e+06,-9.91934e+10,-1.13088e+11
2.00988e+07,746765,2.13689e+06,-9.91132e+10,-1.13159e+11
2.01024e+07,746524,2.13743e+06,-9.90329e+10,-1.13229e+11
2.0106e+07,746282,2.13796e+06,-9.89526e+10,-1.133e+11
2.01096e+07,746041,2.13849e+06,-9.88722e+10,-1.1337e+11
2.01132e+07,745800,2.13903e+06,-9.87918e+10,-1.13441e+11
2.01168e+07,745558,2.13956e+06,-9.87113e+10,-1.13511e+11
2.01204e+07,745316,2.14009e+06,-9.86308e+10,-1.13581e+11
2.0124e+07,745074,2.14063e+06,-9.85502e+10,-1.13652e+11
2.01276e+07,744832,2.14116e+06,-9.84696e+10,-1.13722e+11
2.01312e+07,744590,2.14169e+06,-9.83889e+10,-1.13792e+11
2.01348e+07,744348,2.14222e+06,-9.83082e+10,-1.13862e+11
2.01384e+07,744105,2.14276e+06,-9.82274e+10,-1.13932e+11
2.0142e+07,743862,2.14329e+06,-9.81466e+10,-1.14002e+11
2.01456e+07,743620,2.14382e+06,-9.80657e+10,-1.14072e+11
2.01492e+07,743377,2.14435e+06,-9.79848e+10,-1.14142e+11
2.01528e+07,743134,2.14488e+06,-9.79038e+10,-1.14212e+11
2.01564e+07,742890,2.14541e+06,-9.78228e+10,-1.14282e+11
2.016e+07,742647,2.14595e+06,-9.77417e+10,-1.14351e+11
2.01636e+07,742403,2.14648e+06,-9.76606e+10,-1.14421e+11
2.01672e+07,742160,2.14701e+06,-9.75794e+10,-1.14491e+11
2.01708e+07,741916,2.14754e+06,-9.74982e+10,-1.1456e+11
2.01744e+07,741672,2.14807e+06,-9.74169e+10,-1.1463e+11
2.0178e+07,741428,2.1486e+06,-9.73356e+10,-1.14699e+11
2.01816e+07,741183,2.14913e+06,-9.72542e+10,-1.14768e+11
2.01852e+07,740939,2.14966e+06,-9.71728e+10,-1.14838e+11
2.01888e+07,740694,2.15019e+06,-9.70913e+10,-1.14907e+11
2.01924e+07,740449,2.15072e+06,-9.70098e+10,-1.14976e+11
2.0196e+07,740205,2.15125e+06,-9.69283e+10,-1.15045e+11
2.01996e+07,739959,2.15178e+06,-9.68467e+10,-1.15114e+11
2.02032e+07,739714,2.15231e+06,-9.6765e+10,-1.15183e+11
2.02068e+07,739469,2.15283e+06,-9.66833e+10,-1.15252e+11
2.02104e+07,739223,2.15336e+06,-9.66015e+10,-1.15321e+11
2.0214e+07,738978,2.15389e+06,-9.65197e+10,-1.1539e+11
2.02176e+07,738732,2.15442e+06,-9.64379e+10,-1.15459e+11
2.02212e+07,738486,2.15495e+06,-9.6356e+10,-1.15528e+11
2.02248e+07,738240,2.15548e+06,-9.6274e+10,-1.15596e+11
2.02284e+07,737994,2.156e+06,-9.6192e+10,-1.15665e+11
2.0232e+07,737747,2.15653e+06,-9.61099e+10,-1.15733e+11
2.02356e+07,737501,2.15706e+06,-9.60278e+10,-1.15802e+11
2.02392e+07,737254,2.15759e+06,-9.59457e+10,-1.1587e+11
2.02428e+07,737008,2.15811e+06,-9.58635e+10,-1.15939e+11
2.02464e+07,736761,2.15864e+06,-9.57812e+10,-1.16007e+11
2.025e+07,736513,2.15917e+06,-9.5699e+10,-1.16075e+11
2.02536e+07,736266,2.1597e+06,-9.56166e+10,-1.16143e+11
2.02572e+07,736019,2.16022e+06,-9.55342e+10,-1.16212e+11
2.02608e+07,735771,2.16075e+06,-9.54518e+10,-1.1628e+11
2.02644e+07,735524,2.16127e+06,-9.53693e+10,-1.16348e+11
2.0268e+07,735276,2.1618e+06,-9.52868e+10,-1.16416e+11
2.02716e+07,735028,2.16233e+06,-9.52042e+10,-1.16484e+11
2.02752e+07,734780,2.16285e+06,-9.51215e+10,-1.16551e+11
2.02788e+07,734532,2.16338e+06,-9.50389e+10,-1.16619e+11
2.02824e+07,734283,2.1639e+06,-9.49561e+10,-1.16687e+11
2.0286e+07,734035,2.16443e+06,-9.48733e+10,-1.16755e+11
2.02896e+07,733786,2.16495e+06,-9.47905e+10,-1.16822e+11
2.02932e+07,733537,2.16548e+06,-9.47076e+10,-1.1689e+11
2.02968e+07,733288,2.166e+06,-9.46247e+10,-1.16957e+11
2.03004e+07,733039,2.16653e+06,-9.45418e+10,-1.17025e+11
2.0304e+07,732790,2.16705e+06,-9.44587e+10,-1.17092e+11
2.03076e+07,732540,2.16757e+06,-9.43757e+10,-1.17159e+11
2.03112e+07,732291,2.1681e+06,-9.42926e+10,-1.17227e+11
2.03148e+07,732041,2.16862e+06,-9.42094e+10,-1.17294e+11
2.03184e+07,731791,2.16914e+06,-9.41262e+10,-1.17361e+11
2.0322e+07,731541,2.16967e+06,-9.40429e+10,-1.17428e+11
2.03256e+07,731291,2.17019e+06,-9.39596e+10,-1.17495e+11
2.03292e+07,731041,2.17071e+06,-9.38763e+10,-1.17562e+11
2.03328e+07,730791,2.17124e+06,-9.37929e+10,-1.17629e+11
2.03364e+07,730540,2.17176e+06,-9.37094e+10,-1.17696e+11
2.034e+07,730289,2.17228e+06,-9.3626e+10,-1.17762e+11
2.03436e+07,730038,2.1728e+06,-9.35424e+10,-1.17829e+11
2.03472e+07,729788,2.17333e+06,-9.34588e+10,-1.17896e+11
2.03508e+07,729536,2.17385e+06,-9.33752e+10,-1.17962e+11
2.03544e+07,729285,2.17437e+06,-9.32915e+10,-1.18029e+11
2.0358e+07,729034,2.17489e+06,-9.32078e+10,-1.18095e+11
2.03616e+07,728782,2.17541e+06,-9.3124e+10,-1.18162e+11
2.03652e+07,728531,2.17593e+06,-9.30402e+10,-1.18228e+11
2.03688e+07,728279,2.17645e+06,-9.29563e+10,-1.18295e+11
2.03724e+07,728027,2.17698e+06,-9.28724e+10,-1.18361e+11
2.0376e+07,727775,2.1775e+06,-9.27884e+10,-1.18427e+11
2.03796e+07,727522,2.17802e+06,-9.27044e+10,-1.18493e+11
2.03832e+07,727270,2.17854e+06,-9.26204e+10,-1.18559e+11
2.03868e+07,727017,2.17906e+06,-9.25363e+10,-1.18625e+11
2.03904e+07,726765,2.17958e+06,-9.24521e+10,-1.18691e+11
2.0394e+07,726512,2.1801e+06,-9.23679e+10,-1.18757e+11
2.03976e+07,726259,2.18062e+06,-9.22837e+10,-1.18823e+11
2.04012e+07,726006,2.18113e+06,-9.21994e+10,-1.18889e+11
2.04048e+07,725753,2.18165e+06,-9.2115e+10,-1.18954e+11
2.04084e+07,725499,2.18217e+06,-9.20307e+10,-1.1902e+11
2.0412e+07,725246,2.18269e+06,-9.19462e+10,-1.19085e+11
2.04156e+07,724992,2.18321e+06,-9.18617e+10,-1.19151e+11
2.04192e+07,724738,2.18373e+06,-9.17772e+10,-1.19216e+11
2.04228e+07,724485,2.18425e+06,-9.16927e+10,-1.19282e+11
2.04264e+07,724230,2.18477e+06,-9.1608e+10,-1.19347e+11
2.043e+07,723976,2.18528e+06,-9.15234e+10,-1.19412e+11
2.04336e+07,723722,2.1858e+06,-9.14387e+10,-1.19478e+11
2.04372e+07,723467,2.18632e+06,-9.13539e+10,-1.19543e+11
2.04408e+07,723213,2.18684e+06,-9.12691e+10,-1.19608e+11
2.04444e+07,722958,2.18735e+06,-9.11843e+10,-1.19673e+11
2.0448e+07,722703,2.18787e+06,-9.10994e+10,-1.19738e+11
2.04516e+07,722448,2.18839e+06,-9.10144e+10,-1.19803e+11
2.04552e+07,722193,2.1889e+06,-9.09294e+10,-1.19868e+11
2.04588e+07,721938,2.18942e+06,-9.08444e+10,-1.19933e+11
2.04624e+07,721682,2.18994e+06,-9.07593e+10,-1.19997e+11
2.0466e+07,721427,2.19045e+06,-9.06742e+10,-1.20062e+11
2.04696e+07,721171,2.19097e+06,-9.0589e+10,-1.20127e+11
2.04732e+07,720915,2.19148e+06,-9.05038e+10,-1.20191e+11
2.04768e+07,720659,2.192e+06,-9.04186e+10,-1.20256e+11
2.04804e+07,720403,2.19251e+06,-9.03332e+10,-1.2032e+11
2.0484e+07,720147,2.19303e+06,-9.02479e+10,-1.20384e+11
2.04876e+07,719890,2.19354e+06,-9.01625e+10,-1.20449e+11
2.04912e+07,719634,2.19406e+06,-9.00771e+10,-1.20513e+11
2.04948e+07,719377,2.19457e+06,-8.99916e+10,-1.20577e+11
2.04984e+07,719120,2.19509e+06,-8.9906e+10,-1.20641e+11
2.0502e+07,718863,2.1956e+06,-8.98204e+10,-1.20705e+11
2.05056e+07,718606,2.19612e+06,-8.97348e+10,-1.20769e+11
2.05092e+07,718349,2.19663e+06,-8.96492e+10,-1.20833e+11
2.05128e+07,718092,2.19714e+06,-8.95634e+10,-1.20897e+11
2.05164e+07,717834,2.19766e+06,-8.94777e+10,-1.20961e+11
2.052e+07,717576,2.19817e+06,-8.93919e+10,-1.21025e+11
2.05236e+07,717319,2.19868e+06,-8.9306e+10,-1.21089e+11
2.05272e+07,717061,2.1992e+06,-8.92201e+10,-1.21152e+11
2.05308e+07,716803,2.19971e+06,-8.91342e+10,-1.21216e+11
2.05344e+07,716544,2.20022e+06,-8.90482e+10,-1.21279e+11
2.0538e+07,716286,2.20074e+06,-8.89622e+10,-1.21343e+11
2.05416e+07,716028,2.20125e+06,-8.88761e+10,-1.21406e+11
2.05452e+07,715769,2.20176e+06,-8.879e+10,-1.21469e+11
2.05488e+07,715510,2.20227e+06,-8.87038e+10,-1.21533e+11
2.05524e+07,715252,2.20278e+06,-8.86176e+10,-1.21596e+11
2.0556e+07,714993,2.2033e+06,-8.85313e+10,-1.21659e+11
2.05596e+07,714733,2.20381e+06,-8.8445e+10,-1.21722e+11
2.05632e+07,714474,2.20432e+06,-8.83587e+10,-1.21785e+11
2.05668e+07,714215,2.20483e+06,-8.82723e+10,-1.21848e+11
2.05704e+07,713955,2.20534e+06,-8.81858e+10,-1.21911e+11
2.0574e+07,713696,2.20585e+06,-8.80994e+10,-1.21974e+11
2.05776e+07,713436,2.20636e+06,-8.80128e+10,-1.22037e+11
2.05812e+07,713176,2.20687e+06,-8.79263e+10,-1.22099e+11
2.05848e+07,712916,2.20738e+06,-8.78397e+10,-1.22162e+11
2.05884e+07,712656,2.20789e+06,-8.7753e+10,-1.22225e+11
2.0592e+07,712395,2.2084e+06,-8.76663e+10,-1.22287e+11
2.05956e+07,712135,2.20891e+06,-8.75795e+10,-1.2235e+11
2.05992e+07,711874,2.20942e+06,-8.74928e+10,-1.22412e+11
2.06028e+07,711614,2.20993e+06,-8.74059e+10,-1.22474e+11
2.06064e+07,711353,2.21044e+06,-8.7319e+10,-1.22537e+11
2.061e+07,711092,2.21095e+06,-8.72321e+10,-1.22599e+11
2.06136e+07,710831,2.21145e+06,-8.71451e+10,-1.22661e+11
2.06172e+07,710569,2.21196e+06,-8.70581e+10,-1.22723e+11
2.06208e+07,710308,2.21247e+06,-8.69711e+10,-1.22785e+11
2.06244e+07,710046,2.21298e+06,-8.6884e+10,-1.22847e+11
2.0628e+07,709785,2.21349e+06,-8.67968e+10,-1.22909e+11
2.06316e+07,709523,2.21399e+06,-8.67096e+10,-1.22971e+11
2.06352e+07,709261,2.2145e+06,-8.66224e+10,-1.23033e+11
2.06388e+07,708999,2.21501e+06,-8.65351e+10,-1.23095e+11
2.06424e+07,708737,2.21552e+06,-8.64478e+10,-1.23156e+11
2.0646e+07,708475,2.21602e+06,-8.63605e+10,-1.23218e+11
2.06496e+07,708212,2.21653e+06,-8.6273e+10,-1.23279e+11
2.06532e+07,707950,2.21704e+06,-8.61856e+10,-1.23341e+11
2.06568e+07,707687,2.21754e+06,-8.60981e+10,-1.23402e+11
2.06604e+07,707424,2.21805e+06,-8.60106e+10,-1.23464e+11
2.0664e+07,707161,2.21855e+06,-8.5923e+10,-1.23525e+11
2.06676e+07,706898,2.21906e+06,-8.58354e+10,-1.23586e+11
2.06712e+07,706635,2.21957e+06,-8.57477e+10,-1.23647e+11
2.06748e+07,706371,2.22007e+06,-8.566e+10,-1.23708e+11
2.06784e+07,706108,2.22058e+06,-8.55722e+10,-1.2377e+11
2.0682e+07,705844,2.22108e+06,-8.54844e+10,-1.2383e+11
2.06856e+07,705581,2.22159e+06,-8.53966e+10,-1.23891e+11
2.06892e+07,705317,2.22209e+06,-8.53087e+10,-1.23952e+11
2.06928e+07,705053,2.22259e+06,-8.52208e+10,-1.24013e+11
2.06964e+07,704789,2.2231e+06,-8.51328e+10,-1.24074e+11
2.07e+07,704524,2.2236e+06,-8.50448e+10,-1.24134e+11
2.07036e+07,704260,2.22411e+06,-8.49567e+10,-1.24195e+11
2.07072e+07,703995,2.22461e+06,-8.48686e+10,-1.24256e+11
2.07108e+07,703731,2.22511e+06,-8.47805e+10,-1.24316e+11
2.07144e+07,703466,2.22562e+06,-8.46923e+10,-1.24377e+11
2.0718e+07,703201,2.22612e+06,-8.46041e+10,-1.24437e+11
2.07216e+07,702936,2.22662e+06,-8.45158e+10,-1.24497e+11
2.07252e+07,702671,2.22713e+06,-8.44275e+10,-1.24557e+11
2.07288e+07,702406,2.22763e+06,-8.43392e+10,-1.24618e+11
2.07324e+07,702140,2.22813e+06,-8.42508e+10,-1.24678e+11
2.0736e+07,701875,2.22863e+06,-8.41623e+10,-1.24738e+11
2.07396e+07,701609,2.22914e+06,-8.40738e+10,-1.24798e+11
2.07432e+07,701343,2.22964e+06,-8.39853e+10,-1.24858e+11
2.07468e+07,701077,2.23014e+06,-8.38967e+10,-1.24917e+11
2.07504e+07,700811,2.23064e+06,-8.38081e+10,-1.24977e+11
2.0754e+07,700545,2.23114e+06,-8.37195e+10,-1.25037e+11
2.07576e+07,700279,2.23164e+06,-8.36308e+10,-1.25097e+11
2.07612e+07,700012,2.23214e+06,-8.3542e+10,-1.25156e+11
2.07648e+07,699746,2.23264e+06,-8.34533e+10,-1.25216e+11
2.07684e+07,699479,2.23314e+06,-8.33644e+10,-1.25275e+11
2.0772e+07,699212,2.23364e+06,-8.32756e+10,-1.25335e+11
2.07756e+07,698945,2.23414e+06,-8.31867e+10,-1.25394e+11
2.07792e+07,698678,2.23464e+06,-8.30977e+10,-1.25453e+11
2.07828e+07,698411,2.23514e+06,-8.30087e+10,-1.25513e+11
2.07864e+07,698144,2.23564e+06,-8.29197e+10,-1.25572e+11
2.079e+07,697876,2.23614e+06,-8.28306e+10,-1.25631e+11
2.07936e+07,697609,2.23664e+06,-8.27415e+10,-1.2569e+11
2.07972e+07,697341,2.23714e+06,-8.26523e+10,-1.25749e+11
2.08008e+07,697073,2.23764e+06,-8.25631e+10,-1.25808e+11
2.08044e+07,696805,2.23814e+06,-8.24739e+10,-1.25867e+11
2.0808e+07,696537,2.23864e+06,-8.23846e+10,-1.25925e+11
2.08116e+07,696269,2.23914e+06,-8.22953e+10,-1.25984e+11
2.08152e+07,696001,2.23963e+06,-8.22059e+10,-1.26043e+11
2.08188e+07,695732,2.24013e+06,-8.21165e+10,-1.26101e+11
2.08224e+07,695463,2.24063e+06,-8.20271e+10,-1.2616e+11
2.0826e+07,695195,2.24113e+06,-8.19376e+10,-1.26218e+11
2.08296e+07,694926,2.24162e+06,-8.1848e+10,-1.26277e+11
2.08332e+07,694657,2.24212e+06,-8.17585e+10,-1.26335e+11
2.08368e+07,694388,2.24262e+06,-8.16689e+10,-1.26393e+11
2.08404e+07,694119,2.24311e+06,-8.15792e+10,-1.26451e+11
2.0844e+07,693849,2.24361e+06,-8.14895e+10,-1.2651e+11
2.08476e+07,693580,2.24411e+06,-8.13998e+10,-1.26568e+11
2.08512e+07,693310,2.2446e+06,-8.131e+10,-1.26626e+11
2.08548e+07,693041,2.2451e+06,-8.12202e+10,-1.26684e+11
2.08584e+07,692771,2.24559e+06,-8.11303e+10,-1.26742e+11
2.0862e+07,692501,2.24609e+06,-8.10404e+10,-1.26799e+11
2.08656e+07,692231,2.24658e+06,-8.09505e+10,-1.26857e+11
2.08692e+07,691961,2.24708e+06,-8.08605e+10,-1.26915e+11
2.08728e+07,691690,2.24758e+06,-8.07704e+10,-1.26972e+11
2.08764e+07,691420,2.24807e+06,-8.06804e+10,-1.2703e+11
2.088e+07,691149,2.24856e+06,-8.05903e+10,-1.27088e+11
2.08836e+07,690879,2.24906e+06,-8.05001e+10,-1.27145e+11
2.08872e+07,690608,2.24955e+06,-8.04099e+10,-1.27202e+11
2.08908e+07,690337,2.25005e+06,-8.03197e+10,-1.2726e+11
2.08944e+07,690066,2.25054e+06,-8.02294e+10,-1.27317e+11
2.0898e+07,689795,2.25103e+06,-8.01391e+10,-1.27374e+11
2.09016e+07,689524,2.25153e+06,-8.00488e+10,-1.27431e+11
2.09052e+07,689252,2.25202e+06,-7.99584e+10,-1.27488e+11
2.09088e+07,688981,2.25251e+06,-7.98679e+10,-1.27545e+11
2.09124e+07,688709,2.25301e+06,-7.97775e+10,-1.27602e+11
2.0916e+07,688437,2.2535e+06,-7.9687e+10,-1.27659e+11
2.09196e+07,688165,2.25399e+06,-7.95964e+10,-1.27716e+11
2.09232e+07,687893,2.25448e+06,-7.95058e+10,-1.27773e+11
2.09268e+07,687621,2.25498e+06,-7.94152e+10,-1.27829e+11
2.09304e+07,687349,2.25547e+06,-7.93245e+10,-1.27886e+11
2.0934e+07,687077,2.25596e+06,-7.92338e+10,-1.27942e+11
2.09376e+07,686804,2.25645e+06,-7.9143e+10,-1.27999e+11
2.09412e+07,686532,2.25694e+06,-7.90522e+10,-1.28055e+11
2.09448e+07,686259,2.25743e+06,-7.89614e+10,-1.28112e+11
2.09484e+07,685986,2.25792e+06,-7.88705e+10,-1.28168e+11
2.0952e+07,685713,2.25841e+06,-7.87796e+10,-1.28224e+11
2.09556e+07,685440,2.25891e+06,-7.86887e+10,-1.2828e+11
2.09592e+07,685167,2.2594e+06,-7.85977e+10,-1.28336e+11
2.09628e+07,684893,2.25989e+06,-7.85067e+10,-1.28392e+11
2.09664e+07,684620,2.26038e+06,-7.84156e+10,-1.28448e+11
2.097e+07,684346,2.26087e+06,-7.83245e+10,-1.28504e+11
2.09736e+07,684073,2.26135e+06,-7.82333e+10,-1.2856e+11
2.09772e+07,683799,2.26184e+06,-7.81421e+10,-1.28616e+11
2.09808e+07,683525,2.26233e+06,-7.80509e+10,-1.28671e+11
2.09844e+07,683251,2.26282e+06,-7.79596e+10,-1.28727e+11
2.0988e+07,682977,2.26331e+06,-7.78683e+10,-1.28783e+11
2.09916e+07,682702,2.2638e+06,-7.7777e+10,-1.28838e+11
2.09952e+07,682428,2.26429e+06,-7.76856e+10,-1.28894e+11
2.09988e+07,682154,2.26478e+06,-7.75942e+10,-1.28949e+11
2.10024e+07,681879,2.26526e+06,-7.75027e+10,-1.29004e+11
2.1006e+07,681604,2.26575e+06,-7.74112e+10,-1.29059e+11
2.10096e+07,681329,2.26624e+06,-7.73196e+10,-1.29115e+11
2.10132e+07,681054,2.26673e+06,-7.72281e+10,-1.2917e+11
2.10168e+07,680779,2.26721e+06,-7.71364e+10,-1.29225e+11
2.10204e+07,680504,2.2677e+06,-7.70448e+10,-1.2928e+11
2.1024e+07,680229,2.26819e+06,-7.69531e+10,-1.29335e+11
2.10276e+07,679953,2.26867e+06,-7.68613e+10,-1.2939e+11
2.10312e+07,679678,2.26916e+06,-7.67695e+10,-1.29444e+11
2.10348e+07,679402,2.26965e+06,-7.66777e+10,-1.29499e+11
2.10384e+07,679126,2.27013e+06,-7.65859e+10,-1.29554e+11
2.1042e+07,678850,2.27062e+06,-7.6494e+10,-1.29608e+11
2.10456e+07,678574,2.2711e+06,-7.6402e+10,-1.29663e+11
2.10492e+07,678298,2.27159e+06,-7.63101e+10,-1.29717e+11
2.10528e+07,678022,2.27207e+06,-7.62181e+10,-1.29772e+11
2.10564e+07,677745,2.27256e+06,-7.6126e+10,-1.29826e+11
2.106e+07,677469,2.27304e+06,-7.60339e+10,-1.2988e+11
2.10636e+07,677192,2.27353e+06,-7.59418e+10,-1.29934e+11
2.10672e+07,676916,2.27401e+06,-7.58496e+10,-1.29989e+11
2.10708e+07,676639,2.2745e+06,-7.57574e+10,-1.30043e+11
2.10744e+07,676362,2.27498e+06,-7.56652e+10,-1.30097e+11
2.1078e+07,676085,2.27547e+06,-7.55729e+10,-1.30151e+11
2.10816e+07,675808,2.27595e+06,-7.54806e+10,-1.30204e+11
2.10852e+07,675530,2.27643e+06,-7.53882e+10,-1.30258e+11
2.10888e+07,675253,2.27692e+06,-7.52958e+10,-1.30312e+11
2.10924e+07,674975,2.2774e+06,-7.52034e+10,-1.30366e+11
2.1096e+07,674698,2.27788e+06,-7.51109e+10,-1.30419e+11
2.10996e+07,674420,2.27836e+06,-7.50184e+10,-1.30473e+11
2.11032e+07,674142,2.27885e+06,-7.49259e+10,-1.30526e+11
2.11068e+07,673864,2.27933e+06,-7.48333e+10,-1.3058e+11
2.11104e+07,673586,2.27981e+06,-7.47407e+10,-1.30633e+11
2.1114e+07,673308,2.28029e+06,-7.4648e+10,-1.30686e+11
2.11176e+07,673029,2.28077e+06,-7.45553e+10,-1.30739e+11
2.11212e+07,672751,2.28126e+06,-7.44626e+10,-1.30793e+11
2.11248e+07,672473,2.28174e+06,-7.43698e+10,-1.30846e+11
2.11284e+07,672194,2.28222e+06,-7.4277e+10,-1.30899e+11
2.1132e+07,671915,2.2827e+06,-7.41842e+10,-1.30952e+11
2.11356e+07,671636,2.28318e+06,-7.40913e+10,-1.31005e+11
2.11392e+07,671357,2.28366e+06,-7.39984e+10,-1.31057e+11
2.11428e+07,671078,2.28414e+06,-7.39054e+10,-1.3111e+11
2.11464e+07,670799,2.28462e+06,-7.38124e+10,-1.31163e+11
2.115e+07,670520,2.2851e+06,-7.37194e+10,-1.31215e+11
2.11536e+07,670240,2.28558e+06,-7.36263e+10,-1.31268e+11
2.11572e+07,669961,2.28606e+06,-7.35332e+10,-1.3132e+11
2.11608e+07,669681,2.28654e+06,-7.344e+10,-1.31373e+11
2.11644e+07,669401,2.28702e+06,-7.33469e+10,-1.31425e+11
2.1168e+07,669121,2.2875e+06,-7.32536e+10,-1.31477e+11
2.11716e+07,668841,2.28798e+06,-7.31604e+10,-1.3153e+11
2.11752e+07,668561,2.28845e+06,-7.30671e+10,-1.31582e+11
2.11788e+07,668281,2.28893e+06,-7.29738e+10,-1.31634e+11
2.11824e+07,668000,2.28941e+06,-7.28804e+10,-1.31686e+11
2.1186e+07,667720,2.28989e+06,-7.2787e+10,-1.31738e+11
2.11896e+07,667439,2.29037e+06,-7.26936e+10,-1.3179e+11
2.11932e+07,667159,2.29084e+06,-7.26001e+10,-1.31842e+11
2.11968e+07,666878,2.29132e+06,-7.25066e+10,-1.31893e+11
2.12004e+07,666597,2.2918e+06,-7.2413e+10,-1.31945e+11
2.1204e+07,666316,2.29227e+06,-7.23194e+10,-1.31997e+11
2.12076e+07,666035,2.29275e+06,-7.22258e+10,-1.32048e+11
2.12112e+07,665754,2.29323e+06,-7.21321e+10,-1.321e+11
2.12148e+07,665472,2.2937e+06,-7.20384e+10,-1.32151e+11
2.12184e+07,665191,2.29418e+06,-7.19447e+10,-1.32202e+11
2.1222e+07,664909,2.29466e+06,-7.18509e+10,-1.32254e+11
2.12256e+07,664628,2.29513e+06,-7.17571e+10,-1.32305e+11
2.12292e+07,664346,2.29561e+06,-7.16633e+10,-1.32356e+11
2.12328e+07,664064,2.29608e+06,-7.15694e+10,-1.32407e+11
2.12364e+07,663782,2.29656e+06,-7.14755e+10,-1.32458e+11
2.124e+07,663500,2.29703e+06,-7.13815e+10,-1.32509e+11
2.12436e+07,663218,2.29751e+06,-7.12876e+10,-1.3256e+11
2.12472e+07,662936,2.29798e+06,-7.11935e+10,-1.32611e+11
2.12508e+07,662653,2.29846e+06,-7.10995e+10,-1.32662e+11
2.12544e+07,662371,2.29893e+06,-7.10054e+10,-1.32712e+11
2.1258e+07,662088,2.2994e+06,-7.09112e+10,-1.32763e+11
2.12616e+07,661805,2.29988e+06,-7.08171e+10,-1.32813e+11
2.12652e+07,661522,2.30035e+06,-7.07229e+10,-1.32864e+11
2.12688e+07,661240,2.30082e+06,-7.06286e+10,-1.32914e+11
2.12724e+07,660956,2.3013e+06,-7.05344e+10,-1.32965e+11
2.1276e+07,660673,2.30177e+06,-7.04401e+10,-1.33015e+11
2.12796e+07,660390,2.30224e+06,-7.03457e+10,-1.33065e+11
2.12832e+07,660107,2.30272e+06,-7.02513e+10,-1.33115e+11
2.12868e+07,659823,2.30319e+06,-7.01569e+10,-1.33165e+11
2.12904e+07,659540,2.30366e+06,-7.00625e+10,-1.33215e+11
2.1294e+07,659256,2.30413e+06,-6.9968e+10,-1.33265e+11
2.12976e+07,658972,2.3046e+06,-6.98735e+10,-1.33315e+11
2.13012e+07,658688,2.30507e+06,-6.97789e+10,-1.33365e+11
2.13048e+07,658404,2.30555e+06,-6.96843e+10,-1.33415e+11
2.13084e+07,658120,2.30602e+06,-6.95897e+10,-1.33465e+11
2.1312e+07,657836,2.30649e+06,-6.9495e+10,-1.33514e+11
2.13156e+07,657551,2.30696e+06,-6.94003e+10,-1.33564e+11
2.13192e+07,657267,2.30743e+06,-6.93056e+10,-1.33613e+11
2.13228e+07,656982,2.3079e+06,-6.92108e+10,-1.33663e+11
2.13264e+07,656698,2.30837e+06,-6.9116e+10,-1.33712e+11
2.133e+07,656413,2.30884e+06,-6.90212e+10,-1.33761e+11
2.13336e+07,656128,2.30931e+06,-6.89263e+10,-1.3381e+11
2.13372e+07,655843,2.30978e+06,-6.88314e+10,-1.3386e+11
2.13408e+07,655558,2.31025e+06,-6.87364e+10,-1.33909e+11
2.13444e+07,655273,2.31072e+06,-6.86415e+10,-1.33958e+11
2.1348e+07,654988,2.31119e+06,-6.85465e+10,-1.34007e+11
2.13516e+07,654702,2.31165e+06,-6.84514e+10,-1.34055e+11
2.13552e+07,654417,2.31212e+06,-6.83563e+10,-1.34104e+11
2.13588e+07,654131,2.31259e+06,-6.82612e+10,-1.34153e+11
2.13624e+07,653846,2.31306e+06,-6.81661e+10,-1.34202e+11
2.1366e+07,653560,2.31353e+06,-6.80709e+10,-1.3425e+11
2.13696e+07,653274,2.31399e+06,-6.79757e+10,-1.34299e+11
2.13732e+07,652988,2.31446e+06,-6.78804e+10,-1.34347e+11
2.13768e+07,652702,2.31493e+06,-6.77851e+10,-1.34396e+11
2.13804e+07,652416,2.3154e+06,-6.76898e+10,-1.34444e+11
2.1384e+07,652129,2.31586e+06,-6.75944e+10,-1.34492e+11
2.13876e+07,651843,2.31633e+06,-6.74991e+10,-1.3454e+11
2.13912e+07,651556,2.3168e+06,-6.74036e+10,-1.34589e+11
2.13948e+07,651270,2.31726e+06,-6.73082e+10,-1.34637e+11
2.13984e+07,650983,2.31773e+06,-6.72127e+10,-1.34685e+11
2.1402e+07,650696,2.31819e+06,-6.71171e+10,-1.34732e+11
2.14056e+07,650409,2.31866e+06,-6.70216e+10,-1.3478e+11
2.14092e+07,650122,2.31912e+06,-6.6926e+10,-1.34828e+11
2.14128e+07,649835,2.31959e+06,-6.68304e+10,-1.34876e+11
2.14164e+07,649548,2.32005e+06,-6.67347e+10,-1.34923e+11
2.142e+07,649261,2.32052e+06,-6.6639e+10,-1.34971e+11
2.14236e+07,648973,2.32098e+06,-6.65433e+10,-1.35019e+11
2.14272e+07,648686,2.32145e+06,-6.64475e+10,-1.35066e+11
2.14308e+07,648398,2.32191e+06,-6.63517e+10,-1.35113e+11
2.14344e+07,648110,2.32238e+06,-6.62559e+10,-1.35161e+11
2.1438e+07,647822,2.32284e+06,-6.616e+10,-1.35208e+11
2.14416e+07,647535,2.3233e+06,-6.60641e+10,-1.35255e+11
2.14452e+07,647247,2.32377e+06,-6.59682e+10,-1.35302e+11
2.14488e+07,646958,2.32423e+06,-6.58722e+10,-1.35349e+11
2.14524e+07,646670,2.32469e+06,-6.57762e+10,-1.35396e+11
2.1456e+07,646382,2.32516e+06,-6.56802e+10,-1.35443e+11
2.14596e+07,646093,2.32562e+06,-6.55841e+10,-1.3549e+11
2.14632e+07,645805,2.32608e+06,-6.54881e+10,-1.35537e+11
2.14668e+07,645516,2.32654e+06,-6.53919e+10,-1.35583e+11
2.14704e+07,645227,2.327e+06,-6.52958e+10,-1.3563e+11
2.1474e+07,644939,2.32747e+06,-6.51996e+10,-1.35677e+11
2.14776e+07,644650,2.32793e+06,-6.51033e+10,-1.35723e+11
2.14812e+07,644361,2.32839e+06,-6.50071e+10,-1.35769e+11
2.14848e+07,644072,2.32885e+06,-6.49108e+10,-1.35816e+11
2.14884e+07,643782,2.32931e+06,-6.48145e+10,-1.35862e+11
2.1492e+07,643493,2.32977e+06,-6.47181e+10,-1.35908e+11
2.14956e+07,643204,2.33023e+06,-6.46217e+10,-1.35954e+11
2.14992e+07,642914,2.33069e+06,-6.45253e+10,-1.36001e+11
2.15028e+07,642624,2.33115e+06,-6.44288e+10,-1.36047e+11
2.15064e+07,642335,2.33161e+06,-6.43323e+10,-1.36093e+11
2.151e+07,642045,2.33207e+06,-6.42358e+10,-1.36138e+11
2.15136e+07,641755,2.33253e+06,-6.41393e+10,-1.36184e+11
2.15172e+07,641465,2.33299e+06,-6.40427e+10,-1.3623e+11
2.15208e+07,641175,2.33345e+06,-6.3946e+10,-1.36276e+11
2.15244e+07,640885,2.33391e+06,-6.38494e+10,-1.36321e+11
2.1528e+07,640594,2.33437e+06,-6.37527e+10,-1.36367e+11
2.15316e+07,640304,2.33482e+06,-6.3656e+10,-1.36412e+11
2.15352e+07,640014,2.33528e+06,-6.35592e+10,-1.36458e+11
2.15388e+07,639723,2.33574e+06,-6.34625e+10,-1.36503e+11
2.15424e+07,639432,2.3362e+06,-6.33656e+10,-1.36548e+11
2.1546e+07,639142,2.33666e+06,-6.32688e+10,-1.36593e+11
2.15496e+07,638851,2.33711e+06,-6.31719e+10,-1.36638e+11
2.15532e+07,638560,2.33757e+06,-6.3075e+10,-1.36683e+11
2.15568e+07,638269,2.33803e+06,-6.29781e+10,-1.36728e+11
2.15604e+07,637977,2.33848e+06,-6.28811e+10,-1.36773e+11
2.1564e+07,637686,2.33894e+06,-6.27841e+10,-1.36818e+11
2.15676e+07,637395,2.3394e+06,-6.26871e+10,-1.36863e+11
2.15712e+07,637103,2.33985e+06,-6.259e+10,-1.36908e+11
2.15748e+07,636812,2.34031e+06,-6.24929e+10,-1.36952e+11
2.15784e+07,636520,2.34076e+06,-6.23958e+10,-1.36997e+11
2.1582e+07,636228,2.34122e+06,-6.22986e+10,-1.37041e+11
2.15856e+07,635937,2.34168e+06,-6.22014e+10,-1.37086e+11
2.15892e+07,635645,2.34213e+06,-6.21042e+10,-1.3713e+11
2.15928e+07,635353,2.34259e+06,-6.20069e+10,-1.37174e+11
2.15964e+07,635061,2.34304e+06,-6.19096e+10,-1.37219e+11
2.16e+07,634768,2.34349e+06,-6.18123e+10,-1.37263e+11
2.16036e+07,634476,2.34395e+06,-6.1715e+10,-1.37307e+11
2.16072e+07,634184,2.3444e+06,-6.16176e+10,-1.37351e+11
2.16108e+07,633891,2.34486e+06,-6.15202e+10,-1.37395e+11
2.16144e+07,633599,2.34531e+06,-6.14227e+10,-1.37439e+11
2.1618e+07,633306,2.34576e+06,-6.13253e+10,-1.37483e+11
2.16216e+07,633013,2.34622e+06,-6.12278e+10,-1.37526e+11
2.16252e+07,632720,2.34667e+06,-6.11302e+10,-1.3757e+11
2.16288e+07,632427,2.34712e+06,-6.10327e+10,-1.37613e+11
2.16324e+07,632134,2.34758e+06,-6.09351e+10,-1.37657e+11
2.1636e+07,631841,2.34803e+06,-6.08374e+10,-1.377e+11
2.16396e+07,631548,2.34848e+06,-6.07398e+10,-1.37744e+11
2.16432e+07,631255,2.34893e+06,-6.06421e+10,-1.37787e+11
2.16468e+07,630961,2.34938e+06,-6.05444e+10,-1.3783e+11
2.16504e+07,630668,2.34983e+06,-6.04466e+10,-1.37874e+11
2.1654e+07,630374,2.35029e+06,-6.03488e+10,-1.37917e+11
2.16576e+07,630081,2.35074e+06,-6.0251e+10,-1.3796e+11
2.16612e+07,629787,2.35119e+06,-6.01532e+10,-1.38003e+11
2.16648e+07,629493,2.35164e+06,-6.00553e+10,-1.38046e+11
2.16684e+07,629199,2.35209e+06,-5.99574e+10,-1.38088e+11
2.1672e+07,628905,2.35254e+06,-5.98595e+10,-1.38131e+11
2.16756e+07,628611,2.35299e+06,-5.97615e+10,-1.38174e+11
2.16792e+07,628317,2.35344e+06,-5.96635e+10,-1.38217e+11
2.16828e+07,628022,2.35389e+06,-5.95655e+10,-1.38259e+11
2.16864e+07,627728,2.35434e+06,-5.94674e+10,-1.38302e+11
2.169e+07,627433,2.35479e+06,-5.93693e+10,-1.38344e+11
2.16936e+07,627139,2.35524e+06,-5.92712e+10,-1.38386e+11
2.16972e+07,626844,2.35569e+06,-5.91731e+10,-1.38429e+11
2.17008e+07,626549,2.35613e+06,-5.90749e+10,-1.38471e+11
2.17044e+07,626254,2.35658e+06,-5.89767e+10,-1.38513e+11
2.1708e+07,625959,2.35703e+06,-5.88785e+10,-1.38555e+11
2.17116e+07,625664,2.35748e+06,-5.87802e+10,-1.38597e+11
2.17152e+07,625369,2.35793e+06,-5.86819e+10,-1.38639e+11
2.17188e+07,625074,2.35837e+06,-5.85836e+10,-1.38681e+11
2.17224e+07,624779,2.35882e+06,-5.84852e+10,-1.38723e+11
2.1726e+07,624483,2.35927e+06,-5.83868e+10,-1.38764e+11
2.17296e+07,624188,2.35972e+06,-5.82884e+10,-1.38806e+11
2.17332e+07,623892,2.36016e+06,-5.819e+10,-1.38847e+11
2.17368e+07,623597,2.36061e+06,-5.80915e+10,-1.38889e+11
2.17404e+07,623301,2.36106e+06,-5.7993e+10,-1.3893e+11
2.1744e+07,623005,2.3615e+06,-5.78945e+10,-1.38972e+11
2.17476e+07,622709,2.36195e+06,-5.77959e+10,-1.39013e+11
2.17512e+07,622413,2.36239e+06,-5.76973e+10,-1.39054e+11
2.17548e+07,622117,2.36284e+06,-5.75987e+10,-1.39095e+11
2.17584e+07,621821,2.36328e+06,-5.75001e+10,-1.39137e+11
2.1762e+07,621525,2.36373e+06,-5.74014e+10,-1.39178e+11
2.17656e+07,621228,2.36417e+06,-5.73027e+10,-1.39218e+11
2.17692e+07,620932,2.36462e+06,-5.7204e+10,-1.39259e+11
2.17728e+07,620635,2.36506e+06,-5.71052e+10,-1.393e+11
2.17764e+07,620339,2.36551e+06,-5.70064e+10,-1.39341e+11
2.178e+07,620042,2.36595e+06,-5.69076e+10,-1.39382e+11
2.17836e+07,619745,2.36639e+06,-5.68087e+10,-1.39422e+11
2.17872e+07,619448,2.36684e+06,-5.67099e+10,-1.39463e+11
2.17908e+07,619151,2.36728e+06,-5.6611e+10,-1.39503e+11
2.17944e+07,618854,2.36772e+06,-5.6512e+10,-1.39544e+11
2.1798e+07,618557,2.36817e+06,-5.64131e+10,-1.39584e+11
2.18016e+07,618260,2.36861e+06,-5.63141e+10,-1.39624e+11
2.18052e+07,617963,2.36905e+06,-5.62151e+10,-1.39664e+11
2.18088e+07,617665,2.3695e+06,-5.6116e+10,-1.39704e+11
2.18124e+07,617368,2.36994e+06,-5.60169e+10,-1.39744e+11
2.1816e+07,617070,2.37038e+06,-5.59178e+10,-1.39784e+11
2.18196e+07,616772,2.37082e+06,-5.58187e+10,-1.39824e+11
2.18232e+07,616475,2.37126e+06,-5.57195e+10,-1.39864e+11
2.18268e+07,616177,2.3717e+06,-5.56203e+10,-1.39904e+11
2.18304e+07,615879,2.37214e+06,-5.55211e+10,-1.39943e+11
2.1834e+07,615581,2.37259e+06,-5.54219e+10,-1.39983e+11
2.18376e+07,615283,2.37303e+06,-5.53226e+10,-1.40023e+11
2.18412e+07,614985,2.37347e+06,-5.52233e+10,-1.40062e+11
2.18448e+07,614687,2.37391e+06,-5.5124e+10,-1.40101e+11
2.18484e+07,614388,2.37435e+06,-5.50246e+10,-1.40141e+11
2.1852e+07,614090,2.37479e+06,-5.49252e+10,-1.4018e+11
2.18556e+07,613791,2.37523e+06,-5.48258e+10,-1.40219e+11
2.18592e+07,613493,2.37566e+06,-5.47264e+10,-1.40258e+11
2.18628e+07,613194,2.3761e+06,-5.46269e+10,-1.40297e+11
2.18664e+07,612895,2.37654e+06,-5.45274e+10,-1.40336e+11
2.187e+07,612597,2.37698e+06,-5.44279e+10,-1.40375e+11
2.18736e+07,612298,2.37742e+06,-5.43284e+10,-1.40414e+11
2.18772e+07,611999,2.37786e+06,-5.42288e+10,-1.40453e+11
2.18808e+07,611700,2.3783e+06,-5.41292e+10,-1.40492e+11
2.18844e+07,611400,2.37873e+06,-5.40295e+10,-1.4053e+11
2.1888e+07,611101,2.37917e+06,-5.39299e+10,-1.40569e+11
2.18916e+07,610802,2.37961e+06,-5.38302e+10,-1.40607e+11
2.18952e+07,610503,2.38005e+06,-5.37305e+10,-1.40646e+11
2.18988e+07,610203,2.38048e+06,-5.36307e+10,-1.40684e+11
2.19024e+07,609904,2.38092e+06,-5.3531e+10,-1.40722e+11
2.1906e+07,609604,2.38136e+06,-5.34312e+10,-1.4076e+11
2.19096e+07,609304,2.38179e+06,-5.33313e+10,-1.40798e+11
2.19132e+07,609004,2.38223e+06,-5.32315e+10,-1.40837e+11
2.19168e+07,608704,2.38267e+06,-5.31316e+10,-1.40874e+11
2.19204e+07,608405,2.3831e+06,-5.30317e+10,-1.40912e+11
2.1924e+07,608104,2.38354e+06,-5.29318e+10,-1.4095e+11
2.19276e+07,607804,2.38397e+06,-5.28318e+10,-1.40988e+11
2.19312e+07,607504,2.38441e+06,-5.27318e+10,-1.41026e+11
2.19348e+07,607204,2.38484e+06,-5.26318e+10,-1.41063e+11
2.19384e+07,606904,2.38528e+06,-5.25318e+10,-1.41101e+11
2.1942e+07,606603,2.38571e+06,-5.24317e+10,-1.41138e+11
2.19456e+07,606303,2.38615e+06,-5.23316e+10,-1.41176e+11
2.19492e+07,606002,2.38658e+06,-5.22315e+10,-1.41213e+11
2.19528e+07,605701,2.38701e+06,-5.21314e+10,-1.4125e+11
2.19564e+07,605401,2.38745e+06,-5.20312e+10,-1.41288e+11
2.196e+07,605100,2.38788e+06,-5.1931e+10,-1.41325e+11
2.19636e+07,604799,2.38831e+06,-5.18308e+10,-1.41362e+11
2.19672e+07,604498,2.38875e+06,-5.17306e+10,-1.41399e+11
2.19708e+07,604197,2.38918e+06,-5.16303e+10,-1.41436e+11
2.19744e+07,603896,2.38961e+06,-5.153e+10,-1.41472e+11
2.1978e+07,603594,2.39004e+06,-5.14297e+10,-1.41509e+11
2.19816e+07,603293,2.39048e+06,-5.13293e+10,-1.41546e+11
2.19852e+07,602992,2.39091e+06,-5.12289e+10,-1.41583e+11
2.19888e+07,602690,2.39134e+06,-5.11285e+10,-1.41619e+11
2.19924e+07,602389,2.39177e+06,-5.10281e+10,-1.41656e+11
2.1996e+07,602087,2.3922e+06,-5.09276e+10,-1.41692e+11
2.19996e+07,601785,2.39263e+06,-5.08272e+10,-1.41728e+11
2.20032e+07,601484,2.39306e+06,-5.07267e+10,-1.41765e+11
2.20068e+07,601182,2.39349e+06,-5.06261e+10,-1.41801e+11
2.20104e+07,600880,2.39392e+06,-5.05256e+10,-1.41837e+11
2.2014e+07,600578,2.39435e+06,-5.0425e+10,-1.41873e+11
2.20176e+07,600276,2.39478e+06,-5.03244e+10,-1.41909e+11
2.20212e+07,599974,2.39521e+06,-5.02237e+10,-1.41945e+11
2.20248e+07,599671,2.39564e+06,-5.01231e+10,-1.41981e+11
2.20284e+07,599369,2.39607e+06,-5.00224e+10,-1.42017e+11
2.2032e+07,599067,2.3965e+06,-4.99217e+10,-1.42052e+11
2.20356e+07,598764,2.39693e+06,-4.98209e+10,-1.42088e+11
2.20392e+07,598462,2.39736e+06,-4.97202e+10,-1.42123e+11
2.20428e+07,598159,2.39779e+06,-4.96194e+10,-1.42159e+11
2.20464e+07,597856,2.39822e+06,-4.95186e+10,-1.42194e+11
2.205e+07,597554,2.39864e+06,-4.94178e+10,-1.4223e+11
2.20536e+07,597251,2.39907e+06,-4.93169e+10,-1.42265e+11
2.20572e+07,596948,2.3995e+06,-4.9216e+10,-1.423e+11
2.20608e+07,596645,2.39993e+06,-4.91151e+10,-1.42335e+11
2.20644e+07,596342,2.40035e+06,-4.90142e+10,-1.4237e+11
2.2068e+07,596039,2.40078e+06,-4.89132e+10,-1.42405e+11
2.20716e+07,595735,2.40121e+06,-4.88122e+10,-1.4244e+11
2.20752e+07,595432,2.40163e+06,-4.87112e+10,-1.42475e+11
2.20788e+07,595129,2.40206e+06,-4.86102e+10,-1.4251e+11
2.20824e+07,594825,2.40249e+06,-4.85091e+10,-1.42544e+11
2.2086e+07,594522,2.40291e+06,-4.8408e+10,-1.42579e+11
2.20896e+07,594218,2.40334e+06,-4.83069e+10,-1.42614e+11
2.20932e+07,593915,2.40376e+06,-4.82058e+10,-1.42648e+11
2.20968e+07,593611,2.40419e+06,-4.81046e+10,-1.42683e+11
2.21004e+07,593307,2.40461e+06,-4.80035e+10,-1.42717e+11
2.2104e+07,593003,2.40504e+06,-4.79023e+10,-1.42751e+11
2.21076e+07,592699,2.40546e+06,-4.7801e+10,-1.42785e+11
2.21112e+07,592395,2.40589e+06,-4.76998e+10,-1.42819e+11
2.21148e+07,592091,2.40631e+06,-4.75985e+10,-1.42854e+11
2.21184e+07,591787,2.40674e+06,-4.74972e+10,-1.42887e+11
2.2122e+07,591483,2.40716e+06,-4.73959e+10,-1.42921e+11
2.21256e+07,591179,2.40758e+06,-4.72945e+10,-1.42955e+11
2.21292e+07,590874,2.40801e+06,-4.71932e+10,-1.42989e+11
2.21328e+07,590570,2.40843e+06,-4.70918e+10,-1.43023e+11
2.21364e+07,590265,2.40885e+06,-4.69903e+10,-1.43056e+11
2.214e+07,589961,2.40927e+06,-4.68889e+10,-1.4309e+11
2.21436e+07,589656,2.4097e+06,-4.67874e+10,-1.43123e+11
2.21472e+07,589351,2.41012e+06,-4.66859e+10,-1.43157e+11
2.21508e+07,589046,2.41054e+06,-4.65844e+10,-1.4319e+11
2.21544e+07,588742,2.41096e+06,-4.64829e+10,-1.43223e+11
2.2158e+07,588437,2.41138e+06,-4.63813e+10,-1.43256e+11
2.21616e+07,588132,2.41181e+06,-4.62797e+10,-1.4329e+11
2.21652e+07,587827,2.41223e+06,-4.61781e+10,-1.43323e+11
2.21688e+07,587521,2.41265e+06,-4.60765e+10,-1.43356e+11
2.21724e+07,587216,2.41307e+06,-4.59748e+10,-1.43388e+11
2.2176e+07,586911,2.41349e+06,-4.58732e+10,-1.43421e+11
2.21796e+07,586606,2.41391e+06,-4.57715e+10,-1.43454e+11
2.21832e+07,586300,2.41433e+06,-4.56697e+10,-1.43487e+11
2.21868e+07,585995,2.41475e+06,-4.5568e+10,-1.43519e+11
2.21904e+07,585689,2.41517e+06,-4.54662e+10,-1.43552e+11
2.2194e+07,585383,2.41559e+06,-4.53644e+10,-1.43584e+11
2.21976e+07,585078,2.41601e+06,-4.52626e+10,-1.43617e+11
2.22012e+07,584772,2.41643e+06,-4.51608e+10,-1.43649e+11
2.22048e+07,584466,2.41684e+06,-4.50589e+10,-1.43681e+11
2.22084e+07,584160,2.41726e+06,-4.4957e+10,-1.43713e+11
2.2212e+07,583854,2.41768e+06,-4.48551e+10,-1.43746e+11
2.22156e+07,583548,2.4181e+06,-4.47532e+10,-1.43778e+11
2.22192e+07,583242,2.41852e+06,-4.46512e+10,-1.4381e+11
2.22228e+07,582936,2.41893e+06,-4.45492e+10,-1.43841e+11
2.22264e+07,582630,2.41935e+06,-4.44473e+10,-1.43873e+11
2.223e+07,582323,2.41977e+06,-4.43452e+10,-1.43905e+11
2.22336e+07,582017,2.42019e+06,-4.42432e+10,-1.43937e+11
2.22372e+07,581710,2.4206e+06,-4.41411e+10,-1.43968e+11
2.22408e+07,581404,2.42102e+06,-4.4039e+10,-1.44e+11
2.22444e+07,581097,2.42144e+06,-4.39369e+10,-1.44031e+11
2.2248e+07,580791,2.42185e+06,-4.38348e+10,-1.44063e+11
2.22516e+07,580484,2.42227e+06,-4.37326e+10,-1.44094e+11
2.22552e+07,580177,2.42268e+06,-4.36305e+10,-1.44125e+11
2.22588e+07,579870,2.4231e+06,-4.35283e+10,-1.44156e+11
2.22624e+07,579563,2.42351e+06,-4.3426e+10,-1.44187e+11
2.2266e+07,579256,2.42393e+06,-4.33238e+10,-1.44218e+11
2.22696e+07,578949,2.42434e+06,-4.32215e+10,-1.44249e+11
2.22732e+07,578642,2.42476e+06,-4.31192e+10,-1.4428e+11
2.22768e+07,578335,2.42517e+06,-4.30169e+10,-1.44311e+11
2.22804e+07,578028,2.42559e+06,-4.29146e+10,-1.44342e+11
2.2284e+07,577720,2.426e+06,-4.28123e+10,-1.44372e+11
2.22876e+07,577413,2.42641e+06,-4.27099e+10,-1.44403e+11
2.22912e+07,577106,2.42683e+06,-4.26075e+10,-1.44433e+11
2.22948e+07,576798,2.42724e+06,-4.25051e+10,-1.44464e+11
2.22984e+07,576491,2.42765e+06,-4.24026e+10,-1.44494e+11
2.2302e+07,576183,2.42807e+06,-4.23002e+10,-1.44524e+11
2.23056e+07,575875,2.42848e+06,-4.21977e+10,-1.44555e+11
2.23092e+07,575567,2.42889e+06,-4.20952e+10,-1.44585e+11
2.23128e+07,575260,2.4293e+06,-4.19927e+10,-1.44615e+11
2.23164e+07,574952,2.42972e+06,-4.18901e+10,-1.44645e+11
2.232e+07,574644,2.43013e+06,-4.17876e+10,-1.44675e+11
2.23236e+07,574336,2.43054e+06,-4.1685e+10,-1.44705e+11
2.23272e+07,574028,2.43095e+06,-4.15824e+10,-1.44734e+11
2.23308e+07,573720,2.43136e+06,-4.14797e+10,-1.44764e+11
2.23344e+07,573411,2.43177e+06,-4.13771e+10,-1.44794e+11
2.2338e+07,573103,2.43218e+06,-4.12744e+10,-1.44823e+11
2.23416e+07,572795,2.43259e+06,-4.11717e+10,-1.44853e+11
2.23452e+07,572486,2.433e+06,-4.1069e+10,-1.44882e+11
2.23488e+07,572178,2.43341e+06,-4.09663e+10,-1.44911e+11
2.23524e+07,571869,2.43382e+06,-4.08635e+10,-1.44941e+11
2.2356e+07,571561,2.43423e+06,-4.07608e+10,-1.4497e+11
2.23596e+07,571252,2.43464e+06,-4.0658e+10,-1.44999e+11
2.23632e+07,570943,2.43505e+06,-4.05552e+10,-1.45028e+11
2.23668e+07,570635,2.43546e+06,-4.04523e+10,-1.45057e+11
2.23704e+07,570326,2.43587e+06,-4.03495e+10,-1.45086e+11
2.2374e+07,570017,2.43628e+06,-4.02466e+10,-1.45115e+11
2.23776e+07,569708,2.43669e+06,-4.01437e+10,-1.45144e+11
2.23812e+07,569399,2.43709e+06,-4.00408e+10,-1.45172e+11
2.23848e+07,569090,2.4375e+06,-3.99378e+10,-1.45201e+11
2.23884e+07,568781,2.43791e+06,-3.98349e+10,-1.45229e+11
2.2392e+07,568472,2.43832e+06,-3.97319e+10,-1.45258e+11
2.23956e+07,568162,2.43872e+06,-3.96289e+10,-1.45286e+11
2.23992e+07,567853,2.43913e+06,-3.95259e+10,-1.45315e+11
2.24028e+07,567544,2.43954e+06,-3.94229e+10,-1.45343e+11
2.24064e+07,567234,2.43994e+06,-3.93198e+10,-1.45371e+11
2.241e+07,566925,2.44035e+06,-3.92167e+10,-1.45399e+11
2.24136e+07,566615,2.44076e+06,-3.91136e+10,-1.45427e+11
2.24172e+07,566306,2.44116e+06,-3.90105e+10,-1.45455e+11
2.24208e+07,565996,2.44157e+06,-3.89074e+10,-1.45483e+11
2.24244e+07,565686,2.44197e+06,-3.88042e+10,-1.45511e+11
2.2428e+07,565376,2.44238e+06,-3.8701e+10,-1.45538e+11
2.24316e+07,565067,2.44278e+06,-3.85978e+10,-1.45566e+11
2.24352e+07,564757,2.44319e+06,-3.84946e+10,-1.45594e+11
2.24388e+07,564447,2.44359e+06,-3.83914e+10,-1.45621e+11
2.24424e+07,564137,2.444e+06,-3.82881e+10,-1.45649e+11
2.2446e+07,563827,2.4444e+06,-3.81849e+10,-1.45676e+11
2.24496e+07,563517,2.4448e+06,-3.80816e+10,-1.45703e+11
2.24532e+07,563206,2.44521e+06,-3.79783e+10,-1.4573e+11
2.24568e+07,562896,2.44561e+06,-3.78749e+10,-1.45758e+11
2.24604e+07,562586,2.44601e+06,-3.77716e+10,-1.45785e+11
2.2464e+07,562275,2.44642e+06,-3.76682e+10,-1.45812e+11
2.24676e+07,561965,2.44682e+06,-3.75648e+10,-1.45839e+11
2.24712e+07,561655,2.44722e+06,-3.74614e+10,-1.45865e+11
2.24748e+07,561344,2.44762e+06,-3.7358e+10,-1.45892e+11
2.24784e+07,561033,2.44803e+06,-3.72546e+10,-1.45919e+11
2.2482e+07,560723,2.44843e+06,-3.71511e+10,-1.45945e+11
2.24856e+07,560412,2.44883e+06,-3.70476e+10,-1.45972e+11
2.24892e+07,560101,2.44923e+06,-3.69441e+10,-1.45999e+11
2.24928e+07,559790,2.44963e+06,-3.68406e+10,-1.46025e+11
2.24964e+07,559480,2.45003e+06,-3.6737e+10,-1.46051e+11
2.25e+07,559169,2.45043e+06,-3.66335e+10,-1.46078e+11
2.25036e+07,558858,2.45083e+06,-3.65299e+10,-1.46104e+11
2.25072e+07,558547,2.45123e+06,-3.64263e+10,-1.4613e+11
2.25108e+07,558236,2.45164e+06,-3.63227e+10,-1.46156e+11
2.25144e+07,557924,2.45203e+06,-3.62191e+10,-1.46182e+11
2.2518e+07,557613,2.45243e+06,-3.61154e+10,-1.46208e+11
2.25216e+07,557302,2.45283e+06,-3.60118e+10,-1.46234e+11
2.25252e+07,556991,2.45323e+06,-3.59081e+10,-1.46259e+11
2.25288e+07,556679,2.45363e+06,-3.58044e+10,-1.46285e+11
2.25324e+07,556368,2.45403e+06,-3.57007e+10,-1.46311e+11
2.2536e+07,556056,2.45443e+06,-3.55969e+10,-1.46336e+11
2.25396e+07,555745,2.45483e+06,-3.54932e+10,-1.46362e+11
2.25432e+07,555433,2.45523e+06,-3.53894e+10,-1.46387e+11
2.25468e+07,555122,2.45562e+06,-3.52856e+10,-1.46412e+11
2.25504e+07,554810,2.45602e+06,-3.51818e+10,-1.46437e+11
2.2554e+07,554498,2.45642e+06,-3.5078e+10,-1.46463e+11
2.25576e+07,554186,2.45682e+06,-3.49741e+10,-1.46488e+11
2.25612e+07,553874,2.45721e+06,-3.48702e+10,-1.46513e+11
2.25648e+07,553563,2.45761e+06,-3.47664e+10,-1.46538e+11
2.25684e+07,553251,2.45801e+06,-3.46625e+10,-1.46562e+11
2.2572e+07,552939,2.4584e+06,-3.45585e+10,-1.46587e+11
2.25756e+07,552627,2.4588e+06,-3.44546e+10,-1.46612e+11
2.25792e+07,552314,2.45919e+06,-3.43507e+10,-1.46637e+11
2.25828e+07,552002,2.45959e+06,-3.42467e+10,-1.46661e+11
2.25864e+07,551690,2.45999e+06,-3.41427e+10,-1.46686e+11
2.259e+07,551378,2.46038e+06,-3.40387e+10,-1.4671e+11
2.25936e+07,551065,2.46078e+06,-3.39347e+10,-1.46734e+11
2.25972e+07,550753,2.46117e+06,-3.38306e+10,-1.46759e+11
2.26008e+07,550441,2.46156e+06,-3.37266e+10,-1.46783e+11
2.26044e+07,550128,2.46196e+06,-3.36225e+10,-1.46807e+11
2.2608e+07,549816,2.46235e+06,-3.35184e+10,-1.46831e+11
2.26116e+07,549503,2.46275e+06,-3.34143e+10,-1.46855e+11
2.26152e+07,549190,2.46314e+06,-3.33102e+10,-1.46879e+11
2.26188e+07,548878,2.46353e+06,-3.32061e+10,-1.46903e+11
2.26224e+07,548565,2.46393e+06,-3.31019e+10,-1.46926e+11
2.2626e+07,548252,2.46432e+06,-3.29977e+10,-1.4695e+11
2.26296e+07,547939,2.46471e+06,-3.28935e+10,-1.46974e+11
2.26332e+07,547626,2.46511e+06,-3.27893e+10,-1.46997e+11
2.26368e+07,547314,2.4655e+06,-3.26851e+10,-1.47021e+11
2.26404e+07,547001,2.46589e+06,-3.25809e+10,-1.47044e+11
2.2644e+07,546688,2.46628e+06,-3.24766e+10,-1.47067e+11
2.26476e+07,546374,2.46667e+06,-3.23723e+10,-1.47091e+11
2.26512e+07,546061,2.46707e+06,-3.22681e+10,-1.47114e+11
2.26548e+07,545748,2.46746e+06,-3.21637e+10,-1.47137e+11
2.26584e+07,545435,2.46785e+06,-3.20594e+10,-1.4716e+11
2.2662e+07,545122,2.46824e+06,-3.19551e+10,-1.47183e+11
2.26656e+07,544808,2.46863e+06,-3.18507e+10,-1.47206e+11
2.26692e+07,544495,2.46902e+06,-3.17464e+10,-1.47228e+11
2.26728e+07,544182,2.46941e+06,-3.1642e+10,-1.47251e+11
2.26764e+07,543868,2.4698e+06,-3.15376e+10,-1.47274e+11
2.268e+07,543555,2.47019e+06,-3.14332e+10,-1.47296e+11
2.26836e+07,543241,2.47058e+06,-3.13287e+10,-1.47319e+11
2.26872e+07,542927,2.47097e+06,-3.12243e+10,-1.47341e+11
2.26908e+07,542614,2.47136e+06,-3.11198e+10,-1.47364e+11
2.26944e+07,542300,2.47174e+06,-3.10153e+10,-1.47386e+11
2.2698e+07,541986,2.47213e+06,-3.09108e+10,-1.47408e+11
2.27016e+07,541672,2.47252e+06,-3.08063e+10,-1.4743e+11
2.27052e+07,541359,2.47291e+06,-3.07018e+10,-1.47452e+11
2.27088e+07,541045,2.4733e+06,-3.05972e+10,-1.47474e+11
2.27124e+07,540731,2.47369e+06,-3.04927e+10,-1.47496e+11
2.2716e+07,540417,2.47407e+06,-3.03881e+10,-1.47518e+11
2.27196e+07,540103,2.47446e+06,-3.02835e+10,-1.4754e+11
2.27232e+07,539789,2.47485e+06,-3.01789e+10,-1.47561e+11
2.27268e+07,539475,2.47523e+06,-3.00743e+10,-1.47583e+11
2.27304e+07,539160,2.47562e+06,-2.99697e+10,-1.47605e+11
2.2734e+07,538846,2.47601e+06,-2.9865e+10,-1.47626e+11
2.27376e+07,538532,2.47639e+06,-2.97604e+10,-1.47647e+11
2.27412e+07,538218,2.47678e+06,-2.96557e+10,-1.47669e+11
2.27448e+07,537903,2.47716e+06,-2.9551e+10,-1.4769e+11
2.27484e+07,537589,2.47755e+06,-2.94463e+10,-1.47711e+11
2.2752e+07,537274,2.47793e+06,-2.93415e+10,-1.47732e+11
2.27556e+07,536960,2.47832e+06,-2.92368e+10,-1.47753e+11
2.27592e+07,536645,2.4787e+06,-2.9132e+10,-1.47774e+11
2.27628e+07,536331,2.47909e+06,-2.90273e+10,-1.47795e+11
2.27664e+07,536016,2.47947e+06,-2.89225e+10,-1.47816e+11
2.277e+07,535702,2.47986e+06,-2.88177e+10,-1.47836e+11
2.27736e+07,535387,2.48024e+06,-2.87129e+10,-1.47857e+11
2.27772e+07,535072,2.48062e+06,-2.86081e+10,-1.47878e+11
2.27808e+07,534757,2.48101e+06,-2.85032e+10,-1.47898e+11
2.27844e+07,534443,2.48139e+06,-2.83984e+10,-1.47918e+11
2.2788e+07,534128,2.48177e+06,-2.82935e+10,-1.47939e+11
2.27916e+07,533813,2.48216e+06,-2.81886e+10,-1.47959e+11
2.27952e+07,533498,2.48254e+06,-2.80837e+10,-1.47979e+11
2.27988e+07,533183,2.48292e+06,-2.79788e+10,-1.47999e+11
2.28024e+07,532868,2.4833e+06,-2.78739e+10,-1.48019e+11
2.2806e+07,532553,2.48369e+06,-2.77689e+10,-1.48039e+11
2.28096e+07,532237,2.48407e+06,-2.7664e+10,-1.48059e+11
2.28132e+07,531922,2.48445e+06,-2.7559e+10,-1.48079e+11
2.28168e+07,531607,2.48483e+06,-2.7454e+10,-1.48099e+11
2.28204e+07,531292,2.48521e+06,-2.7349e+10,-1.48119e+11
2.2824e+07,530977,2.48559e+06,-2.7244e+10,-1.48138e+11
2.28276e+07,530661,2.48597e+06,-2.7139e+10,-1.48158e+11
2.28312e+07,530346,2.48635e+06,-2.70339e+10,-1.48177e+11
2.28348e+07,530030,2.48673e+06,-2.69289e+10,-1.48196e+11
2.28384e+07,529715,2.48711e+06,-2.68238e+10,-1.48216e+11
2.2842e+07,529399,2.48749e+06,-2.67187e+10,-1.48235e+11
2.28456e+07,529084,2.48787e+06,-2.66136e+10,-1.48254e+11
2.28492e+07,528768,2.48825e+06,-2.65085e+10,-1.48273e+11
2.28528e+07,528453,2.48863e+06,-2.64034e+10,-1.48292e+11
2.28564e+07,528137,2.48901e+06,-2.62983e+10,-1.48311e+11
2.286e+07,527821,2.48939e+06,-2.61931e+10,-1.4833e+11
2.28636e+07,527506,2.48976e+06,-2.6088e+10,-1.48349e+11
2.28672e+07,527190,2.49014e+06,-2.59828e+10,-1.48367e+11
2.28708e+07,526874,2.49052e+06,-2.58776e+10,-1.48386e+11
2.28744e+07,526558,2.4909e+06,-2.57724e+10,-1.48405e+11
2.2878e+07,526242,2.49128e+06,-2.56672e+10,-1.48423e+11
2.28816e+07,525926,2.49165e+06,-2.5562e+10,-1.48441e+11
2.28852e+07,525610,2.49203e+06,-2.54567e+10,-1.4846e+11
2.28888e+07,525294,2.49241e+06,-2.53515e+10,-1.48478e+11
2.28924e+07,524978,2.49278e+06,-2.52462e+10,-1.48496e+11
2.2896e+07,524662,2.49316e+06,-2.51409e+10,-1.48514e+11
2.28996e+07,524346,2.49353e+06,-2.50356e+10,-1.48532e+11
2.29032e+07,524030,2.49391e+06,-2.49303e+10,-1.4855e+11
2.29068e+07,523714,2.49429e+06,-2.4825e+10,-1.48568e+11
2.29104e+07,523397,2.49466e+06,-2.47197e+10,-1.48586e+11
2.2914e+07,523081,2.49504e+06,-2.46144e+10,-1.48604e+11
2.29176e+07,522765,2.49541e+06,-2.4509e+10,-1.48621e+11
2.29212e+07,522448,2.49579e+06,-2.44036e+10,-1.48639e+11
2.29248e+07,522132,2.49616e+06,-2.42983e+10,-1.48656e+11
2.29284e+07,521816,2.49653e+06,-2.41929e+10,-1.48674e+11
2.2932e+07,521499,2.49691e+06,-2.40875e+10,-1.48691e+11
2.29356e+07,521183,2.49728e+06,-2.39821e+10,-1.48708e+11
2.29392e+07,520866,2.49766e+06,-2.38766e+10,-1.48726e+11
2.29428e+07,520549,2.49803e+06,-2.37712e+10,-1.48743e+11
2.29464e+07,520233,2.4984e+06,-2.36657e+10,-1.4876e+11
2.295e+07,519916,2.49878e+06,-2.35603e+10,-1.48777e+11
2.29536e+07,519599,2.49915e+06,-2.34548e+10,-1.48794e+11
2.29572e+07,519283,2.49952e+06,-2.33493e+10,-1.4881e+11
2.29608e+07,518966,2.49989e+06,-2.32438e+10,-1.48827e+11
2.29644e+07,518649,2.50026e+06,-2.31383e+10,-1.48844e+11
2.2968e+07,518332,2.50064e+06,-2.30328e+10,-1.4886e+11
2.29716e+07,518016,2.50101e+06,-2.29273e+10,-1.48877e+11
2.29752e+07,517699,2.50138e+06,-2.28217e+10,-1.48893e+11
2.29788e+07,517382,2.50175e+06,-2.27162e+10,-1.4891e+11
2.29824e+07,517065,2.50212e+06,-2.26106e+10,-1.48926e+11
2.2986e+07,516748,2.50249e+06,-2.2505e+10,-1.48942e+11
2.29896e+07,516431,2.50286e+06,-2.23994e+10,-1.48959e+11
2.29932e+07,516114,2.50323e+06,-2.22938e+10,-1.48975e+11
2.29968e+07,515796,2.5036e+06,-2.21882e+10,-1.48991e+11
2.30004e+07,515479,2.50397e+06,-2.20826e+10,-1.49007e+11
2.3004e+07,515162,2.50434e+06,-2.1977e+10,-1.49022e+11
2.30076e+07,514845,2.50471e+06,-2.18713e+10,-1.49038e+11
2.30112e+07,514528,2.50508e+06,-2.17657e+10,-1.49054e+11
2.30148e+07,514210,2.50545e+06,-2.166e+10,-1.49069e+11
2.30184e+07,513893,2.50582e+06,-2.15543e+10,-1.49085e+11
2.3022e+07,513576,2.50619e+06,-2.14486e+10,-1.491e+11
2.30256e+07,513258,2.50655e+06,-2.13429e+10,-1.49116e+11
2.30292e+07,512941,2.50692e+06,-2.12372e+10,-1.49131e+11
2.30328e+07,512624,2.50729e+06,-2.11315e+10,-1.49146e+11
2.30364e+07,512306,2.50766e+06,-2.10257e+10,-1.49162e+11
2.304e+07,511989,2.50802e+06,-2.092e+10,-1.49177e+11
2.30436e+07,511671,2.50839e+06,-2.08142e+10,-1.49192e+11
2.30472e+07,511354,2.50876e+06,-2.07085e+10,-1.49207e+11
2.30508e+07,511036,2.50912e+06,-2.06027e+10,-1.49222e+11
2.30544e+07,510718,2.50949e+06,-2.04969e+10,-1.49236e+11
2.3058e+07,510401,2.50986e+06,-2.03911e+10,-1.49251e+11
2.30616e+07,510083,2.51022e+06,-2.02853e+10,-1.49266e+11
2.30652e+07,509765,2.51059e+06,-2.01795e+10,-1.4928e+11
2.30688e+07,509448,2.51095e+06,-2.00737e+10,-1.49295e+11
2.30724e+07,509130,2.51132e+06,-1.99678e+10,-1.49309e+11
2.3076e+07,508812,2.51168e+06,-1.9862e+10,-1.49324e+11
2.30796e+07,508494,2.51205e+06,-1.97561e+10,-1.49338e+11
2.30832e+07,508176,2.51241e+06,-1.96503e+10,-1.49352e+11
2.30868e+07,507858,2.51278e+06,-1.95444e+10,-1.49366e+11
2.30904e+07,507540,2.51314e+06,-1.94385e+10,-1.4938e+11
2.3094e+07,507222,2.51351e+06,-1.93326e+10,-1.49394e+11
2.30976e+07,506904,2.51387e+06,-1.92267e+10,-1.49408e+11
2.31012e+07,506586,2.51423e+06,-1.91208e+10,-1.49422e+11
2.31048e+07,506268,2.5146e+06,-1.90149e+10,-1.49436e+11
2.31084e+07,505950,2.51496e+06,-1.89089e+10,-1.49449e+11
2.3112e+07,505632,2.51532e+06,-1.8803e+10,-1.49463e+11
2.31156e+07,505314,2.51568e+06,-1.8697e+10,-1.49477e+11
2.31192e+07,504996,2.51605e+06,-1.85911e+10,-1.4949e+11
2.31228e+07,504678,2.51641e+06,-1.84851e+10,-1.49503e+11
2.31264e+07,504360,2.51677e+06,-1.83791e+10,-1.49517e+11
2.313e+07,504041,2.51713e+06,-1.82731e+10,-1.4953e+11
2.31336e+07,503723,2.51749e+06,-1.81671e+10,-1.49543e+11
2.31372e+07,503405,2.51785e+06,-1.80611e+10,-1.49556e+11
2.31408e+07,503086,2.51821e+06,-1.79551e+10,-1.49569e+11
2.31444e+07,502768,2.51858e+06,-1.7849e+10,-1.49582e+11
2.3148e+07,502450,2.51894e+06,-1.7743e+10,-1.49595e+11
2.31516e+07,502131,2.5193e+06,-1.7637e+10,-1.49608e+11
2.31552e+07,501813,2.51966e+06,-1.75309e+10,-1.4962e+11
2.31588e+07,501494,2.52002e+06,-1.74248e+10,-1.49633e+11
2.31624e+07,501176,2.52038e+06,-1.73188e+10,-1.49645e+11
2.3166e+07,500857,2.52073e+06,-1.72127e+10,-1.49658e+11
2.31696e+07,500539,2.52109e+06,-1.71066e+10,-1.4967e+11
2.31732e+07,500220,2.52145e+06,-1.70005e+10,-1.49683e+11
2.31768e+07,499902,2.52181e+06,-1.68944e+10,-1.49695e+11
2.31804e+07,499583,2.52217e+06,-1.67883e+10,-1.49707e+11
2.3184e+07,499264,2.52253e+06,-1.66821e+10,-1.49719e+11
2.31876e+07,498946,2.52289e+06,-1.6576e+10,-1.49731e+11
2.31912e+07,498627,2.52324e+06,-1.64699e+10,-1.49743e+11
2.31948e+07,498308,2.5236e+06,-1.63637e+10,-1.49755e+11
2.31984e+07,497990,2.52396e+06,-1.62575e+10,-1.49767e+11
2.3202e+07,497671,2.52432e+06,-1.61514e+10,-1.49778e+11
2.32056e+07,497352,2.52467e+06,-1.60452e+10,-1.4979e+11
2.32092e+07,497033,2.52503e+06,-1.5939e+10,-1.49802e+11
2.32128e+07,496714,2.52539e+06,-1.58328e+10,-1.49813e+11
2.32164e+07,496395,2.52574e+06,-1.57266e+10,-1.49825e+11
2.322e+07,496077,2.5261e+06,-1.56204e+10,-1.49836e+11
2.32236e+07,495758,2.52645e+06,-1.55142e+10,-1.49847e+11
2.32272e+07,495439,2.52681e+06,-1.5408e+10,-1.49858e+11
2.32308e+07,495120,2.52716e+06,-1.53017e+10,-1.4987e+11
2.32344e+07,494801,2.52752e+06,-1.51955e+10,-1.49881e+11
2.3238e+07,494482,2.52787e+06,-1.50893e+10,-1.49892e+11
2.32416e+07,494163,2.52823e+06,-1.4983e+10,-1.49902e+11
2.32452e+07,493844,2.52858e+06,-1.48767e+10,-1.49913e+11
2.32488e+07,493525,2.52894e+06,-1.47705e+10,-1.49924e+11
2.32524e+07,493206,2.52929e+06,-1.46642e+10,-1.49935e+11
2.3256e+07,492886,2.52964e+06,-1.45579e+10,-1.49945e+11
2.32596e+07,492567,2.53e+06,-1.44516e+10,-1.49956e+11
2.32632e+07,492248,2.53035e+06,-1.43453e+10,-1.49966e+11
2.32668e+07,491929,2.5307e+06,-1.4239e+10,-1.49976e+11
2.32704e+07,491610,2.53106e+06,-1.41327e+10,-1.49987e+11
2.3274e+07,491290,2.53141e+06,-1.40264e+10,-1.49997e+11
2.32776e+07,490971,2.53176e+06,-1.39201e+10,-1.50007e+11
2.32812e+07,490652,2.53211e+06,-1.38137e+10,-1.50017e+11
2.32848e+07,490333,2.53247e+06,-1.37074e+10,-1.50027e+11
2.32884e+07,490013,2.53282e+06,-1.3601e+10,-1.50037e+11
2.3292e+07,489694,2.53317e+06,-1.34947e+10,-1.50047e+11
2.32956e+07,489375,2.53352e+06,-1.33883e+10,-1.50057e+11
2.32992e+07,489055,2.53387e+06,-1.32819e+10,-1.50066e+11
2.33028e+07,488736,2.53422e+06,-1.31756e+10,-1.50076e+11
2.33064e+07,488416,2.53457e+06,-1.30692e+10,-1.50085e+11
2.331e+07,488097,2.53492e+06,-1.29628e+10,-1.50095e+11
2.33136e+07,487778,2.53527e+06,-1.28564e+10,-1.50104e+11
2.33172e+07,487458,2.53562e+06,-1.275e+10,-1.50114e+11
2.33208e+07,487139,2.53597e+06,-1.26436e+10,-1.50123e+11
2.33244e+07,486819,2.53632e+06,-1.25372e+10,-1.50132e+11
2.3328e+07,486500,2.53667e+06,-1.24307e+10,-1.50141e+11
2.33316e+07,486180,2.53702e+06,-1.23243e+10,-1.5015e+11
2.33352e+07,485860,2.53737e+06,-1.22179e+10,-1.50159e+11
2.33388e+07,485541,2.53772e+06,-1.21114e+10,-1.50168e+11
2.33424e+07,485221,2.53806e+06,-1.2005e+10,-1.50177e+11
2.3346e+07,484902,2.53841e+06,-1.18985e+10,-1.50185e+11
2.33496e+07,484582,2.53876e+06,-1.17921e+10,-1.50194e+11
2.33532e+07,484262,2.53911e+06,-1.16856e+10,-1.50202e+11
2.33568e+07,483943,2.53946e+06,-1.15792e+10,-1.50211e+11
2.33604e+07,483623,2.5398e+06,-1.14727e+10,-1.50219e+11
2.3364e+07,483303,2.54015e+06,-1.13662e+10,-1.50228e+11
2.33676e+07,482983,2.5405e+06,-1.12597e+10,-1.50236e+11
2.33712e+07,482664,2.54084e+06,-1.11532e+10,-1.50244e+11
2.33748e+07,482344,2.54119e+06,-1.10467e+10,-1.50252e+11
2.33784e+07,482024,2.54153e+06,-1.09402e+10,-1.5026e+11
2.3382e+07,481704,2.54188e+06,-1.08337e+10,-1.50268e+11
2.33856e+07,481385,2.54223e+06,-1.07272e+10,-1.50276e+11
2.33892e+07,481065,2.54257e+06,-1.06207e+10,-1.50284e+11
2.33928e+07,480745,2.54292e+06,-1.05141e+10,-1.50291e+11
2.33964e+07,480425,2.54326e+06,-1.04076e+10,-1.50299e+11
2.34e+07,480105,2.54361e+06,-1.03011e+10,-1.50307e+11
2.34036e+07,479785,2.54395e+06,-1.01945e+10,-1.50314e+11
2.34072e+07,479465,2.54429e+06,-1.0088e+10,-1.50322e+11
2.34108e+07,479145,2.54464e+06,-9.98141e+09,-1.50329e+11
2.34144e+07,478825,2.54498e+06,-9.87485e+09,-1.50336e+11
2.3418e+07,478505,2.54533e+06,-9.76829e+09,-1.50343e+11
2.34216e+07,478186,2.54567e+06,-9.66172e+09,-1.5035e+11
2.34252e+07,477866,2.54601e+06,-9.55515e+09,-1.50357e+11
2.34288e+07,477546,2.54635e+06,-9.44857e+09,-1.50364e+11
2.34324e+07,477226,2.5467e+06,-9.34199e+09,-1.50371e+11
2.3436e+07,476905,2.54704e+06,-9.2354e+09,-1.50378e+11
2.34396e+07,476585,2.54738e+06,-9.12881e+09,-1.50385e+11
2.34432e+07,476265,2.54772e+06,-9.02221e+09,-1.50392e+11
2.34468e+07,475945,2.54806e+06,-8.91561e+09,-1.50398e+11
2.34504e+07,475625,2.54841e+06,-8.809e+09,-1.50405e+11
2.3454e+07,475305,2.54875e+06,-8.70239e+09,-1.50411e+11
2.34576e+07,474985,2.54909e+06,-8.59577e+09,-1.50417e+11
2.34612e+07,474665,2.54943e+06,-8.48916e+09,-1.50424e+11
2.34648e+07,474345,2.54977e+06,-8.38253e+09,-1.5043e+11
2.34684e+07,474025,2.55011e+06,-8.2759e+09,-1.50436e+11
2.3472e+07,473704,2.55045e+06,-8.16927e+09,-1.50442e+11
2.34756e+07,473384,2.55079e+06,-8.06263e+09,-1.50448e+11
2.34792e+07,473064,2.55113e+06,-7.95599e+09,-1.50454e+11
2.34828e+07,472744,2.55147e+06,-7.84935e+09,-1.5046e+11
2.34864e+07,472424,2.55181e+06,-7.7427e+09,-1.50465e+11
2.349e+07,472103,2.55215e+06,-7.63605e+09,-1.50471e+11
2.34936e+07,471783,2.55249e+06,-7.52939e+09,-1.50477e+11
2.34972e+07,471463,2.55282e+06,-7.42273e+09,-1.50482e+11
2.35008e+07,471143,2.55316e+06,-7.31607e+09,-1.50488e+11
2.35044e+07,470822,2.5535e+06,-7.2094e+09,-1.50493e+11
2.3508e+07,470502,2.55384e+06,-7.10273e+09,-1.50498e+11
2.35116e+07,470182,2.55418e+06,-6.99605e+09,-1.50504e+11
2.35152e+07,469862,2.55451e+06,-6.88937e+09,-1.50509e+11
2.35188e+07,469541,2.55485e+06,-6.78269e+09,-1.50514e+11
2.35224e+07,469221,2.55519e+06,-6.676e+09,-1.50519e+11
2.3526e+07,468901,2.55552e+06,-6.56932e+09,-1.50524e+11
2.35296e+07,468580,2.55586e+06,-6.46262e+09,-1.50529e+11
2.35332e+07,468260,2.5562e+06,-6.35593e+09,-1.50533e+11
2.35368e+07,467939,2.55653e+06,-6.24923e+09,-1.50538e+11
2.35404e+07,467619,2.55687e+06,-6.14253e+09,-1.50543e+11
2.3544e+07,467299,2.5572e+06,-6.03582e+09,-1.50547e+11
2.35476e+07,466978,2.55754e+06,-5.92911e+09,-1.50552e+11
2.35512e+07,466658,2.55787e+06,-5.8224e+09,-1.50556e+11
2.35548e+07,466337,2.55821e+06,-5.71569e+09,-1.5056e+11
2.35584e+07,466017,2.55854e+06,-5.60897e+09,-1.50565e+11
2.3562e+07,465697,2.55888e+06,-5.50225e+09,-1.50569e+11
2.35656e+07,465376,2.55921e+06,-5.39552e+09,-1.50573e+11
2.35692e+07,465056,2.55955e+06,-5.2888e+09,-1.50577e+11
2.35728e+07,464735,2.55988e+06,-5.18207e+09,-1.50581e+11
2.35764e+07,464415,2.56021e+06,-5.07534e+09,-1.50585e+11
2.358e+07,464094,2.56055e+06,-4.9686e+09,-1.50588e+11
2.35836e+07,463774,2.56088e+06,-4.86187e+09,-1.50592e+11
2.35872e+07,463453,2.56121e+06,-4.75513e+09,-1.50596e+11
2.35908e+07,463133,2.56154e+06,-4.64839e+09,-1.50599e+11
2.35944e+07,462812,2.56188e+06,-4.54164e+09,-1.50603e+11
2.3598e+07,462492,2.56221e+06,-4.4349e+09,-1.50606e+11
2.36016e+07,462171,2.56254e+06,-4.32815e+09,-1.50609e+11
2.36052e+07,461851,2.56287e+06,-4.2214e+09,-1.50613e+11
2.36088e+07,461530,2.5632e+06,-4.11464e+09,-1.50616e+11
2.36124e+07,461210,2.56354e+06,-4.00789e+09,-1.50619e+11
2.3616e+07,460889,2.56387e+06,-3.90113e+09,-1.50622e+11
2.36196e+07,460569,2.5642e+06,-3.79437e+09,-1.50625e+11
2.36232e+07,460248,2.56453e+06,-3.68761e+09,-1.50628e+11
2.36268e+07,459928,2.56486e+06,-3.58085e+09,-1.50631e+11
2.36304e+07,459607,2.56519e+06,-3.47408e+09,-1.50633e+11
2.3634e+07,459286,2.56552e+06,-3.36732e+09,-1.50636e+11
2.36376e+07,458966,2.56585e+06,-3.26055e+09,-1.50639e+11
2.36412e+07,458645,2.56618e+06,-3.15378e+09,-1.50641e+11
2.36448e+07,458325,2.56651e+06,-3.04701e+09,-1.50643e+11
2.36484e+07,458004,2.56683e+06,-2.94023e+09,-1.50646e+11
2.3652e+07,457684,2.56716e+06,-2.83346e+09,-1.50648e+11
2.36556e+07,457363,2.56749e+06,-2.72668e+09,-1.5065e+11
2.36592e+07,457042,2.56782e+06,-2.61991e+09,-1.50652e+11
2.36628e+07,456722,2.56815e+06,-2.51313e+09,-1.50654e+11
2.36664e+07,456401,2.56848e+06,-2.40635e+09,-1.50656e+11
2.367e+07,456081,2.5688e+06,-2.29956e+09,-1.50658e+11
2.36736e+07,455760,2.56913e+06,-2.19278e+09,-1.5066e+11
2.36772e+07,455439,2.56946e+06,-2.086e+09,-1.50662e+11
2.36808e+07,455119,2.56978e+06,-1.97921e+09,-1.50663e+11
2.36844e+07,454798,2.57011e+06,-1.87243e+09,-1.50665e+11
2.3688e+07,454477,2.57044e+06,-1.76564e+09,-1.50667e+11
2.36916e+07,454157,2.57076e+06,-1.65885e+09,-1.50668e+11
2.36952e+07,453836,2.57109e+06,-1.55206e+09,-1.50669e+11
2.36988e+07,453516,2.57142e+06,-1.44527e+09,-1.50671e+11
2.37024e+07,453195,2.57174e+06,-1.33848e+09,-1.50672e+11
2.3706e+07,452874,2.57207e+06,-1.23169e+09,-1.50673e+11
2.37096e+07,452554,2.57239e+06,-1.1249e+09,-1.50674e+11
2.37132e+07,452233,2.57272e+06,-1.01811e+09,-1.50675e+11
2.37168e+07,451912,2.57304e+06,-9.11313e+08,-1.50676e+11
2.37204e+07,451592,2.57337e+06,-8.04519e+08,-1.50677e+11
2.3724e+07,451271,2.57369e+06,-6.97725e+08,-1.50677e+11
2.37276e+07,450950,2.57401e+06,-5.9093e+08,-1.50678e+11
2.37312e+07,450630,2.57434e+06,-4.84135e+08,-1.50679e+11
2.37348e+07,450309,2.57466e+06,-3.7734e+08,-1.50679e+11
2.37384e+07,449988,2.57498e+06,-2.70544e+08,-1.5068e+11
2.3742e+07,449668,2.57531e+06,-1.63749e+08,-1.5068e+11
2.37456e+07,449347,2.57563e+06,-5.69529e+07,-1.5068e+11
2.37492e+07,449026,2.57595e+06,4.9843e+07,-1.50681e+11
2.37528e+07,448706,2.57627e+06,1.56639e+08,-1.50681e+11
2.37564e+07,448385,2.5766e+06,2.63435e+08,-1.50681e+11
2.376e+07,448064,2.57692e+06,3.70231e+08,-1.50681e+11
2.37636e+07,447744,2.57724e+06,4.77026e+08,-1.50681e+11
2.37672e+07,447423,2.57756e+06,5.83822e+08,-1.50681e+11
2.37708e+07,447102,2.57788e+06,6.90617e+08,-1.5068e+11
2.37744e+07,446782,2.5782e+06,7.97412e+08,-1.5068e+11
2.3778e+07,446461,2.57852e+06,9.04207e+08,-1.5068e+11
2.37816e+07,446141,2.57884e+06,1.011e+09,-1.50679e+11
2.37852e+07,445820,2.57916e+06,1.11779e+09,-1.50679e+11
2.37888e+07,445499,2.57948e+06,1.22459e+09,-1.50678e+11
2.37924e+07,445179,2.5798e+06,1.33138e+09,-1.50677e+11
2.3796e+07,444858,2.58012e+06,1.43817e+09,-1.50676e+11
2.37996e+07,444537,2.58044e+06,1.54496e+09,-1.50676e+11
2.38032e+07,444217,2.58076e+06,1.65175e+09,-1.50675e+11
2.38068e+07,443896,2.58108e+06,1.75854e+09,-1.50674e+11
2.38104e+07,443575,2.5814e+06,1.86533e+09,-1.50673e+11
2.3814e+07,443255,2.58172e+06,1.97212e+09,-1.50672e+11
2.38176e+07,442934,2.58204e+06,2.07891e+09,-1.5067e+11
2.38212e+07,442613,2.58236e+06,2.1857e+09,-1.50669e+11
2.38248e+07,442293,2.58267e+06,2.29248e+09,-1.50668e+11
2.38284e+07,441972,2.58299e+06,2.39926e+09,-1.50666e+11
2.3832e+07,441652,2.58331e+06,2.50605e+09,-1.50665e+11
2.38356e+07,441331,2.58362e+06,2.61283e+09,-1.50663e+11
2.38392e+07,441010,2.58394e+06,2.71961e+09,-1.50661e+11
2.38428e+07,440690,2.58426e+06,2.82639e+09,-1.5066e+11
2.38464e+07,440369,2.58457e+06,2.93317e+09,-1.50658e+11
2.385e+07,440049,2.58489e+06,3.03994e+09,-1.50656e+11
2.38536e+07,439728,2.58521e+06,3.14672e+09,-1.50654e+11
2.38572e+07,439407,2.58552e+06,3.25349e+09,-1.50652e+11
2.38608e+07,439087,2.58584e+06,3.36026e+09,-1.5065e+11
2.38644e+07,438766,2.58615e+06,3.46703e+09,-1.50648e+11
2.3868e+07,438446,2.58647e+06,3.5738e+09,-1.50645e+11
2.38716e+07,438125,2.58678e+06,3.68057e+09,-1.50643e+11
2.38752e+07,437805,2.5871e+06,3.78733e+09,-1.5064e+11
2.38788e+07,437484,2.58741e+06,3.8941e+09,-1.50638e+11
2.38824e+07,437163,2.58773e+06,4.00086e+09,-1.50635e+11
2.3886e+07,436843,2.58804e+06,4.10762e+09,-1.50633e+11
2.38896e+07,436522,2.58835e+06,4.21437e+09,-1.5063e+11
2.38932e+07,436202,2.58867e+06,4.32113e+09,-1.50627e+11
2.38968e+07,435881,2.58898e+06,4.42788e+09,-1.50624e+11
2.39004e+07,435561,2.58929e+06,4.53463e+09,-1.50621e+11
2.3904e+07,435240,2.58961e+06,4.64138e+09,-1.50618e+11
2.39076e+07,434920,2.58992e+06,4.74813e+09,-1.50615e+11
2.39112e+07,434599,2.59023e+06,4.85487e+09,-1.50612e+11
2.39148e+07,434279,2.59054e+06,4.96161e+09,-1.50609e+11
2.39184e+07,433958,2.59086e+06,5.06835e+09,-1.50605e+11
2.3922e+07,433638,2.59117e+06,5.17509e+09,-1.50602e+11
2.39256e+07,433317,2.59148e+06,5.28182e+09,-1.50598e+11
2.39292e+07,432997,2.59179e+06,5.38856e+09,-1.50595e+11
2.39328e+07,432676,2.5921e+06,5.49529e+09,-1.50591e+11
2.39364e+07,432356,2.59241e+06,5.60201e+09,-1.50588e+11
2.394e+07,432036,2.59272e+06,5.70873e+09,-1.50584e+11
2.39436e+07,431715,2.59303e+06,5.81546e+09,-1.5058e+11
2.39472e+07,431395,2.59334e+06,5.92217e+09,-1.50576e+11
2.39508e+07,431074,2.59365e+06,6.02889e+09,-1.50572e+11
2.39544e+07,430754,2.59396e+06,6.1356e+09,-1.50568e+11
2.3958e+07,430433,2.59427e+06,6.24231e+09,-1.50564e+11
2.39616e+07,430113,2.59458e+06,6.34901e+09,-1.50559e+11
2.39652e+07,429793,2.59489e+06,6.45572e+09,-1.50555e+11
2.39688e+07,429472,2.5952e+06,6.56242e+09,-1.50551e+11
2.39724e+07,429152,2.59551e+06,6.66911e+09,-1.50546e+11
2.3976e+07,428832,2.59581e+06,6.77581e+09,-1.50542e+11
2.39796e+07,428511,2.59612e+06,6.88249e+09,-1.50537e+11
2.39832e+07,428191,2.59643e+06,6.98918e+09,-1.50532e+11
2.39868e+07,427871,2.59674e+06,7.09586e+09,-1.50527e+11
2.39904e+07,427550,2.59704e+06,7.20254e+09,-1.50523e+11
2.3994e+07,427230,2.59735e+06,7.30922e+09,-1.50518e+11
2.39976e+07,426910,2.59766e+06,7.41589e+09,-1.50513e+11
2.40012e+07,426589,2.59797e+06,7.52256e+09,-1.50508e+11
2.40048e+07,426269,2.59827e+06,7.62922e+09,-1.50502e+11
2.40084e+07,425949,2.59858e+06,7.73588e+09,-1.50497e+11
2.4012e+07,425629,2.59888e+06,7.84254e+09,-1.50492e+11
2.40156e+07,425309,2.59919e+06,7.94919e+09,-1.50487e+11
2.40192e+07,424988,2.59949e+06,8.05584e+09,-1.50481e+11
2.40228e+07,424668,2.5998e+06,8.16249e+09,-1.50476e+11
2.40264e+07,424348,2.60011e+06,8.26913e+09,-1.5047e+11
2.403e+07,424028,2.60041e+06,8.37577e+09,-1.50464e+11
2.40336e+07,423708,2.60071e+06,8.4824e+09,-1.50458e+11
2.40372e+07,423387,2.60102e+06,8.58903e+09,-1.50453e+11
2.40408e+07,423067,2.60132e+06,8.69565e+09,-1.50447e+11
2.40444e+07,422747,2.60163e+06,8.80227e+09,-1.50441e+11
2.4048e+07,422427,2.60193e+06,8.90889e+09,-1.50435e+11
2.40516e+07,422107,2.60223e+06,9.0155e+09,-1.50428e+11
2.40552e+07,421787,2.60254e+06,9.12211e+09,-1.50422e+11
2.40588e+07,421467,2.60284e+06,9.22871e+09,-1.50416e+11
2.40624e+07,421147,2.60314e+06,9.33531e+09,-1.5041e+11
2.4066e+07,420827,2.60345e+06,9.4419e+09,-1.50403e+11
2.40696e+07,420507,2.60375e+06,9.54849e+09,-1.50397e+11
2.40732e+07,420187,2.60405e+06,9.65507e+09,-1.5039e+11
2.40768e+07,419867,2.60435e+06,9.76165e+09,-1.50383e+11
2.40804e+07,419547,2.60465e+06,9.86822e+09,-1.50377e+11
2.4084e+07,419227,2.60495e+06,9.97479e+09,-1.5037e+11
2.40876e+07,418907,2.60526e+06,1.00814e+10,-1.50363e+11
2.40912e+07,418587,2.60556e+06,1.01879e+10,-1.50356e+11
2.40948e+07,418267,2.60586e+06,1.02945e+10,-1.50349e+11
2.40984e+07,417947,2.60616e+06,1.0401e+10,-1.50342e+11
2.4102e+07,417627,2.60646e+06,1.05076e+10,-1.50335e+11
2.41056e+07,417307,2.60676e+06,1.06141e+10,-1.50327e+11
2.41092e+07,416987,2.60706e+06,1.07206e+10,-1.5032e+11
2.41128e+07,416667,2.60736e+06,1.08272e+10,-1.50313e+11
2.41164e+07,416348,2.60766e+06,1.09337e+10,-1.50305e+11
2.412e+07,416028,2.60796e+06,1.10402e+10,-1.50297e+11
2.41236e+07,415708,2.60826e+06,1.11467e+10,-1.5029e+11
2.41272e+07,415388,2.60855e+06,1.12532e+10,-1.50282e+11
2.41308e+07,415068,2.60885e+06,1.13597e+10,-1.50274e+11
2.41344e+07,414749,2.60915e+06,1.14662e+10,-1.50266e+11
2.4138e+07,414429,2.60945e+06,1.15727e+10,-1.50258e+11
2.41416e+07,414109,2.60975e+06,1.16792e+10,-1.5025e+11
2.41452e+07,413789,2.61004e+06,1.17857e+10,-1.50242e+11
2.41488e+07,413470,2.61034e+06,1.18921e+10,-1.50234e+11
2.41524e+07,413150,2.61064e+06,1.19986e+10,-1.50226e+11
2.4156e+07,412830,2.61094e+06,1.21051e+10,-1.50217e+11
2.41596e+07,412511,2.61123e+06,1.22115e+10,-1.50209e+11
2.41632e+07,412191,2.61153e+06,1.2318e+10,-1.50201e+11
2.41668e+07,411872,2.61182e+06,1.24244e+10,-1.50192e+11
2.41704e+07,411552,2.61212e+06,1.25308e+10,-1.50183e+11
2.4174e+07,411233,2.61242e+06,1.26373e+10,-1.50175e+11
2.41776e+07,410913,2.61271e+06,1.27437e+10,-1.50166e+11
2.41812e+07,410593,2.61301e+06,1.28501e+10,-1.50157e+11
2.41848e+07,410274,2.6133e+06,1.29565e+10,-1.50148e+11
2.41884e+07,409954,2.6136e+06,1.30629e+10,-1.50139e+11
2.4192e+07,409635,2.61389e+06,1.31693e+10,-1.5013e+11
2.41956e+07,409316,2.61419e+06,1.32757e+10,-1.50121e+11
2.41992e+07,408996,2.61448e+06,1.33821e+10,-1.50112e+11
2.42028e+07,408677,2.61477e+06,1.34885e+10,-1.50102e+11
2.42064e+07,408357,2.61507e+06,1.35948e+10,-1.50093e+11
2.421e+07,408038,2.61536e+06,1.37012e+10,-1.50083e+11
2.42136e+07,407719,2.61565e+06,1.38076e+10,-1.50074e+11
2.42172e+07,407399,2.61595e+06,1.39139e+10,-1.50064e+11
2.42208e+07,407080,2.61624e+06,1.40202e+10,-1.50055e+11
2.42244e+07,406761,2.61653e+06,1.41266e+10,-1.50045e+11
2.4228e+07,406442,2.61683e+06,1.42329e+10,-1.50035e+11
2.42316e+07,406122,2.61712e+06,1.43392e+10,-1.50025e+11
2.42352e+07,405803,2.61741e+06,1.44455e+10,-1.50015e+11
2.42388e+07,405484,2.6177e+06,1.45519e+10,-1.50005e+11
2.42424e+07,405165,2.61799e+06,1.46582e+10,-1.49995e+11
2.4246e+07,404846,2.61828e+06,1.47644e+10,-1.49985e+11
2.42496e+07,404526,2.61857e+06,1.48707e+10,-1.49974e+11
2.42532e+07,404207,2.61887e+06,1.4977e+10,-1.49964e+11
2.42568e+07,403888,2.61916e+06,1.50833e+10,-1.49954e+11
2.42604e+07,403569,2.61945e+06,1.51895e+10,-1.49943e+11
2.4264e+07,403250,2.61974e+06,1.52958e+10,-1.49932e+11
2.42676e+07,402931,2.62003e+06,1.5402e+10,-1.49922e+11
2.42712e+07,402612,2.62032e+06,1.55083e+10,-1.49911e+11
2.42748e+07,402293,2.62061e+06,1.56145e+10,-1.499e+11
2.42784e+07,401974,2.62089e+06,1.57207e+10,-1.49889e+11
2.4282e+07,401655,2.62118e+06,1.5827e+10,-1.49878e+11
2.42856e+07,401337,2.62147e+06,1.59332e+10,-1.49867e+11
2.42892e+07,401018,2.62176e+06,1.60394e+10,-1.49856e+11
2.42928e+07,400699,2.62205e+06,1.61456e+10,-1.49845e+11
2.42964e+07,400380,2.62234e+06,1.62518e+10,-1.49834e+11
2.43e+07,400061,2.62262e+06,1.63579e+10,-1.49822e+11
2.43036e+07,399742,2.62291e+06,1.64641e+10,-1.49811e+11
2.43072e+07,399424,2.6232e+06,1.65703e+10,-1.49799e+11
2.43108e+07,399105,2.62349e+06,1.66764e+10,-1.49788e+11
2.43144e+07,398786,2.62377e+06,1.67826e+10,-1.49776e+11
2.4318e+07,398468,2.62406e+06,1.68887e+10,-1.49764e+11
2.43216e+07,398149,2.62435e+06,1.69948e+10,-1.49753e+11
2.43252e+07,397830,2.62463e+06,1.71009e+10,-1.49741e+11
2.43288e+07,397512,2.62492e+06,1.7207e+10,-1.49729e+11
2.43324e+07,397193,2.6252e+06,1.73131e+10,-1.49717e+11
2.4336e+07,396875,2.62549e+06,1.74192e+10,-1.49705e+11
2.43396e+07,396556,2.62578e+06,1.75253e+10,-1.49692e+11
2.43432e+07,396238,2.62606e+06,1.76314e+10,-1.4968e+11
2.43468e+07,395919,2.62635e+06,1.77375e+10,-1.49668e+11
2.43504e+07,395601,2.62663e+06,1.78435e+10,-1.49655e+11
2.4354e+07,395282,2.62691e+06,1.79496e+10,-1.49643e+11
2.43576e+07,394964,2.6272e+06,1.80556e+10,-1.4963e+11
2.43612e+07,394646,2.62748e+06,1.81616e+10,-1.49618e+11
2.43648e+07,394327,2.62777e+06,1.82677e+10,-1.49605e+11
2.43684e+07,394009,2.62805e+06,1.83737e+10,-1.49592e+11
2.4372e+07,393691,2.62833e+06,1.84797e+10,-1.49579e+11
2.43756e+07,393372,2.62862e+06,1.85857e+10,-1.49567e+11
2.43792e+07,393054,2.6289e+06,1.86917e+10,-1.49554e+11
2.43828e+07,392736,2.62918e+06,1.87976e+10,-1.4954e+11
2.43864e+07,392418,2.62946e+06,1.89036e+10,-1.49527e+11
2.439e+07,392100,2.62975e+06,1.90096e+10,-1.49514e+11
2.43936e+07,391782,2.63003e+06,1.91155e+10,-1.49501e+11
2.43972e+07,391463,2.63031e+06,1.92214e+10,-1.49487e+11
2.44008e+07,391145,2.63059e+06,1.93274e+10,-1.49474e+11
2.44044e+07,390827,2.63087e+06,1.94333e+10,-1.4946e+11
2.4408e+07,390509,2.63115e+06,1.95392e+10,-1.49447e+11
2.44116e+07,390191,2.63143e+06,1.96451e+10,-1.49433e+11
2.44152e+07,389873,2.63172e+06,1.9751e+10,-1.49419e+11
2.44188e+07,389556,2.632e+06,1.98569e+10,-1.49406e+11
2.44224e+07,389238,2.63228e+06,1.99627e+10,-1.49392e+11
2.4426e+07,388920,2.63256e+06,2.00686e+10,-1.49378e+11
2.44296e+07,388602,2.63284e+06,2.01744e+10,-1.49364e+11
2.44332e+07,388284,2.63311e+06,2.02803e+10,-1.49349e+11
2.44368e+07,387967,2.63339e+06,2.03861e+10,-1.49335e+11
2.44404e+07,387649,2.63367e+06,2.04919e+10,-1.49321e+11
2.4444e+07,387331,2.63395e+06,2.05977e+10,-1.49307e+11
2.44476e+07,387013,2.63423e+06,2.07035e+10,-1.49292e+11
2.44512e+07,386696,2.63451e+06,2.08093e+10,-1.49278e+11
2.44548e+07,386378,2.63479e+06,2.09151e+10,-1.49263e+11
2.44584e+07,386061,2.63506e+06,2.10209e+10,-1.49248e+11
2.4462e+07,385743,2.63534e+06,2.11266e+10,-1.49234e+11
2.44656e+07,385426,2.63562e+06,2.12324e+10,-1.49219e+11
2.44692e+07,385108,2.6359e+06,2.13381e+10,-1.49204e+11
2.44728e+07,384791,2.63617e+06,2.14438e+10,-1.49189e+11
2.44764e+07,384473,2.63645e+06,2.15495e+10,-1.49174e+11
2.448e+07,384156,2.63673e+06,2.16552e+10,-1.49159e+11
2.44836e+07,383839,2.637e+06,2.17609e+10,-1.49144e+11
2.44872e+07,383521,2.63728e+06,2.18666e+10,-1.49128e+11
2.44908e+07,383204,2.63756e+06,2.19723e+10,-1.49113e+11
2.44944e+07,382887,2.63783e+06,2.20779e+10,-1.49098e+11
2.4498e+07,382570,2.63811e+06,2.21836e+10,-1.49082e+11
2.45016e+07,382252,2.63838e+06,2.22892e+10,-1.49067e+11
2.45052e+07,381935,2.63866e+06,2.23949e+10,-1.49051e+11
2.45088e+07,381618,2.63893e+06,2.25005e+10,-1.49035e+11
2.45124e+07,381301,2.63921e+06,2.26061e+10,-1.4902e+11
2.4516e+07,380984,2.63948e+06,2.27117e+10,-1.49004e+11
2.45196e+07,380667,2.63975e+06,2.28172e+10,-1.48988e+11
2.45232e+07,380350,2.64003e+06,2.29228e+10,-1.48972e+11
2.45268e+07,380033,2.6403e+06,2.30284e+10,-1.48956e+11
2.45304e+07,379716,2.64058e+06,2.31339e+10,-1.4894e+11
2.4534e+07,379399,2.64085e+06,2.32395e+10,-1.48923e+11
2.45376e+07,379082,2.64112e+06,2.3345e+10,-1.48907e+11
2.45412e+07,378766,2.64139e+06,2.34505e+10,-1.48891e+11
2.45448e+07,378449,2.64167e+06,2.3556e+10,-1.48874e+11
2.45484e+07,378132,2.64194e+06,2.36615e+10,-1.48858e+11
2.4552e+07,377815,2.64221e+06,2.3767e+10,-1.48841e+11
2.45556e+07,377499,2.64248e+06,2.38724e+10,-1.48824e+11
2.45592e+07,377182,2.64275e+06,2.39779e+10,-1.48808e+11
2.45628e+07,376866,2.64303e+06,2.40833e+10,-1.48791e+11
2.45664e+07,376549,2.6433e+06,2.41887e+10,-1.48774e+11
2.457e+07,376233,2.64357e+06,2.42942e+10,-1.48757e+11
2.45736e+07,375916,2.64384e+06,2.43996e+10,-1.4874e+11
2.45772e+07,375600,2.64411e+06,2.4505e+10,-1.48723e+11
2.45808e+07,375283,2.64438e+06,2.46103e+10,-1.48705e+11
2.45844e+07,374967,2.64465e+06,2.47157e+10,-1.48688e+11
2.4588e+07,374650,2.64492e+06,2.48211e+10,-1.48671e+11
2.45916e+07,374334,2.64519e+06,2.49264e+10,-1.48653e+11
2.45952e+07,374018,2.64546e+06,2.50317e+10,-1.48636e+11
2.45988e+07,373702,2.64573e+06,2.5137e+10,-1.48618e+11
2.46024e+07,373386,2.646e+06,2.52424e+10,-1.48601e+11
2.4606e+07,373069,2.64626e+06,2.53476e+10,-1.48583e+11
2.46096e+07,372753,2.64653e+06,2.54529e+10,-1.48565e+11
2.46132e+07,372437,2.6468e+06,2.55582e+10,-1.48547e+11
2.46168e+07,372121,2.64707e+06,2.56634e+10,-1.48529e+11
2.46204e+07,371805,2.64734e+06,2.57687e+10,-1.48511e+11
2.4624e+07,371489,2.6476e+06,2.58739e+10,-1.48493e+11
2.46276e+07,371173,2.64787e+06,2.59791e+10,-1.48475e+11
2.46312e+07,370857,2.64814e+06,2.60843e+10,-1.48457e+11
2.46348e+07,370542,2.64841e+06,2.61895e+10,-1.48438e+11
2.46384e+07,370226,2.64867e+06,2.62947e+10,-1.4842e+11
2.4642e+07,369910,2.64894e+06,2.63999e+10,-1.48402e+11
2.46456e+07,369594,2.64921e+06,2.6505e+10,-1.48383e+11
2.46492e+07,369279,2.64947e+06,2.66102e+10,-1.48364e+11
2.46528e+07,368963,2.64974e+06,2.67153e+10,-1.48346e+11
2.46564e+07,368647,2.65e+06,2.68204e+10,-1.48327e+11
2.466e+07,368332,2.65027e+06,2.69255e+10,-1.48308e+11
2.46636e+07,368016,2.65053e+06,2.70306e+10,-1.48289e+11
2.46672e+07,367701,2.6508e+06,2.71356e+10,-1.4827e+11
2.46708e+07,367386,2.65106e+06,2.72407e+10,-1.48251e+11
2.46744e+07,367070,2.65133e+06,2.73457e+10,-1.48232e+11
2.4678e+07,366755,2.65159e+06,2.74508e+10,-1.48213e+11
2.46816e+07,366439,2.65185e+06,2.75558e+10,-1.48194e+11
2.46852e+07,366124,2.65212e+06,2.76608e+10,-1.48174e+11
2.46888e+07,365809,2.65238e+06,2.77658e+10,-1.48155e+11
2.46924e+07,365494,2.65265e+06,2.78707e+10,-1.48135e+11
2.4696e+07,365179,2.65291e+06,2.79757e+10,-1.48116e+11
2.46996e+07,364864,2.65317e+06,2.80807e+10,-1.48096e+11
2.47032e+07,364548,2.65343e+06,2.81856e+10,-1.48076e+11
2.47068e+07,364233,2.6537e+06,2.82905e+10,-1.48056e+11
2.47104e+07,363918,2.65396e+06,2.83954e+10,-1.48037e+11
2.4714e+07,363604,2.65422e+06,2.85003e+10,-1.48017e+11
2.47176e+07,363289,2.65448e+06,2.86052e+10,-1.47997e+11
2.47212e+07,362974,2.65474e+06,2.871e+10,-1.47976e+11
2.47248e+07,362659,2.65501e+06,2.88149e+10,-1.47956e+11
2.47284e+07,362344,2.65527e+06,2.89197e+10,-1.47936e+11
2.4732e+07,362030,2.65553e+06,2.90245e+10,-1.47916e+11
2.47356e+07,361715,2.65579e+06,2.91293e+10,-1.47895e+11
2.47392e+07,361400,2.65605e+06,2.92341e+10,-1.47875e+11
2.47428e+07,361086,2.65631e+06,2.93389e+10,-1.47854e+11
2.47464e+07,360771,2.65657e+06,2.94436e+10,-1.47834e+11
2.475e+07,360457,2.65683e+06,2.95484e+10,-1.47813e+11
2.47536e+07,360142,2.65709e+06,2.96531e+10,-1.47792e+11
2.47572e+07,359828,2.65735e+06,2.97578e+10,-1.47771e+11
2.47608e+07,359513,2.65761e+06,2.98625e+10,-1.4775e+11
2.47644e+07,359199,2.65786e+06,2.99672e+10,-1.47729e+11
2.4768e+07,358885,2.65812e+06,3.00719e+10,-1.47708e+11
2.47716e+07,358571,2.65838e+06,3.01765e+10,-1.47687e+11
2.47752e+07,358256,2.65864e+06,3.02812e+10,-1.47666e+11
2.47788e+07,357942,2.6589e+06,3.03858e+10,-1.47645e+11
2.47824e+07,357628,2.65916e+06,3.04904e+10,-1.47623e+11
2.4786e+07,357314,2.65941e+06,3.0595e+10,-1.47602e+11
2.47896e+07,357000,2.65967e+06,3.06996e+10,-1.4758e+11
2.47932e+07,356686,2.65993e+06,3.08042e+10,-1.47559e+11
2.47968e+07,356372,2.66018e+06,3.09087e+10,-1.47537e+11
2.48004e+07,356058,2.66044e+06,3.10132e+10,-1.47515e+11
2.4804e+07,355745,2.6607e+06,3.11178e+10,-1.47493e+11
2.48076e+07,355431,2.66095e+06,3.12223e+10,-1.47471e+11
2.48112e+07,355117,2.66121e+06,3.13267e+10,-1.4745e+11
2.48148e+07,354803,2.66146e+06,3.14312e+10,-1.47427e+11
2.48184e+07,354490,2.66172e+06,3.15357e+10,-1.47405e+11
2.4822e+07,354176,2.66198e+06,3.16401e+10,-1.47383e+11
2.48256e+07,353863,2.66223e+06,3.17445e+10,-1.47361e+11
2.48292e+07,353549,2.66249e+06,3.18489e+10,-1.47339e+11
2.48328e+07,353236,2.66274e+06,3.19533e+10,-1.47316e+11
2.48364e+07,352922,2.66299e+06,3.20577e+10,-1.47294e+11
2.484e+07,352609,2.66325e+06,3.21621e+10,-1.47271e+11
2.48436e+07,352296,2.6635e+06,3.22664e+10,-1.47249e+11
2.48472e+07,351983,2.66376e+06,3.23707e+10,-1.47226e+11
2.48508e+07,351669,2.66401e+06,3.2475e+10,-1.47203e+11
2.48544e+07,351356,2.66426e+06,3.25793e+10,-1.4718e+11
2.4858e+07,351043,2.66452e+06,3.26836e+10,-1.47157e+11
2.48616e+07,350730,2.66477e+06,3.27879e+10,-1.47134e+11
2.48652e+07,350417,2.66502e+06,3.28921e+10,-1.47111e+11
2.48688e+07,350104,2.66527e+06,3.29963e+10,-1.47088e+11
2.48724e+07,349791,2.66553e+06,3.31006e+10,-1.47065e+11
2.4876e+07,349478,2.66578e+06,3.32047e+10,-1.47042e+11
2.48796e+07,349166,2.66603e+06,3.33089e+10,-1.47018e+11
2.48832e+07,348853,2.66628e+06,3.34131e+10,-1.46995e+11
2.48868e+07,348540,2.66653e+06,3.35172e+10,-1.46971e+11
2.48904e+07,348227,2.66678e+06,3.36214e+10,-1.46948e+11
2.4894e+07,347915,2.66703e+06,3.37255e+10,-1.46924e+11
2.48976e+07,347602,2.66729e+06,3.38296e+10,-1.469e+11
2.49012e+07,347290,2.66754e+06,3.39336e+10,-1.46876e+11
2.49048e+07,346977,2.66779e+06,3.40377e+10,-1.46852e+11
2.49084e+07,346665,2.66804e+06,3.41418e+10,-1.46829e+11
2.4912e+07,346353,2.66829e+06,3.42458e+10,-1.46804e+11
2.49156e+07,346040,2.66854e+06,3.43498e+10,-1.4678e+11
2.49192e+07,345728,2.66878e+06,3.44538e+10,-1.46756e+11
2.49228e+07,345416,2.66903e+06,3.45578e+10,-1.46732e+11
2.49264e+07,345104,2.66928e+06,3.46617e+10,-1.46708e+11
2.493e+07,344792,2.66953e+06,3.47657e+10,-1.46683e+11
2.49336e+07,344480,2.66978e+06,3.48696e+10,-1.46659e+11
2.49372e+07,344168,2.67003e+06,3.49735e+10,-1.46634e+11
2.49408e+07,343856,2.67028e+06,3.50774e+10,-1.4661e+11
2.49444e+07,343544,2.67052e+06,3.51812e+10,-1.46585e+11
2.4948e+07,343232,2.67077e+06,3.52851e+10,-1.4656e+11
2.49516e+07,342920,2.67102e+06,3.53889e+10,-1.46535e+11
2.49552e+07,342609,2.67127e+06,3.54927e+10,-1.4651e+11
2.49588e+07,342297,2.67151e+06,3.55965e+10,-1.46485e+11
2.49624e+07,341985,2.67176e+06,3.57003e+10,-1.4646e+11
2.4966e+07,341674,2.672e+06,3.58041e+10,-1.46435e+11
2.49696e+07,341362,2.67225e+06,3.59078e+10,-1.4641e+11
2.49732e+07,341051,2.6725e+06,3.60116e+10,-1.46385e+11
2.49768e+07,340739,2.67274e+06,3.61153e+10,-1.46359e+11
2.49804e+07,340428,2.67299e+06,3.6219e+10,-1.46334e+11
2.4984e+07,340117,2.67323e+06,3.63226e+10,-1.46308e+11
2.49876e+07,339806,2.67348e+06,3.64263e+10,-1.46283e+11
2.49912e+07,339494,2.67372e+06,3.65299e+10,-1.46257e+11
2.49948e+07,339183,2.67397e+06,3.66336e+10,-1.46231e+11
2.49984e+07,338872,2.67421e+06,3.67372e+10,-1.46206e+11
2.5002e+07,338561,2.67446e+06,3.68407e+10,-1.4618e+11
2.50056e+07,338250,2.6747e+06,3.69443e+10,-1.46154e+11
2.50092e+07,337939,2.67494e+06,3.70478e+10,-1.46128e+11
2.50128e+07,337629,2.67519e+06,3.71514e+10,-1.46102e+11
2.50164e+07,337318,2.67543e+06,3.72549e+10,-1.46075e+11
2.502e+07,337007,2.67567e+06,3.73584e+10,-1.46049e+11
2.50236e+07,336696,2.67592e+06,3.74618e+10,-1.46023e+11
2.50272e+07,336386,2.67616e+06,3.75653e+10,-1.45997e+11
2.50308e+07,336075,2.6764e+06,3.76687e+10,-1.4597e+11
2.50344e+07,335765,2.67664e+06,3.77721e+10,-1.45944e+11
2.5038e+07,335454,2.67689e+06,3.78755e+10,-1.45917e+11
2.50416e+07,335144,2.67713e+06,3.79789e+10,-1.4589e+11
2.50452e+07,334834,2.67737e+06,3.80823e+10,-1.45863e+11
2.50488e+07,334523,2.67761e+06,3.81856e+10,-1.45837e+11
2.50524e+07,334213,2.67785e+06,3.82889e+10,-1.4581e+11
2.5056e+07,333903,2.67809e+06,3.83922e+10,-1.45783e+11
2.50596e+07,333593,2.67833e+06,3.84955e+10,-1.45756e+11
2.50632e+07,333283,2.67857e+06,3.85988e+10,-1.45729e+11
2.50668e+07,332973,2.67881e+06,3.8702e+10,-1.45701e+11
2.50704e+07,332663,2.67905e+06,3.88052e+10,-1.45674e+11
2.5074e+07,332353,2.67929e+06,3.89084e+10,-1.45647e+11
2.50776e+07,332043,2.67953e+06,3.90116e+10,-1.45619e+11
2.50812e+07,331733,2.67977e+06,3.91148e+10,-1.45592e+11
2.50848e+07,331424,2.68001e+06,3.92179e+10,-1.45564e+11
2.50884e+07,331114,2.68025e+06,3.93211e+10,-1.45537e+11
2.5092e+07,330804,2.68049e+06,3.94242e+10,-1.45509e+11
2.50956e+07,330495,2.68073e+06,3.95273e+10,-1.45481e+11
2.50992e+07,330185,2.68097e+06,3.96303e+10,-1.45453e+11
2.51028e+07,329876,2.68121e+06,3.97334e+10,-1.45425e+11
2.51064e+07,329567,2.68144e+06,3.98364e+10,-1.45397e+11
2.511e+07,329257,2.68168e+06,3.99394e+10,-1.45369e+11
2.51136e+07,328948,2.68192e+06,4.00424e+10,-1.45341e+11
2.51172e+07,328639,2.68216e+06,4.01454e+10,-1.45313e+11
2.51208e+07,328330,2.68239e+06,4.02483e+10,-1.45285e+11
2.51244e+07,328021,2.68263e+06,4.03512e+10,-1.45256e+11
2.5128e+07,327712,2.68287e+06,4.04541e+10,-1.45228e+11
2.51316e+07,327403,2.6831e+06,4.0557e+10,-1.45199e+11
2.51352e+07,327094,2.68334e+06,4.06599e+10,-1.45171e+11
2.51388e+07,326785,2.68357e+06,4.07627e+10,-1.45142e+11
2.51424e+07,326477,2.68381e+06,4.08656e+10,-1.45113e+11
2.5146e+07,326168,2.68404e+06,4.09684e+10,-1.45085e+11
2.51496e+07,325859,2.68428e+06,4.10711e+10,-1.45056e+11
2.51532e+07,325551,2.68451e+06,4.11739e+10,-1.45027e+11
2.51568e+07,325242,2.68475e+06,4.12766e+10,-1.44998e+11
2.51604e+07,324934,2.68498e+06,4.13794e+10,-1.44969e+11
2.5164e+07,324626,2.68522e+06,4.14821e+10,-1.4494e+11
2.51676e+07,324317,2.68545e+06,4.15848e+10,-1.4491e+11
2.51712e+07,324009,2.68569e+06,4.16874e+10,-1.44881e+11
2.51748e+07,323701,2.68592e+06,4.179e+10,-1.44852e+11
2.51784e+07,323393,2.68615e+06,4.18927e+10,-1.44822e+11
2.5182e+07,323085,2.68639e+06,4.19953e+10,-1.44793e+11
2.51856e+07,322777,2.68662e+06,4.20978e+10,-1.44763e+11
2.51892e+07,322469,2.68685e+06,4.22004e+10,-1.44733e+11
2.51928e+07,322161,2.68709e+06,4.23029e+10,-1.44704e+11
2.51964e+07,321853,2.68732e+06,4.24054e+10,-1.44674e+11
2.52e+07,321545,2.68755e+06,4.25079e+10,-1.44644e+11
2.52036e+07,321238,2.68778e+06,4.26104e+10,-1.44614e+11
2.52072e+07,320930,2.68801e+06,4.27128e+10,-1.44584e+11
2.52108e+07,320623,2.68824e+06,4.28153e+10,-1.44554e+11
2.52144e+07,320315,2.68848e+06,4.29177e+10,-1.44524e+11
2.5218e+07,320008,2.68871e+06,4.30201e+10,-1.44493e+11
2.52216e+07,319700,2.68894e+06,4.31224e+10,-1.44463e+11
2.52252e+07,319393,2.68917e+06,4.32248e+10,-1.44433e+11
2.52288e+07,319086,2.6894e+06,4.33271e+10,-1.44402e+11
2.52324e+07,318779,2.68963e+06,4.34294e+10,-1.44372e+11
2.5236e+07,318472,2.68986e+06,4.35317e+10,-1.44341e+11
2.52396e+07,318165,2.69009e+06,4.36339e+10,-1.4431e+11
2.52432e+07,317858,2.69032e+06,4.37361e+10,-1.4428e+11
2.52468e+07,317551,2.69055e+06,4.38384e+10,-1.44249e+11
2.52504e+07,317244,2.69078e+06,4.39405e+10,-1.44218e+11
2.5254e+07,316937,2.69101e+06,4.40427e+10,-1.44187e+11
2.52576e+07,316631,2.69123e+06,4.41449e+10,-1.44156e+11
2.52612e+07,316324,2.69146e+06,4.4247e+10,-1.44125e+11
2.52648e+07,316017,2.69169e+06,4.43491e+10,-1.44093e+11
2.52684e+07,315711,2.69192e+06,4.44512e+10,-1.44062e+11
2.5272e+07,315404,2.69215e+06,4.45532e+10,-1.44031e+11
2.52756e+07,315098,2.69237e+06,4.46552e+10,-1.43999e+11
2.52792e+07,314792,2.6926e+06,4.47573e+10,-1.43968e+11
2.52828e+07,314486,2.69283e+06,4.48592e+10,-1.43936e+11
2.52864e+07,314179,2.69306e+06,4.49612e+10,-1.43905e+11
2.529e+07,313873,2.69328e+06,4.50632e+10,-1.43873e+11
2.52936e+07,313567,2.69351e+06,4.51651e+10,-1.43841e+11
2.52972e+07,313261,2.69374e+06,4.5267e+10,-1.43809e+11
2.53008e+07,312955,2.69396e+06,4.53688e+10,-1.43777e+11
2.53044e+07,312650,2.69419e+06,4.54707e+10,-1.43746e+11
2.5308e+07,312344,2.69441e+06,4.55725e+10,-1.43713e+11
2.53116e+07,312038,2.69464e+06,4.56743e+10,-1.43681e+11
2.53152e+07,311733,2.69486e+06,4.57761e+10,-1.43649e+11
2.53188e+07,311427,2.69509e+06,4.58779e+10,-1.43617e+11
2.53224e+07,311122,2.69531e+06,4.59796e+10,-1.43584e+11
2.5326e+07,310816,2.69554e+06,4.60813e+10,-1.43552e+11
2.53296e+07,310511,2.69576e+06,4.6183e+10,-1.4352e+11
2.53332e+07,310206,2.69599e+06,4.62847e+10,-1.43487e+11
2.53368e+07,309900,2.69621e+06,4.63863e+10,-1.43454e+11
2.53404e+07,309595,2.69643e+06,4.6488e+10,-1.43422e+11
2.5344e+07,309290,2.69666e+06,4.65896e+10,-1.43389e+11
2.53476e+07,308985,2.69688e+06,4.66911e+10,-1.43356e+11
2.53512e+07,308680,2.6971e+06,4.67927e+10,-1.43323e+11
2.53548e+07,308376,2.69733e+06,4.68942e+10,-1.4329e+11
2.53584e+07,308071,2.69755e+06,4.69957e+10,-1.43257e+11
2.5362e+07,307766,2.69777e+06,4.70972e+10,-1.43224e+11
2.53656e+07,307461,2.69799e+06,4.71987e+10,-1.43191e+11
2.53692e+07,307157,2.69822e+06,4.73001e+10,-1.43157e+11
2.53728e+07,306852,2.69844e+06,4.74015e+10,-1.43124e+11
2.53764e+07,306548,2.69866e+06,4.75029e+10,-1.43091e+11
2.538e+07,306244,2.69888e+06,4.76043e+10,-1.43057e+11
2.53836e+07,305939,2.6991e+06,4.77056e+10,-1.43023e+11
2.53872e+07,305635,2.69932e+06,4.78069e+10,-1.4299e+11
2.53908e+07,305331,2.69954e+06,4.79082e+10,-1.42956e+11
2.53944e+07,305027,2.69976e+06,4.80095e+10,-1.42922e+11
2.5398e+07,304723,2.69998e+06,4.81107e+10,-1.42888e+11
2.54016e+07,304419,2.7002e+06,4.82119e+10,-1.42854e+11
2.54052e+07,304115,2.70042e+06,4.83131e+10,-1.4282e+11
2.54088e+07,303811,2.70064e+06,4.84143e+10,-1.42786e+11
2.54124e+07,303508,2.70086e+06,4.85155e+10,-1.42752e+11
2.5416e+07,303204,2.70108e+06,4.86166e+10,-1.42718e+11
2.54196e+07,302901,2.7013e+06,4.87177e+10,-1.42684e+11
2.54232e+07,302597,2.70152e+06,4.88188e+10,-1.42649e+11
2.54268e+07,302294,2.70174e+06,4.89198e+10,-1.42615e+11
2.54304e+07,301990,2.70196e+06,4.90208e+10,-1.4258e+11
2.5434e+07,301687,2.70217e+06,4.91218e+10,-1.42546e+11
2.54376e+07,301384,2.70239e+06,4.92228e+10,-1.42511e+11
2.54412e+07,301081,2.70261e+06,4.93238e+10,-1.42476e+11
2.54448e+07,300778,2.70283e+06,4.94247e+10,-1.42442e+11
2.54484e+07,300475,2.70304e+06,4.95256e+10,-1.42407e+11
2.5452e+07,300172,2.70326e+06,4.96265e+10,-1.42372e+11
2.54556e+07,299869,2.70348e+06,4.97273e+10,-1.42337e+11
2.54592e+07,299566,2.70369e+06,4.98281e+10,-1.42302e+11
2.54628e+07,299264,2.70391e+06,4.99289e+10,-1.42267e+11
2.54664e+07,298961,2.70413e+06,5.00297e+10,-1.42231e+11
2.547e+07,298659,2.70434e+06,5.01305e+10,-1.42196e+11
2.54736e+07,298356,2.70456e+06,5.02312e+10,-1.42161e+11
2.54772e+07,298054,2.70477e+06,5.03319e+10,-1.42125e+11
2.54808e+07,297752,2.70499e+06,5.04326e+10,-1.4209e+11
2.54844e+07,297449,2.7052e+06,5.05332e+10,-1.42054e+11
2.5488e+07,297147,2.70542e+06,5.06339e+10,-1.42019e+11
2.54916e+07,296845,2.70563e+06,5.07345e+10,-1.41983e+11
2.54952e+07,296543,2.70585e+06,5.0835e+10,-1.41947e+11
2.54988e+07,296241,2.70606e+06,5.09356e+10,-1.41911e+11
2.55024e+07,295939,2.70628e+06,5.10361e+10,-1.41875e+11
2.5506e+07,295638,2.70649e+06,5.11366e+10,-1.41839e+11
2.55096e+07,295336,2.7067e+06,5.12371e+10,-1.41803e+11
2.55132e+07,295034,2.70692e+06,5.13375e+10,-1.41767e+11
2.55168e+07,294733,2.70713e+06,5.1438e+10,-1.41731e+11
2.55204e+07,294431,2.70734e+06,5.15384e+10,-1.41695e+11
2.5524e+07,294130,2.70756e+06,5.16387e+10,-1.41658e+11
2.55276e+07,293829,2.70777e+06,5.17391e+10,-1.41622e+11
2.55312e+07,293528,2.70798e+06,5.18394e+10,-1.41585e+11
2.55348e+07,293226,2.70819e+06,5.19397e+10,-1.41549e+11
2.55384e+07,292925,2.7084e+06,5.20399e+10,-1.41512e+11
2.5542e+07,292624,2.70862e+06,5.21402e+10,-1.41475e+11
2.55456e+07,292324,2.70883e+06,5.22404e+10,-1.41438e+11
2.55492e+07,292023,2.70904e+06,5.23406e+10,-1.41402e+11
2.55528e+07,291722,2.70925e+06,5.24408e+10,-1.41365e+11
2.55564e+07,291421,2.70946e+06,5.25409e+10,-1.41328e+11
2.556e+07,291121,2.70967e+06,5.2641e+10,-1.41291e+11
2.55636e+07,290820,2.70988e+06,5.27411e+10,-1.41253e+11
2.55672e+07,290520,2.71009e+06,5.28411e+10,-1.41216e+11
2.55708e+07,290219,2.7103e+06,5.29412e+10,-1.41179e+11
2.55744e+07,289919,2.71051e+06,5.30412e+10,-1.41142e+11
2.5578e+07,289619,2.71072e+06,5.31411e+10,-1.41104e+11
2.55816e+07,289319,2.71093e+06,5.32411e+10,-1.41067e+11
2.55852e+07,289019,2.71114e+06,5.3341e+10,-1.41029e+11
2.55888e+07,288719,2.71135e+06,5.34409e+10,-1.40991e+11
2.55924e+07,288419,2.71156e+06,5.35408e+10,-1.40954e+11
2.5596e+07,288119,2.71176e+06,5.36406e+10,-1.40916e+11
2.55996e+07,287820,2.71197e+06,5.37404e+10,-1.40878e+11
2.56032e+07,287520,2.71218e+06,5.38402e+10,-1.4084e+11
2.56068e+07,287220,2.71239e+06,5.394e+10,-1.40802e+11
2.56104e+07,286921,2.7126e+06,5.40397e+10,-1.40764e+11
2.5614e+07,286622,2.7128e+06,5.41394e+10,-1.40726e+11
2.56176e+07,286322,2.71301e+06,5.42391e+10,-1.40688e+11
2.56212e+07,286023,2.71322e+06,5.43388e+10,-1.40649e+11
2.56248e+07,285724,2.71342e+06,5.44384e+10,-1.40611e+11
2.56284e+07,285425,2.71363e+06,5.4538e+10,-1.40573e+11
2.5632e+07,285126,2.71384e+06,5.46376e+10,-1.40534e+11
2.56356e+07,284827,2.71404e+06,5.47371e+10,-1.40496e+11
2.56392e+07,284528,2.71425e+06,5.48366e+10,-1.40457e+11
2.56428e+07,284230,2.71446e+06,5.49361e+10,-1.40418e+11
2.56464e+07,283931,2.71466e+06,5.50356e+10,-1.4038e+11
2.565e+07,283632,2.71487e+06,5.5135e+10,-1.40341e+11
2.56536e+07,283334,2.71507e+06,5.52344e+10,-1.40302e+11
2.56572e+07,283036,2.71528e+06,5.53338e+10,-1.40263e+11
2.56608e+07,282737,2.71548e+06,5.54332e+10,-1.40224e+11
2.56644e+07,282439,2.71569e+06,5.55325e+10,-1.40185e+11
2.5668e+07,282141,2.71589e+06,5.56318e+10,-1.40145e+11
2.56716e+07,281843,2.71609e+06,5.57311e+10,-1.40106e+11
2.56752e+07,281545,2.7163e+06,5.58303e+10,-1.40067e+11
2.56788e+07,281247,2.7165e+06,5.59295e+10,-1.40027e+11
2.56824e+07,280949,2.7167e+06,5.60287e+10,-1.39988e+11
2.5686e+07,280651,2.71691e+06,5.61279e+10,-1.39948e+11
2.56896e+07,280354,2.71711e+06,5.6227e+10,-1.39909e+11
2.56932e+07,280056,2.71731e+06,5.63261e+10,-1.39869e+11
2.56968e+07,279759,2.71752e+06,5.64252e+10,-1.39829e+11
2.57004e+07,279461,2.71772e+06,5.65242e+10,-1.3979e+11
2.5704e+07,279164,2.71792e+06,5.66232e+10,-1.3975e+11
2.57076e+07,278867,2.71812e+06,5.67222e+10,-1.3971e+11
2.57112e+07,278570,2.71832e+06,5.68212e+10,-1.3967e+11
2.57148e+07,278273,2.71852e+06,5.69201e+10,-1.3963e+11
2.57184e+07,277976,2.71873e+06,5.7019e+10,-1.39589e+11
2.5722e+07,277679,2.71893e+06,5.71179e+10,-1.39549e+11
2.57256e+07,277382,2.71913e+06,5.72167e+10,-1.39509e+11
2.57292e+07,277085,2.71933e+06,5.73155e+10,-1.39468e+11
2.57328e+07,276789,2.71953e+06,5.74143e+10,-1.39428e+11
2.57364e+07,276492,2.71973e+06,5.75131e+10,-1.39387e+11
2.574e+07,276196,2.71993e+06,5.76118e+10,-1.39347e+11
2.57436e+07,275899,2.72013e+06,5.77105e+10,-1.39306e+11
2.57472e+07,275603,2.72033e+06,5.78092e+10,-1.39265e+11
2.57508e+07,275307,2.72053e+06,5.79078e+10,-1.39225e+11
2.57544e+07,275011,2.72073e+06,5.80064e+10,-1.39184e+11
2.5758e+07,274715,2.72093e+06,5.8105e+10,-1.39143e+11
2.57616e+07,274419,2.72112e+06,5.82036e+10,-1.39102e+11
2.57652e+07,274123,2.72132e+06,5.83021e+10,-1.39061e+11
2.57688e+07,273827,2.72152e+06,5.84006e+10,-1.3902e+11
2.57724e+07,273532,2.72172e+06,5.84991e+10,-1.38978e+11
2.5776e+07,273236,2.72192e+06,5.85975e+10,-1.38937e+11
2.57796e+07,272941,2.72212e+06,5.86959e+10,-1.38896e+11
2.57832e+07,272645,2.72231e+06,5.87943e+10,-1.38854e+11
2.57868e+07,272350,2.72251e+06,5.88927e+10,-1.38813e+11
2.57904e+07,272055,2.72271e+06,5.8991e+10,-1.38771e+11
2.5794e+07,271760,2.7229e+06,5.90893e+10,-1.3873e+11
2.57976e+07,271465,2.7231e+06,5.91875e+10,-1.38688e+11
2.58012e+07,271170,2.7233e+06,5.92858e+10,-1.38646e+11
2.58048e+07,270875,2.72349e+06,5.9384e+10,-1.38604e+11
2.58084e+07,270580,2.72369e+06,5.94821e+10,-1.38562e+11
2.5812e+07,270285,2.72389e+06,5.95803e+10,-1.3852e+11
2.58156e+07,269991,2.72408e+06,5.96784e+10,-1.38478e+11
2.58192e+07,269696,2.72428e+06,5.97765e+10,-1.38436e+11
2.58228e+07,269402,2.72447e+06,5.98745e+10,-1.38394e+11
2.58264e+07,269108,2.72467e+06,5.99726e+10,-1.38352e+11
2.583e+07,268813,2.72486e+06,6.00705e+10,-1.38309e+11
2.58336e+07,268519,2.72506e+06,6.01685e+10,-1.38267e+11
2.58372e+07,268225,2.72525e+06,6.02664e+10,-1.38224e+11
2.58408e+07,267931,2.72544e+06,6.03643e+10,-1.38182e+11
2.58444e+07,267637,2.72564e+06,6.04622e+10,-1.38139e+11
2.5848e+07,267344,2.72583e+06,6.05601e+10,-1.38097e+11
2.58516e+07,267050,2.72603e+06,6.06579e+10,-1.38054e+11
2.58552e+07,266756,2.72622e+06,6.07557e+10,-1.38011e+11
2.58588e+07,266463,2.72641e+06,6.08534e+10,-1.37968e+11
2.58624e+07,266169,2.7266e+06,6.09511e+10,-1.37925e+11
2.5866e+07,265876,2.7268e+06,6.10488e+10,-1.37882e+11
2.58696e+07,265583,2.72699e+06,6.11465e+10,-1.37839e+11
2.58732e+07,265290,2.72718e+06,6.12441e+10,-1.37796e+11
2.58768e+07,264997,2.72737e+06,6.13417e+10,-1.37753e+11
2.58804e+07,264704,2.72757e+06,6.14393e+10,-1.37709e+11
2.5884e+07,264411,2.72776e+06,6.15368e+10,-1.37666e+11
2.58876e+07,264118,2.72795e+06,6.16343e+10,-1.37622e+11
2.58912e+07,263826,2.72814e+06,6.17318e+10,-1.37579e+11
2.58948e+07,263533,2.72833e+06,6.18292e+10,-1.37535e+11
2.58984e+07,263240,2.72852e+06,6.19267e+10,-1.37492e+11
2.5902e+07,262948,2.72871e+06,6.2024e+10,-1.37448e+11
2.59056e+07,262656,2.7289e+06,6.21214e+10,-1.37404e+11
2.59092e+07,262364,2.72909e+06,6.22187e+10,-1.3736e+11
2.59128e+07,262071,2.72928e+06,6.2316e+10,-1.37316e+11
2.59164e+07,261779,2.72947e+06,6.24133e+10,-1.37272e+11
2.592e+07,261487,2.72966e+06,6.25105e+10,-1.37228e+11
2.59236e+07,261196,2.72985e+06,6.26077e+10,-1.37184e+11
2.59272e+07,260904,2.73004e+06,6.27048e+10,-1.3714e+11
2.59308e+07,260612,2.73023e+06,6.2802e+10,-1.37096e+11
2.59344e+07,260321,2.73042e+06,6.28991e+10,-1.37051e+11
2.5938e+07,260029,2.73061e+06,6.29961e+10,-1.37007e+11
2.59416e+07,259738,2.7308e+06,6.30932e+10,-1.36962e+11
2.59452e+07,259447,2.73098e+06,6.31902e+10,-1.36918e+11
2.59488e+07,259155,2.73117e+06,6.32872e+10,-1.36873e+11
2.59524e+07,258864,2.73136e+06,6.33841e+10,-1.36829e+11
2.5956e+07,258573,2.73155e+06,6.3481e+10,-1.36784e+11
2.59596e+07,258283,2.73173e+06,6.35779e+10,-1.36739e+11
2.59632e+07,257992,2.73192e+06,6.36747e+10,-1.36694e+11
2.59668e+07,257701,2.73211e+06,6.37716e+10,-1.36649e+11
2.59704e+07,257410,2.7323e+06,6.38683e+10,-1.36604e+11
2.5974e+07,257120,2.73248e+06,6.39651e+10,-1.36559e+11
2.59776e+07,256830,2.73267e+06,6.40618e+10,-1.36514e+11
2.59812e+07,256539,2.73285e+06,6.41585e+10,-1.36469e+11
2.59848e+07,256249,2.73304e+06,6.42552e+10,-1.36423e+11
2.59884e+07,255959,2.73323e+06,6.43518e+10,-1.36378e+11
2.5992e+07,255669,2.73341e+06,6.44484e+10,-1.36332e+11
2.59956e+07,255379,2.7336e+06,6.45449e+10,-1.36287e+11
2.59992e+07,255089,2.73378e+06,6.46415e+10,-1.36241e+11
2.60028e+07,254799,2.73397e+06,6.47379e+10,-1.36196e+11
2.60064e+07,254510,2.73415e+06,6.48344e+10,-1.3615e+11
2.601e+07,254220,2.73434e+06,6.49308e+10,-1.36104e+11
2.60136e+07,253931,2.73452e+06,6.50272e+10,-1.36058e+11
2.60172e+07,253642,2.7347e+06,6.51236e+10,-1.36012e+11
2.60208e+07,253352,2.73489e+06,6.52199e+10,-1.35966e+11
2.60244e+07,253063,2.73507e+06,6.53162e+10,-1.3592e+11
2.6028e+07,252774,2.73525e+06,6.54125e+10,-1.35874e+11
2.60316e+07,252485,2.73544e+06,6.55087e+10,-1.35828e+11
2.60352e+07,252196,2.73562e+06,6.56049e+10,-1.35782e+11
2.60388e+07,251908,2.7358e+06,6.57011e+10,-1.35735e+11
2.60424e+07,251619,2.73599e+06,6.57972e+10,-1.35689e+11
2.6046e+07,251330,2.73617e+06,6.58933e+10,-1.35643e+11
2.60496e+07,251042,2.73635e+06,6.59894e+10,-1.35596e+11
2.60532e+07,250754,2.73653e+06,6.60854e+10,-1.35549e+11
2.60568e+07,250465,2.73671e+06,6.61814e+10,-1.35503e+11
2.60604e+07,250177,2.7369e+06,6.62774e+10,-1.35456e+11
2.6064e+07,249889,2.73708e+06,6.63733e+10,-1.35409e+11
2.60676e+07,249601,2.73726e+06,6.64692e+10,-1.35362e+11
2.60712e+07,249313,2.73744e+06,6.65651e+10,-1.35315e+11
2.60748e+07,249026,2.73762e+06,6.6661e+10,-1.35268e+11
2.60784e+07,248738,2.7378e+06,6.67568e+10,-1.35221e+11
2.6082e+07,248450,2.73798e+06,6.68525e+10,-1.35174e+11
2.60856e+07,248163,2.73816e+06,6.69483e+10,-1.35127e+11
2.60892e+07,247876,2.73834e+06,6.7044e+10,-1.3508e+11
2.60928e+07,247588,2.73852e+06,6.71396e+10,-1.35032e+11
2.60964e+07,247301,2.7387e+06,6.72353e+10,-1.34985e+11
2.61e+07,247014,2.73888e+06,6.73309e+10,-1.34937e+11
2.61036e+07,246727,2.73906e+06,6.74264e+10,-1.3489e+11
2.61072e+07,246440,2.73924e+06,6.7522e+10,-1.34842e+11
2.61108e+07,246154,2.73942e+06,6.76175e+10,-1.34795e+11
2.61144e+07,245867,2.73959e+06,6.77129e+10,-1.34747e+11
2.6118e+07,245580,2.73977e+06,6.78084e+10,-1.34699e+11
2.61216e+07,245294,2.73995e+06,6.79038e+10,-1.34651e+11
2.61252e+07,245008,2.74013e+06,6.79991e+10,-1.34603e+11
2.61288e+07,244721,2.74031e+06,6.80945e+10,-1.34555e+11
2.61324e+07,244435,2.74048e+06,6.81898e+10,-1.34507e+11
2.6136e+07,244149,2.74066e+06,6.8285e+10,-1.34459e+11
2.61396e+07,243863,2.74084e+06,6.83803e+10,-1.34411e+11
2.61432e+07,243578,2.74102e+06,6.84754e+10,-1.34362e+11
2.61468e+07,243292,2.74119e+06,6.85706e+10,-1.34314e+11
2.61504e+07,243006,2.74137e+06,6.86657e+10,-1.34266e+11
2.6154e+07,242721,2.74155e+06,6.87608e+10,-1.34217e+11
2.61576e+07,242435,2.74172e+06,6.88559e+10,-1.34169e+11
2.61612e+07,242150,2.7419e+06,6.89509e+10,-1.3412e+11
2.61648e+07,241865,2.74207e+06,6.90459e+10,-1.34071e+11
2.61684e+07,241580,2.74225e+06,6.91408e+10,-1.34022e+11
2.6172e+07,241295,2.74242e+06,6.92358e+10,-1.33974e+11
2.61756e+07,241010,2.7426e+06,6.93306e+10,-1.33925e+11
2.61792e+07,240725,2.74277e+06,6.94255e+10,-1.33876e+11
2.61828e+07,240440,2.74295e+06,6.95203e+10,-1.33827e+11
2.61864e+07,240156,2.74312e+06,6.96151e+10,-1.33778e+11
2.619e+07,239871,2.7433e+06,6.97098e+10,-1.33728e+11
2.61936e+07,239587,2.74347e+06,6.98045e+10,-1.33679e+11
2.61972e+07,239303,2.74364e+06,6.98992e+10,-1.3363e+11
2.62008e+07,239019,2.74382e+06,6.99938e+10,-1.33581e+11
2.62044e+07,238735,2.74399e+06,7.00885e+10,-1.33531e+11
2.6208e+07,238451,2.74417e+06,7.0183e+10,-1.33482e+11
2.62116e+07,238167,2.74434e+06,7.02776e+10,-1.33432e+11
2.62152e+07,237883,2.74451e+06,7.03721e+10,-1.33382e+11
2.62188e+07,237599,2.74468e+06,7.04665e+10,-1.33333e+11
2.62224e+07,237316,2.74486e+06,7.05609e+10,-1.33283e+11
2.6226e+07,237032,2.74503e+06,7.06553e+10,-1.33233e+11
2.62296e+07,236749,2.7452e+06,7.07497e+10,-1.33183e+11
2.62332e+07,236466,2.74537e+06,7.0844e+10,-1.33133e+11
2.62368e+07,236183,2.74554e+06,7.09383e+10,-1.33083e+11
2.62404e+07,235900,2.74572e+06,7.10326e+10,-1.33033e+11
2.6244e+07,235617,2.74589e+06,7.11268e+10,-1.32983e+11
2.62476e+07,235334,2.74606e+06,7.12209e+10,-1.32933e+11
2.62512e+07,235052,2.74623e+06,7.13151e+10,-1.32882e+11
2.62548e+07,234769,2.7464e+06,7.14092e+10,-1.32832e+11
2.62584e+07,234487,2.74657e+06,7.15033e+10,-1.32781e+11
2.6262e+07,234204,2.74674e+06,7.15973e+10,-1.32731e+11
2.62656e+07,233922,2.74691e+06,7.16913e+10,-1.3268e+11
2.62692e+07,233640,2.74708e+06,7.17853e+10,-1.3263e+11
2.62728e+07,233358,2.74725e+06,7.18792e+10,-1.32579e+11
2.62764e+07,233076,2.74742e+06,7.19731e+10,-1.32528e+11
2.628e+07,232794,2.74759e+06,7.2067e+10,-1.32477e+11
2.62836e+07,232512,2.74776e+06,7.21608e+10,-1.32427e+11
2.62872e+07,232231,2.74793e+06,7.22546e+10,-1.32376e+11
2.62908e+07,231949,2.74809e+06,7.23483e+10,-1.32325e+11
2.62944e+07,231668,2.74826e+06,7.2442e+10,-1.32273e+11
2.6298e+07,231387,2.74843e+06,7.25357e+10,-1.32222e+11
2.63016e+07,231105,2.7486e+06,7.26293e+10,-1.32171e+11
2.63052e+07,230824,2.74877e+06,7.27229e+10,-1.3212e+11
2.63088e+07,230544,2.74893e+06,7.28165e+10,-1.32068e+11
2.63124e+07,230263,2.7491e+06,7.291e+10,-1.32017e+11
2.6316e+07,229982,2.74927e+06,7.30035e+10,-1.31965e+11
2.63196e+07,229701,2.74944e+06,7.3097e+10,-1.31914e+11
2.63232e+07,229421,2.7496e+06,7.31904e+10,-1.31862e+11
2.63268e+07,229140,2.74977e+06,7.32838e+10,-1.31811e+11
2.63304e+07,228860,2.74994e+06,7.33771e+10,-1.31759e+11
2.6334e+07,228580,2.7501e+06,7.34704e+10,-1.31707e+11
2.63376e+07,228300,2.75027e+06,7.35637e+10,-1.31655e+11
2.63412e+07,228020,2.75043e+06,7.3657e+10,-1.31603e+11
2.63448e+07,227740,2.7506e+06,7.37502e+10,-1.31551e+11
2.63484e+07,227460,2.75077e+06,7.38433e+10,-1.31499e+11
2.6352e+07,227181,2.75093e+06,7.39364e+10,-1.31447e+11
2.63556e+07,226901,2.7511e+06,7.40295e+10,-1.31395e+11
2.63592e+07,226622,2.75126e+06,7.41226e+10,-1.31342e+11
2.63628e+07,226343,2.75143e+06,7.42156e+10,-1.3129e+11
2.63664e+07,226064,2.75159e+06,7.43086e+10,-1.31237e+11
2.637e+07,225784,2.75175e+06,7.44015e+10,-1.31185e+11
2.63736e+07,225506,2.75192e+06,7.44944e+10,-1.31132e+11
2.63772e+07,225227,2.75208e+06,7.45873e+10,-1.3108e+11
2.63808e+07,224948,2.75225e+06,7.46801e+10,-1.31027e+11
2.63844e+07,224669,2.75241e+06,7.47729e+10,-1.30974e+11
2.6388e+07,224391,2.75257e+06,7.48657e+10,-1.30921e+11
2.63916e+07,224113,2.75274e+06,7.49584e+10,-1.30869e+11
2.63952e+07,223834,2.7529e+06,7.50511e+10,-1.30816e+11
2.63988e+07,223556,2.75306e+06,7.51437e+10,-1.30763e+11
2.64024e+07,223278,2.75322e+06,7.52363e+10,-1.3071e+11
2.6406e+07,223000,2.75339e+06,7.53289e+10,-1.30656e+11
2.64096e+07,222722,2.75355e+06,7.54214e+10,-1.30603e+11
2.64132e+07,222445,2.75371e+06,7.55139e+10,-1.3055e+11
2.64168e+07,222167,2.75387e+06,7.56063e+10,-1.30497e+11
2.64204e+07,221890,2.75403e+06,7.56988e+10,-1.30443e+11
2.6424e+07,221612,2.75419e+06,7.57911e+10,-1.3039e+11
2.64276e+07,221335,2.75436e+06,7.58835e+10,-1.30336e+11
2.64312e+07,221058,2.75452e+06,7.59758e+10,-1.30282e+11
2.64348e+07,220781,2.75468e+06,7.6068e+10,-1.30229e+11
2.64384e+07,220504,2.75484e+06,7.61603e+10,-1.30175e+11
2.6442e+07,220227,2.755e+06,7.62524e+10,-1.30121e+11
2.64456e+07,219950,2.75516e+06,7.63446e+10,-1.30067e+11
2.64492e+07,219674,2.75532e+06,7.64367e+10,-1.30013e+11
2.64528e+07,219397,2.75548e+06,7.65288e+10,-1.29959e+11
2.64564e+07,219121,2.75564e+06,7.66208e+10,-1.29905e+11
2.646e+07,218845,2.7558e+06,7.67128e+10,-1.29851e+11
2.64636e+07,218569,2.75596e+06,7.68048e+10,-1.29797e+11
2.64672e+07,218293,2.75612e+06,7.68967e+10,-1.29743e+11
2.64708e+07,218017,2.75627e+06,7.69885e+10,-1.29688e+11
2.64744e+07,217741,2.75643e+06,7.70804e+10,-1.29634e+11
2.6478e+07,217465,2.75659e+06,7.71722e+10,-1.2958e+11
2.64816e+07,217190,2.75675e+06,7.7264e+10,-1.29525e+11
2.64852e+07,216915,2.75691e+06,7.73557e+10,-1.29471e+11
2.64888e+07,216639,2.75707e+06,7.74474e+10,-1.29416e+11
2.64924e+07,216364,2.75722e+06,7.7539e+10,-1.29361e+11
2.6496e+07,216089,2.75738e+06,7.76306e+10,-1.29306e+11
2.64996e+07,215814,2.75754e+06,7.77222e+10,-1.29252e+11
2.65032e+07,215539,2.75769e+06,7.78137e+10,-1.29197e+11
2.65068e+07,215265,2.75785e+06,7.79052e+10,-1.29142e+11
2.65104e+07,214990,2.75801e+06,7.79967e+10,-1.29087e+11
2.6514e+07,214716,2.75816e+06,7.80881e+10,-1.29031e+11
2.65176e+07,214441,2.75832e+06,7.81795e+10,-1.28976e+11
2.65212e+07,214167,2.75848e+06,7.82708e+10,-1.28921e+11
2.65248e+07,213893,2.75863e+06,7.83621e+10,-1.28866e+11
2.65284e+07,213619,2.75879e+06,7.84533e+10,-1.2881e+11
2.6532e+07,213345,2.75894e+06,7.85446e+10,-1.28755e+11
2.65356e+07,213071,2.7591e+06,7.86357e+10,-1.28699e+11
2.65392e+07,212798,2.75925e+06,7.87269e+10,-1.28644e+11
2.65428e+07,212524,2.75941e+06,7.8818e+10,-1.28588e+11
2.65464e+07,212251,2.75956e+06,7.8909e+10,-1.28533e+11
2.655e+07,211977,2.75972e+06,7.90001e+10,-1.28477e+11
2.65536e+07,211704,2.75987e+06,7.9091e+10,-1.28421e+11
2.65572e+07,211431,2.76003e+06,7.9182e+10,-1.28365e+11
2.65608e+07,211158,2.76018e+06,7.92729e+10,-1.28309e+11
2.65644e+07,210885,2.76033e+06,7.93637e+10,-1.28253e+11
2.6568e+07,210613,2.76049e+06,7.94546e+10,-1.28197e+11
2.65716e+07,210340,2.76064e+06,7.95453e+10,-1.28141e+11
2.65752e+07,210068,2.76079e+06,7.96361e+10,-1.28085e+11
2.65788e+07,209795,2.76095e+06,7.97268e+10,-1.28029e+11
2.65824e+07,209523,2.7611e+06,7.98175e+10,-1.27972e+11
2.6586e+07,209251,2.76125e+06,7.99081e+10,-1.27916e+11
2.65896e+07,208979,2.7614e+06,7.99987e+10,-1.27859e+11
2.65932e+07,208707,2.76156e+06,8.00892e+10,-1.27803e+11
2.65968e+07,208435,2.76171e+06,8.01797e+10,-1.27746e+11
2.66004e+07,208164,2.76186e+06,8.02702e+10,-1.2769e+11
2.6604e+07,207892,2.76201e+06,8.03606e+10,-1.27633e+11
2.66076e+07,207621,2.76216e+06,8.0451e+10,-1.27576e+11
2.66112e+07,207350,2.76232e+06,8.05413e+10,-1.27519e+11
2.66148e+07,207079,2.76247e+06,8.06316e+10,-1.27462e+11
2.66184e+07,206808,2.76262e+06,8.07219e+10,-1.27405e+11
2.6622e+07,206537,2.76277e+06,8.08121e+10,-1.27348e+11
2.66256e+07,206266,2.76292e+06,8.09023e+10,-1.27291e+11
2.66292e+07,205995,2.76307e+06,8.09924e+10,-1.27234e+11
2.66328e+07,205725,2.76322e+06,8.10825e+10,-1.27177e+11
2.66364e+07,205454,2.76337e+06,8.11726e+10,-1.2712e+11
2.664e+07,205184,2.76352e+06,8.12626e+10,-1.27062e+11
2.66436e+07,204914,2.76367e+06,8.13526e+10,-1.27005e+11
2.66472e+07,204644,2.76382e+06,8.14425e+10,-1.26947e+11
2.66508e+07,204374,2.76397e+06,8.15324e+10,-1.2689e+11
2.66544e+07,204104,2.76411e+06,8.16222e+10,-1.26832e+11
2.6658e+07,203834,2.76426e+06,8.17121e+10,-1.26774e+11
2.66616e+07,203565,2.76441e+06,8.18018e+10,-1.26717e+11
2.66652e+07,203296,2.76456e+06,8.18916e+10,-1.26659e+11
2.66688e+07,203026,2.76471e+06,8.19813e+10,-1.26601e+11
2.66724e+07,202757,2.76486e+06,8.20709e+10,-1.26543e+11
2.6676e+07,202488,2.765e+06,8.21605e+10,-1.26485e+11
2.66796e+07,202219,2.76515e+06,8.22501e+10,-1.26427e+11
2.66832e+07,201950,2.7653e+06,8.23396e+10,-1.26369e+11
2.66868e+07,201682,2.76545e+06,8.24291e+10,-1.26311e+11
2.66904e+07,201413,2.76559e+06,8.25185e+10,-1.26253e+11
2.6694e+07,201145,2.76574e+06,8.26079e+10,-1.26194e+11
2.66976e+07,200876,2.76589e+06,8.26973e+10,-1.26136e+11
2.67012e+07,200608,2.76603e+06,8.27866e+10,-1.26077e+11
2.67048e+07,200340,2.76618e+06,8.28759e+10,-1.26019e+11
2.67084e+07,200072,2.76633e+06,8.29651e+10,-1.2596e+11
2.6712e+07,199804,2.76647e+06,8.30543e+10,-1.25902e+11
2.67156e+07,199537,2.76662e+06,8.31435e+10,-1.25843e+11
2.67192e+07,199269,2.76676e+06,8.32326e+10,-1.25784e+11
2.67228e+07,199002,2.76691e+06,8.33217e+10,-1.25726e+11
2.67264e+07,198734,2.76705e+06,8.34107e+10,-1.25667e+11
2.673e+07,198467,2.7672e+06,8.34997e+10,-1.25608e+11
2.67336e+07,198200,2.76734e+06,8.35886e+10,-1.25549e+11
2.67372e+07,197933,2.76749e+06,8.36775e+10,-1.2549e+11
2.67408e+07,197666,2.76763e+06,8.37664e+10,-1.25431e+11
2.67444e+07,197400,2.76778e+06,8.38552e+10,-1.25371e+11
2.6748e+07,197133,2.76792e+06,8.3944e+10,-1.25312e+11
2.67516e+07,196867,2.76806e+06,8.40327e+10,-1.25253e+11
2.67552e+07,196600,2.76821e+06,8.41214e+10,-1.25193e+11
2.67588e+07,196334,2.76835e+06,8.42101e+10,-1.25134e+11
2.67624e+07,196068,2.76849e+06,8.42987e+10,-1.25074e+11
2.6766e+07,195802,2.76864e+06,8.43872e+10,-1.25015e+11
2.67696e+07,195536,2.76878e+06,8.44758e+10,-1.24955e+11
2.67732e+07,195271,2.76892e+06,8.45642e+10,-1.24896e+11
2.67768e+07,195005,2.76906e+06,8.46527e+10,-1.24836e+11
2.67804e+07,194740,2.76921e+06,8.47411e+10,-1.24776e+11
2.6784e+07,194475,2.76935e+06,8.48294e+10,-1.24716e+11
2.67876e+07,194209,2.76949e+06,8.49177e+10,-1.24656e+11
2.67912e+07,193944,2.76963e+06,8.5006e+10,-1.24596e+11
2.67948e+07,193679,2.76977e+06,8.50942e+10,-1.24536e+11
2.67984e+07,193415,2.76992e+06,8.51824e+10,-1.24476e+11
2.6802e+07,193150,2.77006e+06,8.52706e+10,-1.24416e+11
2.68056e+07,192885,2.7702e+06,8.53587e+10,-1.24355e+11
2.68092e+07,192621,2.77034e+06,8.54467e+10,-1.24295e+11
2.68128e+07,192357,2.77048e+06,8.55347e+10,-1.24235e+11
2.68164e+07,192093,2.77062e+06,8.56227e+10,-1.24174e+11
2.682e+07,191829,2.77076e+06,8.57106e+10,-1.24114e+11
2.68236e+07,191565,2.7709e+06,8.57985e+10,-1.24053e+11
2.68272e+07,191301,2.77104e+06,8.58864e+10,-1.23993e+11
2.68308e+07,191037,2.77118e+06,8.59742e+10,-1.23932e+11
2.68344e+07,190774,2.77132e+06,8.60619e+10,-1.23871e+11
2.6838e+07,190511,2.77146e+06,8.61496e+10,-1.2381e+11
2.68416e+07,190247,2.7716e+06,8.62373e+10,-1.23749e+11
2.68452e+07,189984,2.77174e+06,8.63249e+10,-1.23689e+11
2.68488e+07,189721,2.77188e+06,8.64125e+10,-1.23628e+11
2.68524e+07,189458,2.77201e+06,8.65e+10,-1.23566e+11
2.6856e+07,189196,2.77215e+06,8.65875e+10,-1.23505e+11
2.68596e+07,188933,2.77229e+06,8.6675e+10,-1.23444e+11
2.68632e+07,188671,2.77243e+06,8.67624e+10,-1.23383e+11
2.68668e+07,188408,2.77257e+06,8.68498e+10,-1.23322e+11
2.68704e+07,188146,2.7727e+06,8.69371e+10,-1.2326e+11
2.6874e+07,187884,2.77284e+06,8.70244e+10,-1.23199e+11
2.68776e+07,187622,2.77298e+06,8.71116e+10,-1.23137e+11
2.68812e+07,187360,2.77312e+06,8.71988e+10,-1.23076e+11
2.68848e+07,187099,2.77325e+06,8.7286e+10,-1.23014e+11
2.68884e+07,186837,2.77339e+06,8.73731e+10,-1.22952e+11
2.6892e+07,186576,2.77353e+06,8.74601e+10,-1.22891e+11
2.68956e+07,186315,2.77366e+06,8.75471e+10,-1.22829e+11
2.68992e+07,186053,2.7738e+06,8.76341e+10,-1.22767e+11
2.69028e+07,185792,2.77393e+06,8.7721e+10,-1.22705e+11
2.69064e+07,185532,2.77407e+06,8.78079e+10,-1.22643e+11
2.691e+07,185271,2.77421e+06,8.78948e+10,-1.22581e+11
2.69136e+07,185010,2.77434e+06,8.79816e+10,-1.22519e+11
2.69172e+07,184750,2.77448e+06,8.80683e+10,-1.22457e+11
2.69208e+07,184489,2.77461e+06,8.8155e+10,-1.22394e+11
2.69244e+07,184229,2.77475e+06,8.82417e+10,-1.22332e+11
2.6928e+07,183969,2.77488e+06,8.83283e+10,-1.2227e+11
2.69316e+07,183709,2.77501e+06,8.84149e+10,-1.22207e+11
2.69352e+07,183449,2.77515e+06,8.85014e+10,-1.22145e+11
2.69388e+07,183190,2.77528e+06,8.85879e+10,-1.22082e+11
2.69424e+07,182930,2.77542e+06,8.86744e+10,-1.2202e+11
2.6946e+07,182671,2.77555e+06,8.87607e+10,-1.21957e+11
2.69496e+07,182411,2.77568e+06,8.88471e+10,-1.21894e+11
2.69532e+07,182152,2.77582e+06,8.89334e+10,-1.21832e+11
2.69568e+07,181893,2.77595e+06,8.90197e+10,-1.21769e+11
2.69604e+07,181634,2.77608e+06,8.91059e+10,-1.21706e+11
2.6964e+07,181376,2.77622e+06,8.91921e+10,-1.21643e+11
2.69676e+07,181117,2.77635e+06,8.92782e+10,-1.2158e+11
2.69712e+07,180859,2.77648e+06,8.93643e+10,-1.21517e+11
2.69748e+07,180600,2.77661e+06,8.94503e+10,-1.21454e+11
2.69784e+07,180342,2.77675e+06,8.95363e+10,-1.2139e+11
2.6982e+07,180084,2.77688e+06,8.96223e+10,-1.21327e+11
2.69856e+07,179826,2.77701e+06,8.97082e+10,-1.21264e+11
2.69892e+07,179568,2.77714e+06,8.97941e+10,-1.212e+11
2.69928e+07,179310,2.77727e+06,8.98799e+10,-1.21137e+11
2.69964e+07,179053,2.7774e+06,8.99657e+10,-1.21073e+11
2.7e+07,178796,2.77753e+06,9.00514e+10,-1.2101e+11
2.70036e+07,178538,2.77767e+06,9.01371e+10,-1.20946e+11
2.70072e+07,178281,2.7778e+06,9.02227e+10,-1.20882e+11
2.70108e+07,178024,2.77793e+06,9.03083e+10,-1.20819e+11
2.70144e+07,177767,2.77806e+06,9.03938e+10,-1.20755e+11
2.7018e+07,177511,2.77819e+06,9.04793e+10,-1.20691e+11
2.70216e+07,177254,2.77832e+06,9.05648e+10,-1.20627e+11
2.70252e+07,176998,2.77845e+06,9.06502e+10,-1.20563e+11
2.70288e+07,176741,2.77858e+06,9.07356e+10,-1.20499e+11
2.70324e+07,176485,2.77871e+06,9.08209e+10,-1.20435e+11
2.7036e+07,176229,2.77883e+06,9.09062e+10,-1.20371e+11
2.70396e+07,175973,2.77896e+06,9.09914e+10,-1.20306e+11
2.70432e+07,175717,2.77909e+06,9.10766e+10,-1.20242e+11
2.70468e+07,175462,2.77922e+06,9.11617e+10,-1.20178e+11
2.70504e+07,175206,2.77935e+06,9.12468e+10,-1.20113e+11
2.7054e+07,174951,2.77948e+06,9.13319e+10,-1.20049e+11
2.70576e+07,174696,2.77961e+06,9.14169e+10,-1.19984e+11
2.70612e+07,174441,2.77973e+06,9.15018e+10,-1.1992e+11
2.70648e+07,174186,2.77986e+06,9.15867e+10,-1.19855e+11
2.70684e+07,173931,2.77999e+06,9.16716e+10,-1.1979e+11
2.7072e+07,173676,2.78012e+06,9.17564e+10,-1.19725e+11
2.70756e+07,173422,2.78024e+06,9.18412e+10,-1.19661e+11
2.70792e+07,173167,2.78037e+06,9.19259e+10,-1.19596e+11
2.70828e+07,172913,2.7805e+06,9.20106e+10,-1.19531e+11
2.70864e+07,172659,2.78062e+06,9.20952e+10,-1.19466e+11
2.709e+07,172405,2.78075e+06,9.21798e+10,-1.19401e+11
2.70936e+07,172151,2.78088e+06,9.22644e+10,-1.19336e+11
2.70972e+07,171897,2.781e+06,9.23488e+10,-1.1927e+11
2.71008e+07,171644,2.78113e+06,9.24333e+10,-1.19205e+11
2.71044e+07,171390,2.78125e+06,9.25177e+10,-1.1914e+11
2.7108e+07,171137,2.78138e+06,9.26021e+10,-1.19074e+11
2.71116e+07,170884,2.78151e+06,9.26864e+10,-1.19009e+11
2.71152e+07,170631,2.78163e+06,9.27706e+10,-1.18943e+11
2.71188e+07,170378,2.78176e+06,9.28548e+10,-1.18878e+11
2.71224e+07,170125,2.78188e+06,9.2939e+10,-1.18812e+11
2.7126e+07,169873,2.78201e+06,9.30231e+10,-1.18746e+11
2.71296e+07,169620,2.78213e+06,9.31072e+10,-1.18681e+11
2.71332e+07,169368,2.78225e+06,9.31912e+10,-1.18615e+11
2.71368e+07,169116,2.78238e+06,9.32752e+10,-1.18549e+11
2.71404e+07,168864,2.7825e+06,9.33592e+10,-1.18483e+11
2.7144e+07,168612,2.78263e+06,9.34431e+10,-1.18417e+11
2.71476e+07,168360,2.78275e+06,9.35269e+10,-1.18351e+11
2.71512e+07,168109,2.78287e+06,9.36107e+10,-1.18285e+11
2.71548e+07,167857,2.783e+06,9.36945e+10,-1.18219e+11
2.71584e+07,167606,2.78312e+06,9.37782e+10,-1.18153e+11
2.7162e+07,167355,2.78324e+06,9.38618e+10,-1.18086e+11
2.71656e+07,167104,2.78337e+06,9.39454e+10,-1.1802e+11
2.71692e+07,166853,2.78349e+06,9.4029e+10,-1.17954e+11
2.71728e+07,166602,2.78361e+06,9.41125e+10,-1.17887e+11
2.71764e+07,166351,2.78373e+06,9.4196e+10,-1.17821e+11
2.718e+07,166101,2.78385e+06,9.42794e+10,-1.17754e+11
2.71836e+07,165851,2.78398e+06,9.43628e+10,-1.17687e+11
2.71872e+07,165600,2.7841e+06,9.44461e+10,-1.17621e+11
2.71908e+07,165350,2.78422e+06,9.45294e+10,-1.17554e+11
2.71944e+07,165100,2.78434e+06,9.46126e+10,-1.17487e+11
2.7198e+07,164851,2.78446e+06,9.46958e+10,-1.1742e+11
2.72016e+07,164601,2.78458e+06,9.47789e+10,-1.17353e+11
2.72052e+07,164352,2.7847e+06,9.4862e+10,-1.17286e+11
2.72088e+07,164102,2.78482e+06,9.49451e+10,-1.17219e+11
2.72124e+07,163853,2.78494e+06,9.5028e+10,-1.17152e+11
2.7216e+07,163604,2.78506e+06,9.5111e+10,-1.17085e+11
2.72196e+07,163355,2.78518e+06,9.51939e+10,-1.17018e+11
2.72232e+07,163106,2.7853e+06,9.52767e+10,-1.16951e+11
2.72268e+07,162858,2.78542e+06,9.53596e+10,-1.16883e+11
2.72304e+07,162609,2.78554e+06,9.54423e+10,-1.16816e+11
2.7234e+07,162361,2.78566e+06,9.5525e+10,-1.16748e+11
2.72376e+07,162113,2.78578e+06,9.56077e+10,-1.16681e+11
2.72412e+07,161865,2.7859e+06,9.56903e+10,-1.16613e+11
2.72448e+07,161617,2.78602e+06,9.57729e+10,-1.16546e+11
2.72484e+07,161369,2.78614e+06,9.58554e+10,-1.16478e+11
2.7252e+07,161121,2.78626e+06,9.59378e+10,-1.1641e+11
2.72556e+07,160874,2.78638e+06,9.60203e+10,-1.16342e+11
2.72592e+07,160627,2.78649e+06,9.61026e+10,-1.16275e+11
2.72628e+07,160379,2.78661e+06,9.6185e+10,-1.16207e+11
2.72664e+07,160132,2.78673e+06,9.62672e+10,-1.16139e+11
2.727e+07,159885,2.78685e+06,9.63495e+10,-1.16071e+11
2.72736e+07,159639,2.78696e+06,9.64316e+10,-1.16002e+11
2.72772e+07,159392,2.78708e+06,9.65138e+10,-1.15934e+11
2.72808e+07,159146,2.7872e+06,9.65959e+10,-1.15866e+11
2.72844e+07,158899,2.78732e+06,9.66779e+10,-1.15798e+11
2.7288e+07,158653,2.78743e+06,9.67599e+10,-1.1573e+11
2.72916e+07,158407,2.78755e+06,9.68418e+10,-1.15661e+11
2.72952e+07,158161,2.78767e+06,9.69237e+10,-1.15593e+11
2.72988e+07,157916,2.78778e+06,9.70055e+10,-1.15524e+11
2.73024e+07,157670,2.7879e+06,9.70873e+10,-1.15456e+11
2.7306e+07,157425,2.78801e+06,9.71691e+10,-1.15387e+11
2.73096e+07,157179,2.78813e+06,9.72508e+10,-1.15318e+11
2.73132e+07,156934,2.78824e+06,9.73324e+10,-1.1525e+11
2.73168e+07,156689,2.78836e+06,9.7414e+10,-1.15181e+11
2.73204e+07,156444,2.78847e+06,9.74956e+10,-1.15112e+11
2.7324e+07,156200,2.78859e+06,9.75771e+10,-1.15043e+11
2.73276e+07,155955,2.7887e+06,9.76585e+10,-1.14974e+11
2.73312e+07,155711,2.78882e+06,9.77399e+10,-1.14905e+11
2.73348e+07,155466,2.78893e+06,9.78213e+10,-1.14836e+11
2.73384e+07,155222,2.78905e+06,9.79026e+10,-1.14767e+11
2.7342e+07,154978,2.78916e+06,9.79838e+10,-1.14698e+11
2.73456e+07,154734,2.78928e+06,9.8065e+10,-1.14628e+11
2.73492e+07,154491,2.78939e+06,9.81462e+10,-1.14559e+11
2.73528e+07,154247,2.7895e+06,9.82273e+10,-1.1449e+11
2.73564e+07,154004,2.78962e+06,9.83084e+10,-1.1442e+11
2.736e+07,153761,2.78973e+06,9.83894e+10,-1.14351e+11
2.73636e+07,153518,2.78984e+06,9.84703e+10,-1.14281e+11
2.73672e+07,153275,2.78996e+06,9.85513e+10,-1.14212e+11
2.73708e+07,153032,2.79007e+06,9.86321e+10,-1.14142e+11
2.73744e+07,152789,2.79018e+06,9.87129e+10,-1.14072e+11
2.7378e+07,152547,2.79029e+06,9.87937e+10,-1.14002e+11
2.73816e+07,152304,2.79041e+06,9.88744e+10,-1.13933e+11
2.73852e+07,152062,2.79052e+06,9.89551e+10,-1.13863e+11
2.73888e+07,151820,2.79063e+06,9.90357e+10,-1.13793e+11
2.73924e+07,151578,2.79074e+06,9.91162e+10,-1.13723e+11
2.7396e+07,151336,2.79085e+06,9.91968e+10,-1.13653e+11
2.73996e+07,151095,2.79096e+06,9.92772e+10,-1.13583e+11
2.74032e+07,150853,2.79108e+06,9.93576e+10,-1.13512e+11
2.74068e+07,150612,2.79119e+06,9.9438e+10,-1.13442e+11
2.74104e+07,150371,2.7913e+06,9.95183e+10,-1.13372e+11
2.7414e+07,150130,2.79141e+06,9.95986e+10,-1.13302e+11
2.74176e+07,149889,2.79152e+06,9.96788e+10,-1.13231e+11
2.74212e+07,149648,2.79163e+06,9.9759e+10,-1.13161e+11
2.74248e+07,149408,2.79174e+06,9.98391e+10,-1.1309e+11
2.74284e+07,149167,2.79185e+06,9.99192e+10,-1.1302e+11
2.7432e+07,148927,2.79196e+06,9.99992e+10,-1.12949e+11
2.74356e+07,148687,2.79207e+06,1.00079e+11,-1.12878e+11
2.74392e+07,148447,2.79218e+06,1.00159e+11,-1.12808e+11
2.74428e+07,148207,2.79229e+06,1.00239e+11,-1.12737e+11
2.74464e+07,147968,2.7924e+06,1.00319e+11,-1.12666e+11
2.745e+07,147728,2.79251e+06,1.00399e+11,-1.12595e+11
2.74536e+07,147489,2.79261e+06,1.00478e+11,-1.12524e+11
2.74572e+07,147250,2.79272e+06,1.00558e+11,-1.12453e+11
2.74608e+07,147011,2.79283e+06,1.00638e+11,-1.12382e+11
2.74644e+07,146772,2.79294e+06,1.00717e+11,-1.12311e+11
2.7468e+07,146533,2.79305e+06,1.00797e+11,-1.1224e+11
2.74716e+07,146294,2.79316e+06,1.00876e+11,-1.12168e+11
2.74752e+07,146056,2.79326e+06,1.00955e+11,-1.12097e+11
2.74788e+07,145818,2.79337e+06,1.01035e+11,-1.12026e+11
2.74824e+07,145579,2.79348e+06,1.01114e+11,-1.11954e+11
2.7486e+07,145341,2.79359e+06,1.01193e+11,-1.11883e+11
2.74896e+07,145104,2.79369e+06,1.01273e+11,-1.11811e+11
2.74932e+07,144866,2.7938e+06,1.01352e+11,-1.1174e+11
2.74968e+07,144628,2.79391e+06,1.01431e+11,-1.11668e+11
2.75004e+07,144391,2.79401e+06,1.0151e+11,-1.11596e+11
2.7504e+07,144154,2.79412e+06,1.01589e+11,-1.11525e+11
2.75076e+07,143917,2.79423e+06,1.01668e+11,-1.11453e+11
2.75112e+07,143680,2.79433e+06,1.01747e+11,-1.11381e+11
2.75148e+07,143443,2.79444e+06,1.01826e+11,-1.11309e+11
2.75184e+07,143207,2.79454e+06,1.01904e+11,-1.11237e+11
2.7522e+07,142970,2.79465e+06,1.01983e+11,-1.11165e+11
2.75256e+07,142734,2.79476e+06,1.02062e+11,-1.11093e+11
2.75292e+07,142498,2.79486e+06,1.02141e+11,-1.11021e+11
2.75328e+07,142262,2.79497e+06,1.02219e+11,-1.10949e+11
2.75364e+07,142026,2.79507e+06,1.02298e+11,-1.10876e+11
2.754e+07,141790,2.79518e+06,1.02376e+11,-1.10804e+11
2.75436e+07,141555,2.79528e+06,1.02455e+11,-1.10732e+11
2.75472e+07,141319,2.79538e+06,1.02533e+11,-1.10659e+11
2.75508e+07,141084,2.79549e+06,1.02611e+11,-1.10587e+11
2.75544e+07,140849,2.79559e+06,1.0269e+11,-1.10514e+11
2.7558e+07,140614,2.7957e+06,1.02768e+11,-1.10442e+11
2.75616e+07,140379,2.7958e+06,1.02846e+11,-1.10369e+11
2.75652e+07,140145,2.7959e+06,1.02924e+11,-1.10296e+11
2.75688e+07,139910,2.79601e+06,1.03002e+11,-1.10224e+11
2.75724e+07,139676,2.79611e+06,1.0308e+11,-1.10151e+11
2.7576e+07,139442,2.79621e+06,1.03158e+11,-1.10078e+11
2.75796e+07,139208,2.79632e+06,1.03236e+11,-1.10005e+11
2.75832e+07,138974,2.79642e+06,1.03314e+11,-1.09932e+11
2.75868e+07,138740,2.79652e+06,1.03392e+11,-1.09859e+11
2.75904e+07,138507,2.79663e+06,1.0347e+11,-1.09786e+11
2.7594e+07,138273,2.79673e+06,1.03548e+11,-1.09713e+11
2.75976e+07,138040,2.79683e+06,1.03625e+11,-1.0964e+11
2.76012e+07,137807,2.79693e+06,1.03703e+11,-1.09566e+11
2.76048e+07,137574,2.79703e+06,1.0378e+11,-1.09493e+11
2.76084e+07,137341,2.79714e+06,1.03858e+11,-1.0942e+11
2.7612e+07,137109,2.79724e+06,1.03935e+11,-1.09346e+11
2.76156e+07,136876,2.79734e+06,1.04013e+11,-1.09273e+11
2.76192e+07,136644,2.79744e+06,1.0409e+11,-1.09199e+11
2.76228e+07,136412,2.79754e+06,1.04167e+11,-1.09126e+11
2.76264e+07,136180,2.79764e+06,1.04245e+11,-1.09052e+11
2.763e+07,135948,2.79774e+06,1.04322e+11,-1.08978e+11
2.76336e+07,135717,2.79784e+06,1.04399e+11,-1.08905e+11
2.76372e+07,135485,2.79794e+06,1.04476e+11,-1.08831e+11
2.76408e+07,135254,2.79804e+06,1.04553e+11,-1.08757e+11
2.76444e+07,135022,2.79814e+06,1.0463e+11,-1.08683e+11
2.7648e+07,134791,2.79824e+06,1.04707e+11,-1.08609e+11
2.76516e+07,134561,2.79834e+06,1.04784e+11,-1.08535e+11
2.76552e+07,134330,2.79844e+06,1.04861e+11,-1.08461e+11
2.76588e+07,134099,2.79854e+06,1.04938e+11,-1.08387e+11
2.76624e+07,133869,2.79864e+06,1.05014e+11,-1.08313e+11
2.7666e+07,133639,2.79874e+06,1.05091e+11,-1.08238e+11
2.76696e+07,133409,2.79884e+06,1.05168e+11,-1.08164e+11
2.76732e+07,133179,2.79894e+06,1.05244e+11,-1.0809e+11
2.76768e+07,132949,2.79903e+06,1.05321e+11,-1.08015e+11
2.76804e+07,132719,2.79913e+06,1.05397e+11,-1.07941e+11
2.7684e+07,132490,2.79923e+06,1.05474e+11,-1.07866e+11
2.76876e+07,132261,2.79933e+06,1.0555e+11,-1.07792e+11
2.76912e+07,132032,2.79943e+06,1.05626e+11,-1.07717e+11
2.76948e+07,131803,2.79953e+06,1.05703e+11,-1.07643e+11
2.76984e+07,131574,2.79962e+06,1.05779e+11,-1.07568e+11
2.7702e+07,131345,2.79972e+06,1.05855e+11,-1.07493e+11
2.77056e+07,131117,2.79982e+06,1.05931e+11,-1.07418e+11
2.77092e+07,130888,2.79991e+06,1.06007e+11,-1.07343e+11
2.77128e+07,130660,2.80001e+06,1.06083e+11,-1.07268e+11
2.77164e+07,130432,2.80011e+06,1.06159e+11,-1.07193e+11
2.772e+07,130204,2.8002e+06,1.06235e+11,-1.07118e+11
2.77236e+07,129977,2.8003e+06,1.06311e+11,-1.07043e+11
2.77272e+07,129749,2.8004e+06,1.06387e+11,-1.06968e+11
2.77308e+07,129522,2.80049e+06,1.06462e+11,-1.06893e+11
2.77344e+07,129294,2.80059e+06,1.06538e+11,-1.06818e+11
2.7738e+07,129067,2.80069e+06,1.06614e+11,-1.06742e+11
2.77416e+07,128841,2.80078e+06,1.06689e+11,-1.06667e+11
2.77452e+07,128614,2.80088e+06,1.06765e+11,-1.06592e+11
2.77488e+07,128387,2.80097e+06,1.0684e+11,-1.06516e+11
2.77524e+07,128161,2.80107e+06,1.06915e+11,-1.06441e+11
2.7756e+07,127935,2.80116e+06,1.06991e+11,-1.06365e+11
2.77596e+07,127708,2.80126e+06,1.07066e+11,-1.06289e+11
2.77632e+07,127483,2.80135e+06,1.07141e+11,-1.06214e+11
2.77668e+07,127257,2.80145e+06,1.07217e+11,-1.06138e+11
2.77704e+07,127031,2.80154e+06,1.07292e+11,-1.06062e+11
2.7774e+07,126806,2.80163e+06,1.07367e+11,-1.05986e+11
2.77776e+07,126580,2.80173e+06,1.07442e+11,-1.0591e+11
2.77812e+07,126355,2.80182e+06,1.07517e+11,-1.05835e+11
2.77848e+07,126130,2.80192e+06,1.07592e+11,-1.05759e+11
2.77884e+07,125906,2.80201e+06,1.07667e+11,-1.05682e+11
2.7792e+07,125681,2.8021e+06,1.07741e+11,-1.05606e+11
2.77956e+07,125456,2.8022e+06,1.07816e+11,-1.0553e+11
2.77992e+07,125232,2.80229e+06,1.07891e+11,-1.05454e+11
2.78028e+07,125008,2.80238e+06,1.07966e+11,-1.05378e+11
2.78064e+07,124784,2.80247e+06,1.0804e+11,-1.05301e+11
2.781e+07,124560,2.80257e+06,1.08115e+11,-1.05225e+11
2.78136e+07,124337,2.80266e+06,1.08189e+11,-1.05149e+11
2.78172e+07,124113,2.80275e+06,1.08264e+11,-1.05072e+11
2.78208e+07,123890,2.80284e+06,1.08338e+11,-1.04996e+11
2.78244e+07,123667,2.80294e+06,1.08412e+11,-1.04919e+11
2.7828e+07,123444,2.80303e+06,1.08487e+11,-1.04842e+11
2.78316e+07,123221,2.80312e+06,1.08561e+11,-1.04766e+11
2.78352e+07,122998,2.80321e+06,1.08635e+11,-1.04689e+11
2.78388e+07,122775,2.8033e+06,1.08709e+11,-1.04612e+11
2.78424e+07,122553,2.80339e+06,1.08783e+11,-1.04535e+11
2.7846e+07,122331,2.80348e+06,1.08857e+11,-1.04458e+11
2.78496e+07,122109,2.80357e+06,1.08931e+11,-1.04381e+11
2.78532e+07,121887,2.80367e+06,1.09005e+11,-1.04304e+11
2.78568e+07,121665,2.80376e+06,1.09079e+11,-1.04227e+11
2.78604e+07,121444,2.80385e+06,1.09153e+11,-1.0415e+11
2.7864e+07,121222,2.80394e+06,1.09226e+11,-1.04073e+11
2.78676e+07,121001,2.80403e+06,1.093e+11,-1.03996e+11
2.78712e+07,120780,2.80412e+06,1.09374e+11,-1.03919e+11
2.78748e+07,120559,2.80421e+06,1.09447e+11,-1.03841e+11
2.78784e+07,120339,2.8043e+06,1.09521e+11,-1.03764e+11
2.7882e+07,120118,2.80439e+06,1.09594e+11,-1.03686e+11
2.78856e+07,119898,2.80447e+06,1.09668e+11,-1.03609e+11
2.78892e+07,119677,2.80456e+06,1.09741e+11,-1.03531e+11
2.78928e+07,119457,2.80465e+06,1.09814e+11,-1.03454e+11
2.78964e+07,119237,2.80474e+06,1.09887e+11,-1.03376e+11
2.79e+07,119018,2.80483e+06,1.09961e+11,-1.03299e+11
2.79036e+07,118798,2.80492e+06,1.10034e+11,-1.03221e+11
2.79072e+07,118579,2.80501e+06,1.10107e+11,-1.03143e+11
2.79108e+07,118359,2.8051e+06,1.1018e+11,-1.03065e+11
2.79144e+07,118140,2.80518e+06,1.10253e+11,-1.02987e+11
2.7918e+07,117922,2.80527e+06,1.10326e+11,-1.02909e+11
2.79216e+07,117703,2.80536e+06,1.10399e+11,-1.02831e+11
2.79252e+07,117484,2.80545e+06,1.10471e+11,-1.02753e+11
2.79288e+07,117266,2.80553e+06,1.10544e+11,-1.02675e+11
2.79324e+07,117048,2.80562e+06,1.10617e+11,-1.02597e+11
2.7936e+07,116830,2.80571e+06,1.10689e+11,-1.02519e+11
2.79396e+07,116612,2.8058e+06,1.10762e+11,-1.02441e+11
2.79432e+07,116394,2.80588e+06,1.10835e+11,-1.02362e+11
2.79468e+07,116176,2.80597e+06,1.10907e+11,-1.02284e+11
2.79504e+07,115959,2.80605e+06,1.10979e+11,-1.02206e+11
2.7954e+07,115742,2.80614e+06,1.11052e+11,-1.02127e+11
2.79576e+07,115525,2.80623e+06,1.11124e+11,-1.02049e+11
2.79612e+07,115308,2.80631e+06,1.11196e+11,-1.0197e+11
2.79648e+07,115091,2.8064e+06,1.11268e+11,-1.01892e+11
2.79684e+07,114874,2.80649e+06,1.11341e+11,-1.01813e+11
2.7972e+07,114658,2.80657e+06,1.11413e+11,-1.01734e+11
2.79756e+07,114442,2.80666e+06,1.11485e+11,-1.01655e+11
2.79792e+07,114226,2.80674e+06,1.11557e+11,-1.01577e+11
2.79828e+07,114010,2.80683e+06,1.11629e+11,-1.01498e+11
2.79864e+07,113794,2.80691e+06,1.117e+11,-1.01419e+11
2.799e+07,113578,2.807e+06,1.11772e+11,-1.0134e+11
2.79936e+07,113363,2.80708e+06,1.11844e+11,-1.01261e+11
2.79972e+07,113148,2.80717e+06,1.11916e+11,-1.01182e+11
2.80008e+07,112933,2.80725e+06,1.11987e+11,-1.01103e+11
2.80044e+07,112718,2.80733e+06,1.12059e+11,-1.01023e+11
2.8008e+07,112503,2.80742e+06,1.1213e+11,-1.00944e+11
2.80116e+07,112289,2.8075e+06,1.12202e+11,-1.00865e+11
2.80152e+07,112074,2.80759e+06,1.12273e+11,-1.00786e+11
2.80188e+07,111860,2.80767e+06,1.12345e+11,-1.00706e+11
2.80224e+07,111646,2.80775e+06,1.12416e+11,-1.00627e+11
2.8026e+07,111432,2.80784e+06,1.12487e+11,-1.00547e+11
2.80296e+07,111218,2.80792e+06,1.12558e+11,-1.00468e+11
2.80332e+07,111005,2.808e+06,1.12629e+11,-1.00388e+11
2.80368e+07,110791,2.80808e+06,1.127e+11,-1.00309e+11
2.80404e+07,110578,2.80817e+06,1.12771e+11,-1.00229e+11
2.8044e+07,110365,2.80825e+06,1.12842e+11,-1.00149e+11
2.80476e+07,110152,2.80833e+06,1.12913e+11,-1.00069e+11
2.80512e+07,109940,2.80841e+06,1.12984e+11,-9.99897e+10
2.80548e+07,109727,2.8085e+06,1.13055e+11,-9.99098e+10
2.80584e+07,109515,2.80858e+06,1.13126e+11,-9.98299e+10
2.8062e+07,109303,2.80866e+06,1.13196e+11,-9.97499e+10
2.80656e+07,109091,2.80874e+06,1.13267e+11,-9.96699e+10
2.80692e+07,108879,2.80882e+06,1.13337e+11,-9.95898e+10
2.80728e+07,108667,2.8089e+06,1.13408e+11,-9.95097e+10
2.80764e+07,108456,2.80899e+06,1.13478e+11,-9.94295e+10
2.808e+07,108244,2.80907e+06,1.13549e+11,-9.93493e+10
2.80836e+07,108033,2.80915e+06,1.13619e+11,-9.9269e+10
2.80872e+07,107822,2.80923e+06,1.13689e+11,-9.91887e+10
2.80908e+07,107611,2.80931e+06,1.1376e+11,-9.91083e+10
2.80944e+07,107401,2.80939e+06,1.1383e+11,-9.90279e+10
2.8098e+07,107190,2.80947e+06,1.139e+11,-9.89474e+10
2.81016e+07,106980,2.80955e+06,1.1397e+11,-9.88669e+10
2.81052e+07,106770,2.80963e+06,1.1404e+11,-9.87863e+10
2.81088e+07,106560,2.80971e+06,1.1411e+11,-9.87057e+10
2.81124e+07,106350,2.80979e+06,1.1418e+11,-9.8625e+10
2.8116e+07,106140,2.80987e+06,1.14249e+11,-9.85443e+10
2.81196e+07,105931,2.80995e+06,1.14319e+11,-9.84636e+10
2.81232e+07,105722,2.81003e+06,1.14389e+11,-9.83827e+10
2.81268e+07,105513,2.81011e+06,1.14459e+11,-9.83019e+10
2.81304e+07,105304,2.81019e+06,1.14528e+11,-9.8221e+10
2.8134e+07,105095,2.81026e+06,1.14598e+11,-9.814e+10
2.81376e+07,104886,2.81034e+06,1.14667e+11,-9.8059e+10
2.81412e+07,104678,2.81042e+06,1.14737e+11,-9.79779e+10
2.81448e+07,104470,2.8105e+06,1.14806e+11,-9.78968e+10
2.81484e+07,104262,2.81058e+06,1.14875e+11,-9.78156e+10
2.8152e+07,104054,2.81066e+06,1.14944e+11,-9.77344e+10
2.81556e+07,103846,2.81073e+06,1.15014e+11,-9.76532e+10
2.81592e+07,103638,2.81081e+06,1.15083e+11,-9.75719e+10
2.81628e+07,103431,2.81089e+06,1.15152e+11,-9.74905e+10
2.81664e+07,103224,2.81097e+06,1.15221e+11,-9.74091e+10
2.817e+07,103017,2.81104e+06,1.1529e+11,-9.73276e+10
2.81736e+07,102810,2.81112e+06,1.15359e+11,-9.72461e+10
2.81772e+07,102603,2.8112e+06,1.15428e+11,-9.71646e+10
2.81808e+07,102397,2.81128e+06,1.15496e+11,-9.7083e+10
2.81844e+07,102190,2.81135e+06,1.15565e+11,-9.70013e+10
2.8188e+07,101984,2.81143e+06,1.15634e+11,-9.69196e+10
2.81916e+07,101778,2.81151e+06,1.15702e+11,-9.68379e+10
2.81952e+07,101572,2.81158e+06,1.15771e+11,-9.67561e+10
2.81988e+07,101367,2.81166e+06,1.15839e+11,-9.66742e+10
2.82024e+07,101161,2.81173e+06,1.15908e+11,-9.65923e+10
2.8206e+07,100956,2.81181e+06,1.15976e+11,-9.65104e+10
2.82096e+07,100751,2.81189e+06,1.16045e+11,-9.64284e+10
2.82132e+07,100546,2.81196e+06,1.16113e+11,-9.63464e+10
2.82168e+07,100341,2.81204e+06,1.16181e+11,-9.62643e+10
2.82204e+07,100137,2.81211e+06,1.16249e+11,-9.61821e+10
2.8224e+07,99932.1,2.81219e+06,1.16317e+11,-9.61e+10
2.82276e+07,99727.9,2.81226e+06,1.16385e+11,-9.60177e+10
2.82312e+07,99523.8,2.81234e+06,1.16453e+11,-9.59354e+10
2.82348e+07,99319.9,2.81241e+06,1.16521e+11,-9.58531e+10
2.82384e+07,99116.2,2.81249e+06,1.16589e+11,-9.57707e+10
2.8242e+07,98912.6,2.81256e+06,1.16657e+11,-9.56883e+10
2.82456e+07,98709.2,2.81263e+06,1.16724e+11,-9.56058e+10
2.82492e+07,98506.1,2.81271e+06,1.16792e+11,-9.55233e+10
2.82528e+07,98303,2.81278e+06,1.1686e+11,-9.54408e+10
2.82564e+07,98100.2,2.81286e+06,1.16927e+11,-9.53581e+10
2.826e+07,97897.5,2.81293e+06,1.16995e+11,-9.52755e+10
2.82636e+07,97695,2.813e+06,1.17062e+11,-9.51928e+10
2.82672e+07,97492.7,2.81308e+06,1.1713e+11,-9.511e+10
2.82708e+07,97290.6,2.81315e+06,1.17197e+11,-9.50272e+10
2.82744e+07,97088.6,2.81322e+06,1.17264e+11,-9.49443e+10
2.8278e+07,96886.8,2.8133e+06,1.17331e+11,-9.48614e+10
2.82816e+07,96685.2,2.81337e+06,1.17399e+11,-9.47785e+10
2.82852e+07,96483.8,2.81344e+06,1.17466e+11,-9.46955e+10
2.82888e+07,96282.5,2.81351e+06,1.17533e+11,-9.46125e+10
2.82924e+07,96081.4,2.81359e+06,1.176e+11,-9.45294e+10
2.8296e+07,95880.5,2.81366e+06,1.17667e+11,-9.44462e+10
2.82996e+07,95679.8,2.81373e+06,1.17733e+11,-9.4363e+10
2.83032e+07,95479.2,2.8138e+06,1.178e+11,-9.42798e+10
2.83068e+07,95278.8,2.81387e+06,1.17867e+11,-9.41965e+10
2.83104e+07,95078.7,2.81395e+06,1.17934e+11,-9.41132e+10
2.8314e+07,94878.6,2.81402e+06,1.18e+11,-9.40298e+10
2.83176e+07,94678.8,2.81409e+06,1.18067e+11,-9.39464e+10
2.83212e+07,94479.1,2.81416e+06,1.18133e+11,-9.38629e+10
2.83248e+07,94279.6,2.81423e+06,1.182e+11,-9.37794e+10
2.83284e+07,94080.3,2.8143e+06,1.18266e+11,-9.36958e+10
2.8332e+07,93881.2,2.81437e+06,1.18332e+11,-9.36122e+10
2.83356e+07,93682.2,2.81444e+06,1.18399e+11,-9.35286e+10
2.83392e+07,93483.5,2.81452e+06,1.18465e+11,-9.34449e+10
2.83428e+07,93284.9,2.81459e+06,1.18531e+11,-9.33611e+10
2.83464e+07,93086.4,2.81466e+06,1.18597e+11,-9.32773e+10
2.835e+07,92888.2,2.81473e+06,1.18663e+11,-9.31935e+10
2.83536e+07,92690.1,2.8148e+06,1.18729e+11,-9.31096e+10
2.83572e+07,92492.2,2.81487e+06,1.18795e+11,-9.30256e+10
2.83608e+07,92294.5,2.81494e+06,1.18861e+11,-9.29417e+10
2.83644e+07,92097,2.81501e+06,1.18927e+11,-9.28576e+10
2.8368e+07,91899.6,2.81507e+06,1.18992e+11,-9.27735e+10
2.83716e+07,91702.5,2.81514e+06,1.19058e+11,-9.26894e+10
2.83752e+07,91505.5,2.81521e+06,1.19124e+11,-9.26053e+10
2.83788e+07,91308.7,2.81528e+06,1.19189e+11,-9.2521e+10
2.83824e+07,91112,2.81535e+06,1.19255e+11,-9.24368e+10
2.8386e+07,90915.6,2.81542e+06,1.1932e+11,-9.23525e+10
2.83896e+07,90719.3,2.81549e+06,1.19386e+11,-9.22681e+10
2.83932e+07,90523.2,2.81556e+06,1.19451e+11,-9.21837e+10
2.83968e+07,90327.3,2.81563e+06,1.19516e+11,-9.20993e+10
2.84004e+07,90131.5,2.81569e+06,1.19581e+11,-9.20148e+10
2.8404e+07,89936,2.81576e+06,1.19646e+11,-9.19302e+10
2.84076e+07,89740.6,2.81583e+06,1.19712e+11,-9.18456e+10
2.84112e+07,89545.4,2.8159e+06,1.19777e+11,-9.1761e+10
2.84148e+07,89350.4,2.81596e+06,1.19841e+11,-9.16763e+10
2.84184e+07,89155.6,2.81603e+06,1.19906e+11,-9.15916e+10
2.8422e+07,88960.9,2.8161e+06,1.19971e+11,-9.15068e+10
2.84256e+07,88766.4,2.81617e+06,1.20036e+11,-9.1422e+10
2.84292e+07,88572.1,2.81623e+06,1.20101e+11,-9.13371e+10
2.84328e+07,88378,2.8163e+06,1.20165e+11,-9.12522e+10
2.84364e+07,88184.1,2.81637e+06,1.2023e+11,-9.11673e+10
2.844e+07,87990.3,2.81643e+06,1.20294e+11,-9.10823e+10
2.84436e+07,87796.7,2.8165e+06,1.20359e+11,-9.09972e+10
2.84472e+07,87603.3,2.81657e+06,1.20423e+11,-9.09121e+10
2.84508e+07,87410.1,2.81663e+06,1.20488e+11,-9.0827e+10
2.84544e+07,87217.1,2.8167e+06,1.20552e+11,-9.07418e+10
2.8458e+07,87024.3,2.81677e+06,1.20616e+11,-9.06566e+10
2.84616e+07,86831.6,2.81683e+06,1.2068e+11,-9.05713e+10
2.84652e+07,86639.1,2.8169e+06,1.20744e+11,-9.0486e+10
2.84688e+07,86446.8,2.81696e+06,1.20809e+11,-9.04006e+10
2.84724e+07,86254.7,2.81703e+06,1.20873e+11,-9.03152e+10
2.8476e+07,86062.7,2.81709e+06,1.20936e+11,-9.02298e+10
2.84796e+07,85871,2.81716e+06,1.21e+11,-9.01443e+10
2.84832e+07,85679.4,2.81722e+06,1.21064e+11,-9.00587e+10
2.84868e+07,85488,2.81729e+06,1.21128e+11,-8.99731e+10
2.84904e+07,85296.8,2.81735e+06,1.21192e+11,-8.98875e+10
2.8494e+07,85105.7,2.81742e+06,1.21255e+11,-8.98018e+10
2.84976e+07,84914.9,2.81748e+06,1.21319e+11,-8.97161e+10
2.85012e+07,84724.2,2.81755e+06,1.21382e+11,-8.96303e+10
2.85048e+07,84533.7,2.81761e+06,1.21446e+11,-8.95445e+10
2.85084e+07,84343.4,2.81768e+06,1.21509e+11,-8.94586e+10
2.8512e+07,84153.3,2.81774e+06,1.21572e+11,-8.93727e+10
2.85156e+07,83963.4,2.8178e+06,1.21636e+11,-8.92868e+10
2.85192e+07,83773.6,2.81787e+06,1.21699e+11,-8.92008e+10
2.85228e+07,83584,2.81793e+06,1.21762e+11,-8.91147e+10
2.85264e+07,83394.6,2.81799e+06,1.21825e+11,-8.90287e+10
2.853e+07,83205.4,2.81806e+06,1.21888e+11,-8.89425e+10
2.85336e+07,83016.4,2.81812e+06,1.21951e+11,-8.88564e+10
2.85372e+07,82827.6,2.81818e+06,1.22014e+11,-8.87701e+10
2.85408e+07,82638.9,2.81825e+06,1.22077e+11,-8.86839e+10
2.85444e+07,82450.4,2.81831e+06,1.2214e+11,-8.85976e+10
2.8548e+07,82262.2,2.81837e+06,1.22202e+11,-8.85112e+10
2.85516e+07,82074,2.81843e+06,1.22265e+11,-8.84248e+10
2.85552e+07,81886.1,2.8185e+06,1.22327e+11,-8.83384e+10
2.85588e+07,81698.4,2.81856e+06,1.2239e+11,-8.82519e+10
2.85624e+07,81510.8,2.81862e+06,1.22452e+11,-8.81654e+10
2.8566e+07,81323.5,2.81868e+06,1.22515e+11,-8.80788e+10
2.85696e+07,81136.3,2.81874e+06,1.22577e+11,-8.79922e+10
2.85732e+07,80949.3,2.81881e+06,1.22639e+11,-8.79055e+10
2.85768e+07,80762.5,2.81887e+06,1.22702e+11,-8.78188e+10
2.85804e+07,80575.8,2.81893e+06,1.22764e+11,-8.77321e+10
2.8584e+07,80389.4,2.81899e+06,1.22826e+11,-8.76453e+10
2.85876e+07,80203.1,2.81905e+06,1.22888e+11,-8.75584e+10
2.85912e+07,80017,2.81911e+06,1.2295e+11,-8.74716e+10
2.85948e+07,79831.1,2.81917e+06,1.23012e+11,-8.73846e+10
2.85984e+07,79645.4,2.81923e+06,1.23074e+11,-8.72977e+10
2.8602e+07,79459.9,2.8193e+06,1.23136e+11,-8.72106e+10
2.86056e+07,79274.6,2.81936e+06,1.23197e+11,-8.71236e+10
2.86092e+07,79089.4,2.81942e+06,1.23259e+11,-8.70365e+10
2.86128e+07,78904.4,2.81948e+06,1.23321e+11,-8.69493e+10
2.86164e+07,78719.6,2.81954e+06,1.23382e+11,-8.68622e+10
2.862e+07,78535,2.8196e+06,1.23444e+11,-8.67749e+10
2.86236e+07,78350.6,2.81966e+06,1.23505e+11,-8.66877e+10
2.86272e+07,78166.4,2.81972e+06,1.23566e+11,-8.66003e+10
2.86308e+07,77982.4,2.81978e+06,1.23628e+11,-8.6513e+10
2.86344e+07,77798.5,2.81983e+06,1.23689e+11,-8.64256e+10
2.8638e+07,77614.8,2.81989e+06,1.2375e+11,-8.63381e+10
2.86416e+07,77431.4,2.81995e+06,1.23811e+11,-8.62506e+10
2.86452e+07,77248.1,2.82001e+06,1.23872e+11,-8.61631e+10
2.86488e+07,77064.9,2.82007e+06,1.23933e+11,-8.60755e+10
2.86524e+07,76882,2.82013e+06,1.23994e+11,-8.59879e+10
2.8656e+07,76699.3,2.82019e+06,1.24055e+11,-8.59002e+10
2.86596e+07,76516.7,2.82025e+06,1.24116e+11,-8.58125e+10
2.86632e+07,76334.4,2.82031e+06,1.24177e+11,-8.57248e+10
2.86668e+07,76152.2,2.82036e+06,1.24237e+11,-8.5637e+10
2.86704e+07,75970.2,2.82042e+06,1.24298e+11,-8.55491e+10
2.8674e+07,75788.4,2.82048e+06,1.24358e+11,-8.54613e+10
2.86776e+07,75606.8,2.82054e+06,1.24419e+11,-8.53733e+10
2.86812e+07,75425.3,2.8206e+06,1.24479e+11,-8.52854e+10
2.86848e+07,75244.1,2.82065e+06,1.2454e+11,-8.51974e+10
2.86884e+07,75063,2.82071e+06,1.246e+11,-8.51093e+10
2.8692e+07,74882.1,2.82077e+06,1.2466e+11,-8.50212e+10
2.86956e+07,74701.5,2.82083e+06,1.2472e+11,-8.49331e+10
2.86992e+07,74521,2.82088e+06,1.2478e+11,-8.48449e+10
2.87028e+07,74340.7,2.82094e+06,1.24841e+11,-8.47567e+10
2.87064e+07,74160.5,2.821e+06,1.24901e+11,-8.46684e+10
2.871e+07,73980.6,2.82105e+06,1.2496e+11,-8.45801e+10
2.87136e+07,73800.9,2.82111e+06,1.2502e+11,-8.44918e+10
2.87172e+07,73621.3,2.82117e+06,1.2508e+11,-8.44034e+10
2.87208e+07,73441.9,2.82122e+06,1.2514e+11,-8.4315e+10
2.87244e+07,73262.7,2.82128e+06,1.252e+11,-8.42265e+10
2.8728e+07,73083.8,2.82134e+06,1.25259e+11,-8.4138e+10
2.87316e+07,72904.9,2.82139e+06,1.25319e+11,-8.40494e+10
2.87352e+07,72726.3,2.82145e+06,1.25378e+11,-8.39608e+10
2.87388e+07,72547.9,2.8215e+06,1.25438e+11,-8.38722e+10
2.87424e+07,72369.7,2.82156e+06,1.25497e+11,-8.37835e+10
2.8746e+07,72191.6,2.82161e+06,1.25556e+11,-8.36948e+10
2.87496e+07,72013.7,2.82167e+06,1.25616e+11,-8.3606e+10
2.87532e+07,71836.1,2.82172e+06,1.25675e+11,-8.35172e+10
2.87568e+07,71658.6,2.82178e+06,1.25734e+11,-8.34283e+10
2.87604e+07,71481.3,2.82183e+06,1.25793e+11,-8.33394e+10
2.8764e+07,71304.2,2.82189e+06,1.25852e+11,-8.32505e+10
2.87676e+07,71127.3,2.82194e+06,1.25911e+11,-8.31615e+10
2.87712e+07,70950.5,2.822e+06,1.2597e+11,-8.30725e+10
2.87748e+07,70774,2.82205e+06,1.26028e+11,-8.29834e+10
2.87784e+07,70597.6,2.82211e+06,1.26087e+11,-8.28943e+10
2.8782e+07,70421.5,2.82216e+06,1.26146e+11,-8.28052e+10
2.87856e+07,70245.5,2.82222e+06,1.26204e+11,-8.2716e+10
2.87892e+07,70069.7,2.82227e+06,1.26263e+11,-8.26268e+10
2.87928e+07,69894.1,2.82232e+06,1.26321e+11,-8.25375e+10
2.87964e+07,69718.7,2.82238e+06,1.2638e+11,-8.24482e+10
2.88e+07,69543.5,2.82243e+06,1.26438e+11,-8.23588e+10
2.88036e+07,69368.5,2.82249e+06,1.26497e+11,-8.22695e+10
2.88072e+07,69193.7,2.82254e+06,1.26555e+11,-8.218e+10
2.88108e+07,69019,2.82259e+06,1.26613e+11,-8.20905e+10
2.88144e+07,68844.6,2.82264e+06,1.26671e+11,-8.2001e+10
2.8818e+07,68670.3,2.8227e+06,1.26729e+11,-8.19115e+10
2.88216e+07,68496.2,2.82275e+06,1.26787e+11,-8.18219e+10
2.88252e+07,68322.4,2.8228e+06,1.26845e+11,-8.17322e+10
2.88288e+07,68148.7,2.82286e+06,1.26903e+11,-8.16425e+10
2.88324e+07,67975.2,2.82291e+06,1.26961e+11,-8.15528e+10
2.8836e+07,67801.9,2.82296e+06,1.27018e+11,-8.14631e+10
2.88396e+07,67628.7,2.82301e+06,1.27076e+11,-8.13733e+10
2.88432e+07,67455.8,2.82307e+06,1.27134e+11,-8.12834e+10
2.88468e+07,67283.1,2.82312e+06,1.27191e+11,-8.11935e+10
2.88504e+07,67110.5,2.82317e+06,1.27249e+11,-8.11036e+10
2.8854e+07,66938.2,2.82322e+06,1.27306e+11,-8.10136e+10
2.88576e+07,66766,2.82327e+06,1.27363e+11,-8.09236e+10
2.88612e+07,66594,2.82332e+06,1.27421e+11,-8.08336e+10
2.88648e+07,66422.3,2.82338e+06,1.27478e+11,-8.07435e+10
2.88684e+07,66250.7,2.82343e+06,1.27535e+11,-8.06534e+10
2.8872e+07,66079.3,2.82348e+06,1.27592e+11,-8.05632e+10
2.88756e+07,65908.1,2.82353e+06,1.27649e+11,-8.0473e+10
2.88792e+07,65737.1,2.82358e+06,1.27706e+11,-8.03827e+10
2.88828e+07,65566.2,2.82363e+06,1.27763e+11,-8.02925e+10
2.88864e+07,65395.6,2.82368e+06,1.2782e+11,-8.02021e+10
2.889e+07,65225.2,2.82373e+06,1.27876e+11,-8.01118e+10
2.88936e+07,65054.9,2.82378e+06,1.27933e+11,-8.00213e+10
2.88972e+07,64884.9,2.82383e+06,1.2799e+11,-7.99309e+10
2.89008e+07,64715,2.82388e+06,1.28046e+11,-7.98404e+10
2.89044e+07,64545.4,2.82393e+06,1.28103e+11,-7.97499e+10
2.8908e+07,64375.9,2.82398e+06,1.28159e+11,-7.96593e+10
2.89116e+07,64206.6,2.82403e+06,1.28216e+11,-7.95687e+10
2.89152e+07,64037.5,2.82408e+06,1.28272e+11,-7.9478e+10
2.89188e+07,63868.6,2.82413e+06,1.28328e+11,-7.93873e+10
2.89224e+07,63699.9,2.82418e+06,1.28384e+11,-7.92966e+10
2.8926e+07,63531.4,2.82423e+06,1.28441e+11,-7.92058e+10
2.89296e+07,63363.1,2.82428e+06,1.28497e+11,-7.9115e+10
2.89332e+07,63195,2.82433e+06,1.28553e+11,-7.90242e+10
2.89368e+07,63027,2.82438e+06,1.28609e+11,-7.89333e+10
2.89404e+07,62859.3,2.82443e+06,1.28664e+11,-7.88424e+10
2.8944e+07,62691.7,2.82448e+06,1.2872e+11,-7.87514e+10
2.89476e+07,62524.4,2.82452e+06,1.28776e+11,-7.86604e+10
2.89512e+07,62357.2,2.82457e+06,1.28832e+11,-7.85693e+10
2.89548e+07,62190.3,2.82462e+06,1.28887e+11,-7.84783e+10
2.89584e+07,62023.5,2.82467e+06,1.28943e+11,-7.83871e+10
2.8962e+07,61856.9,2.82472e+06,1.28998e+11,-7.8296e+10
2.89656e+07,61690.5,2.82477e+06,1.29054e+11,-7.82048e+10
2.89692e+07,61524.4,2.82481e+06,1.29109e+11,-7.81135e+10
2.89728e+07,61358.4,2.82486e+06,1.29164e+11,-7.80222e+10
2.89764e+07,61192.6,2.82491e+06,1.2922e+11,-7.79309e+10
2.898e+07,61026.9,2.82496e+06,1.29275e+11,-7.78396e+10
2.89836e+07,60861.5,2.825e+06,1.2933e+11,-7.77482e+10
2.89872e+07,60696.3,2.82505e+06,1.29385e+11,-7.76567e+10
2.89908e+07,60531.3,2.8251e+06,1.2944e+11,-7.75652e+10
2.89944e+07,60366.5,2.82515e+06,1.29495e+11,-7.74737e+10
2.8998e+07,60201.8,2.82519e+06,1.2955e+11,-7.73822e+10
2.90016e+07,60037.4,2.82524e+06,1.29604e+11,-7.72906e+10
2.90052e+07,59873.1,2.82529e+06,1.29659e+11,-7.71989e+10
2.90088e+07,59709.1,2.82533e+06,1.29714e+11,-7.71073e+10
2.90124e+07,59545.2,2.82538e+06,1.29768e+11,-7.70156e+10
2.9016e+07,59381.6,2.82543e+06,1.29823e+11,-7.69238e+10
2.90196e+07,59218.1,2.82547e+06,1.29877e+11,-7.6832e+10
2.90232e+07,59054.8,2.82552e+06,1.29932e+11,-7.67402e+10
2.90268e+07,58891.8,2.82557e+06,1.29986e+11,-7.66483e+10
2.90304e+07,58728.9,2.82561e+06,1.3004e+11,-7.65564e+10
2.9034e+07,58566.2,2.82566e+06,1.30094e+11,-7.64645e+10
2.90376e+07,58403.7,2.8257e+06,1.30148e+11,-7.63725e+10
2.90412e+07,58241.4,2.82575e+06,1.30202e+11,-7.62805e+10
2.90448e+07,58079.3,2.82579e+06,1.30256e+11,-7.61884e+10
2.90484e+07,57917.4,2.82584e+06,1.3031e+11,-7.60963e+10
2.9052e+07,57755.7,2.82588e+06,1.30364e+11,-7.60042e+10
2.90556e+07,57594.2,2.82593e+06,1.30418e+11,-7.5912e+10
2.90592e+07,57432.9,2.82597e+06,1.30472e+11,-7.58198e+10
2.90628e+07,57271.8,2.82602e+06,1.30525e+11,-7.57276e+10
2.90664e+07,57110.8,2.82606e+06,1.30579e+11,-7.56353e+10
2.907e+07,56950.1,2.82611e+06,1.30633e+11,-7.5543e+10
2.90736e+07,56789.6,2.82615e+06,1.30686e+11,-7.54506e+10
2.90772e+07,56629.3,2.8262e+06,1.30739e+11,-7.53582e+10
2.90808e+07,56469.1,2.82624e+06,1.30793e+11,-7.52658e+10
2.90844e+07,56309.2,2.82629e+06,1.30846e+11,-7.51733e+10
2.9088e+07,56149.4,2.82633e+06,1.30899e+11,-7.50808e+10
2.90916e+07,55989.9,2.82637e+06,1.30952e+11,-7.49883e+10
2.90952e+07,55830.5,2.82642e+06,1.31005e+11,-7.48957e+10
2.90988e+07,55671.4,2.82646e+06,1.31058e+11,-7.4803e+10
2.91024e+07,55512.4,2.82651e+06,1.31111e+11,-7.47104e+10
2.9106e+07,55353.7,2.82655e+06,1.31164e+11,-7.46177e+10
2.91096e+07,55195.1,2.82659e+06,1.31217e+11,-7.45249e+10
2.91132e+07,55036.7,2.82664e+06,1.3127e+11,-7.44322e+10
2.91168e+07,54878.6,2.82668e+06,1.31322e+11,-7.43394e+10
2.91204e+07,54720.6,2.82672e+06,1.31375e+11,-7.42465e+10
2.9124e+07,54562.8,2.82677e+06,1.31428e+11,-7.41536e+10
2.91276e+07,54405.3,2.82681e+06,1.3148e+11,-7.40607e+10
2.91312e+07,54247.9,2.82685e+06,1.31533e+11,-7.39677e+10
2.91348e+07,54090.7,2.82689e+06,1.31585e+11,-7.38747e+10
2.91384e+07,53933.7,2.82694e+06,1.31637e+11,-7.37817e+10
2.9142e+07,53776.9,2.82698e+06,1.31689e+11,-7.36886e+10
2.91456e+07,53620.3,2.82702e+06,1.31742e+11,-7.35955e+10
2.91492e+07,53463.9,2.82706e+06,1.31794e+11,-7.35024e+10
2.91528e+07,53307.8,2.82711e+06,1.31846e+11,-7.34092e+10
2.91564e+07,53151.8,2.82715e+06,1.31898e+11,-7.3316e+10
2.916e+07,52996,2.82719e+06,1.31949e+11,-7.32227e+10
2.91636e+07,52840.4,2.82723e+06,1.32001e+11,-7.31294e+10
2.91672e+07,52685,2.82727e+06,1.32053e+11,-7.30361e+10
2.91708e+07,52529.8,2.82731e+06,1.32105e+11,-7.29427e+10
2.91744e+07,52374.8,2.82736e+06,1.32156e+11,-7.28493e+10
2.9178e+07,52220,2.8274e+06,1.32208e+11,-7.27559e+10
2.91816e+07,52065.4,2.82744e+06,1.32259e+11,-7.26624e+10
2.91852e+07,51911,2.82748e+06,1.32311e+11,-7.25689e+10
2.91888e+07,51756.8,2.82752e+06,1.32362e+11,-7.24754e+10
2.91924e+07,51602.7,2.82756e+06,1.32413e+11,-7.23818e+10
2.9196e+07,51448.9,2.8276e+06,1.32465e+11,-7.22882e+10
2.91996e+07,51295.3,2.82764e+06,1.32516e+11,-7.21945e+10
2.92032e+07,51141.9,2.82768e+06,1.32567e+11,-7.21008e+10
2.92068e+07,50988.7,2.82772e+06,1.32618e+11,-7.20071e+10
2.92104e+07,50835.7,2.82776e+06,1.32669e+11,-7.19133e+10
2.9214e+07,50682.9,2.8278e+06,1.3272e+11,-7.18195e+10
2.92176e+07,50530.3,2.82785e+06,1.32771e+11,-7.17257e+10
2.92212e+07,50377.9,2.82789e+06,1.32821e+11,-7.16318e+10
2.92248e+07,50225.6,2.82793e+06,1.32872e+11,-7.15379e+10
2.92284e+07,50073.6,2.82796e+06,1.32923e+11,-7.1444e+10
2.9232e+07,49921.8,2.828e+06,1.32973e+11,-7.135e+10
2.92356e+07,49770.2,2.82804e+06,1.33024e+11,-7.1256e+10
2.92392e+07,49618.8,2.82808e+06,1.33074e+11,-7.11619e+10
2.92428e+07,49467.6,2.82812e+06,1.33125e+11,-7.10678e+10
2.92464e+07,49316.5,2.82816e+06,1.33175e+11,-7.09737e+10
2.925e+07,49165.7,2.8282e+06,1.33225e+11,-7.08795e+10
2.92536e+07,49015.1,2.82824e+06,1.33275e+11,-7.07854e+10
2.92572e+07,48864.7,2.82828e+06,1.33325e+11,-7.06911e+10
2.92608e+07,48714.5,2.82832e+06,1.33375e+11,-7.05969e+10
2.92644e+07,48564.5,2.82836e+06,1.33425e+11,-7.05026e+10
2.9268e+07,48414.7,2.8284e+06,1.33475e+11,-7.04082e+10
2.92716e+07,48265,2.82843e+06,1.33525e+11,-7.03139e+10
2.92752e+07,48115.6,2.82847e+06,1.33575e+11,-7.02194e+10
2.92788e+07,47966.4,2.82851e+06,1.33625e+11,-7.0125e+10
2.92824e+07,47817.4,2.82855e+06,1.33674e+11,-7.00305e+10
2.9286e+07,47668.6,2.82859e+06,1.33724e+11,-6.9936e+10
2.92896e+07,47520,2.82863e+06,1.33773e+11,-6.98415e+10
2.92932e+07,47371.6,2.82866e+06,1.33823e+11,-6.97469e+10
2.92968e+07,47223.4,2.8287e+06,1.33872e+11,-6.96523e+10
2.93004e+07,47075.4,2.82874e+06,1.33921e+11,-6.95576e+10
2.9304e+07,46927.6,2.82878e+06,1.33971e+11,-6.94629e+10
2.93076e+07,46780,2.82881e+06,1.3402e+11,-6.93682e+10
2.93112e+07,46632.6,2.82885e+06,1.34069e+11,-6.92735e+10
2.93148e+07,46485.4,2.82889e+06,1.34118e+11,-6.91787e+10
2.93184e+07,46338.4,2.82893e+06,1.34167e+11,-6.90838e+10
2.9322e+07,46191.6,2.82896e+06,1.34216e+11,-6.8989e+10
2.93256e+07,46045,2.829e+06,1.34265e+11,-6.88941e+10
2.93292e+07,45898.6,2.82904e+06,1.34313e+11,-6.87991e+10
2.93328e+07,45752.4,2.82907e+06,1.34362e+11,-6.87042e+10
2.93364e+07,45606.4,2.82911e+06,1.34411e+11,-6.86092e+10
2.934e+07,45460.6,2.82915e+06,1.34459e+11,-6.85142e+10
2.93436e+07,45315,2.82918e+06,1.34508e+11,-6.84191e+10
2.93472e+07,45169.6,2.82922e+06,1.34556e+11,-6.8324e+10
2.93508e+07,45024.4,2.82926e+06,1.34604e+11,-6.82288e+10
2.93544e+07,44879.5,2.82929e+06,1.34653e+11,-6.81337e+10
2.9358e+07,44734.7,2.82933e+06,1.34701e+11,-6.80385e+10
2.93616e+07,44590.1,2.82936e+06,1.34749e+11,-6.79432e+10
2.93652e+07,44445.7,2.8294e+06,1.34797e+11,-6.7848e+10
2.93688e+07,44301.6,2.82944e+06,1.34845e+11,-6.77527e+10
2.93724e+07,44157.6,2.82947e+06,1.34893e+11,-6.76573e+10
2.9376e+07,44013.8,2.82951e+06,1.34941e+11,-6.75619e+10
2.93796e+07,43870.3,2.82954e+06,1.34989e+11,-6.74665e+10
2.93832e+07,43726.9,2.82958e+06,1.35037e+11,-6.73711e+10
2.93868e+07,43583.8,2.82961e+06,1.35084e+11,-6.72756e+10
2.93904e+07,43440.8,2.82965e+06,1.35132e+11,-6.71801e+10
2.9394e+07,43298.1,2.82968e+06,1.35179e+11,-6.70846e+10
2.93976e+07,43155.5,2.82972e+06,1.35227e+11,-6.6989e+10
2.94012e+07,43013.2,2.82975e+06,1.35274e+11,-6.68934e+10
2.94048e+07,42871,2.82979e+06,1.35322e+11,-6.67977e+10
2.94084e+07,42729.1,2.82982e+06,1.35369e+11,-6.67021e+10
2.9412e+07,42587.4,2.82986e+06,1.35416e+11,-6.66063e+10
2.94156e+07,42445.8,2.82989e+06,1.35463e+11,-6.65106e+10
2.94192e+07,42304.5,2.82993e+06,1.3551e+11,-6.64148e+10
2.94228e+07,42163.4,2.82996e+06,1.35557e+11,-6.6319e+10
2.94264e+07,42022.5,2.82999e+06,1.35604e+11,-6.62232e+10
2.943e+07,41881.7,2.83003e+06,1.35651e+11,-6.61273e+10
2.94336e+07,41741.2,2.83006e+06,1.35698e+11,-6.60314e+10
2.94372e+07,41600.9,2.8301e+06,1.35745e+11,-6.59354e+10
2.94408e+07,41460.8,2.83013e+06,1.35791e+11,-6.58395e+10
2.94444e+07,41320.9,2.83016e+06,1.35838e+11,-6.57435e+10
2.9448e+07,41181.2,2.8302e+06,1.35884e+11,-6.56474e+10
2.94516e+07,41041.7,2.83023e+06,1.35931e+11,-6.55513e+10
2.94552e+07,40902.4,2.83026e+06,1.35977e+11,-6.54552e+10
2.94588e+07,40763.4,2.8303e+06,1.36024e+11,-6.53591e+10
2.94624e+07,40624.5,2.83033e+06,1.3607e+11,-6.52629e+10
2.9466e+07,40485.8,2.83036e+06,1.36116e+11,-6.51667e+10
2.94696e+07,40347.3,2.8304e+06,1.36162e+11,-6.50705e+10
2.94732e+07,40209.1,2.83043e+06,1.36208e+11,-6.49742e+10
2.94768e+07,40071,2.83046e+06,1.36254e+11,-6.48779e+10
2.94804e+07,39933.1,2.83049e+06,1.363e+11,-6.47816e+10
2.9484e+07,39795.5,2.83053e+06,1.36346e+11,-6.46852e+10
2.94876e+07,39658,2.83056e+06,1.36392e+11,-6.45888e+10
2.94912e+07,39520.8,2.83059e+06,1.36437e+11,-6.44923e+10
2.94948e+07,39383.8,2.83062e+06,1.36483e+11,-6.43959e+10
2.94984e+07,39246.9,2.83066e+06,1.36529e+11,-6.42994e+10
2.9502e+07,39110.3,2.83069e+06,1.36574e+11,-6.42028e+10
2.95056e+07,38973.9,2.83072e+06,1.3662e+11,-6.41063e+10
2.95092e+07,38837.7,2.83075e+06,1.36665e+11,-6.40097e+10
2.95128e+07,38701.7,2.83078e+06,1.3671e+11,-6.39131e+10
2.95164e+07,38565.9,2.83081e+06,1.36755e+11,-6.38164e+10
2.952e+07,38430.3,2.83085e+06,1.36801e+11,-6.37197e+10
2.95236e+07,38294.9,2.83088e+06,1.36846e+11,-6.3623e+10
2.95272e+07,38159.7,2.83091e+06,1.36891e+11,-6.35262e+10
2.95308e+07,38024.7,2.83094e+06,1.36936e+11,-6.34294e+10
2.95344e+07,37889.9,2.83097e+06,1.36981e+11,-6.33326e+10
2.9538e+07,37755.3,2.831e+06,1.37025e+11,-6.32358e+10
2.95416e+07,37621,2.83103e+06,1.3707e+11,-6.31389e+10
2.95452e+07,37486.8,2.83106e+06,1.37115e+11,-6.3042e+10
2.95488e+07,37352.9,2.8311e+06,1.37159e+11,-6.2945e+10
2.95524e+07,37219.1,2.83113e+06,1.37204e+11,-6.28481e+10
2.9556e+07,37085.6,2.83116e+06,1.37248e+11,-6.2751e+10
2.95596e+07,36952.2,2.83119e+06,1.37293e+11,-6.2654e+10
2.95632e+07,36819.1,2.83122e+06,1.37337e+11,-6.25569e+10
2.95668e+07,36686.2,2.83125e+06,1.37382e+11,-6.24598e+10
2.95704e+07,36553.5,2.83128e+06,1.37426e+11,-6.23627e+10
2.9574e+07,36421,2.83131e+06,1.3747e+11,-6.22655e+10
2.95776e+07,36288.6,2.83134e+06,1.37514e+11,-6.21683e+10
2.95812e+07,36156.6,2.83137e+06,1.37558e+11,-6.20711e+10
2.95848e+07,36024.7,2.8314e+06,1.37602e+11,-6.19738e+10
2.95884e+07,35893,2.83143e+06,1.37646e+11,-6.18766e+10
2.9592e+07,35761.5,2.83146e+06,1.37689e+11,-6.17792e+10
2.95956e+07,35630.2,2.83149e+06,1.37733e+11,-6.16819e+10
2.95992e+07,35499.2,2.83152e+06,1.37777e+11,-6.15845e+10
2.96028e+07,35368.3,2.83155e+06,1.3782e+11,-6.14871e+10
2.96064e+07,35237.7,2.83158e+06,1.37864e+11,-6.13896e+10
2.961e+07,35107.2,2.8316e+06,1.37907e+11,-6.12922e+10
2.96136e+07,34977,2.83163e+06,1.37951e+11,-6.11947e+10
2.96172e+07,34847,2.83166e+06,1.37994e+11,-6.10971e+10
2.96208e+07,34717.1,2.83169e+06,1.38037e+11,-6.09996e+10
2.96244e+07,34587.5,2.83172e+06,1.3808e+11,-6.0902e+10
2.9628e+07,34458.1,2.83175e+06,1.38124e+11,-6.08043e+10
2.96316e+07,34328.9,2.83178e+06,1.38167e+11,-6.07067e+10
2.96352e+07,34199.9,2.83181e+06,1.3821e+11,-6.0609e+10
2.96388e+07,34071.2,2.83184e+06,1.38252e+11,-6.05113e+10
2.96424e+07,33942.6,2.83186e+06,1.38295e+11,-6.04135e+10
2.9646e+07,33814.2,2.83189e+06,1.38338e+11,-6.03157e+10
2.96496e+07,33686.1,2.83192e+06,1.38381e+11,-6.02179e+10
2.96532e+07,33558.1,2.83195e+06,1.38423e+11,-6.01201e+10
2.96568e+07,33430.4,2.83198e+06,1.38466e+11,-6.00222e+10
2.96604e+07,33302.8,2.832e+06,1.38508e+11,-5.99243e+10
2.9664e+07,33175.5,2.83203e+06,1.38551e+11,-5.98264e+10
2.96676e+07,33048.4,2.83206e+06,1.38593e+11,-5.97284e+10
2.96712e+07,32921.5,2.83209e+06,1.38635e+11,-5.96304e+10
2.96748e+07,32794.8,2.83211e+06,1.38678e+11,-5.95324e+10
2.96784e+07,32668.3,2.83214e+06,1.3872e+11,-5.94343e+10
2.9682e+07,32542,2.83217e+06,1.38762e+11,-5.93363e+10
2.96856e+07,32415.9,2.8322e+06,1.38804e+11,-5.92382e+10
2.96892e+07,32290,2.83222e+06,1.38846e+11,-5.914e+10
2.96928e+07,32164.4,2.83225e+06,1.38888e+11,-5.90418e+10
2.96964e+07,32038.9,2.83228e+06,1.38929e+11,-5.89436e+10
2.97e+07,31913.7,2.83231e+06,1.38971e+11,-5.88454e+10
2.97036e+07,31788.7,2.83233e+06,1.39013e+11,-5.87472e+10
2.97072e+07,31663.8,2.83236e+06,1.39054e+11,-5.86489e+10
2.97108e+07,31539.2,2.83239e+06,1.39096e+11,-5.85506e+10
2.97144e+07,31414.8,2.83241e+06,1.39137e+11,-5.84522e+10
2.9718e+07,31290.6,2.83244e+06,1.39179e+11,-5.83538e+10
2.97216e+07,31166.6,2.83247e+06,1.3922e+11,-5.82554e+10
2.97252e+07,31042.8,2.83249e+06,1.39261e+11,-5.8157e+10
2.97288e+07,30919.3,2.83252e+06,1.39302e+11,-5.80585e+10
2.97324e+07,30795.9,2.83254e+06,1.39343e+11,-5.796e+10
2.9736e+07,30672.8,2.83257e+06,1.39384e+11,-5.78615e+10
2.97396e+07,30549.8,2.8326e+06,1.39425e+11,-5.7763e+10
2.97432e+07,30427.1,2.83262e+06,1.39466e+11,-5.76644e+10
2.97468e+07,30304.6,2.83265e+06,1.39507e+11,-5.75658e+10
2.97504e+07,30182.2,2.83267e+06,1.39548e+11,-5.74671e+10
2.9754e+07,30060.1,2.8327e+06,1.39588e+11,-5.73685e+10
2.97576e+07,29938.2,2.83272e+06,1.39629e+11,-5.72698e+10
2.97612e+07,29816.6,2.83275e+06,1.39669e+11,-5.7171e+10
2.97648e+07,29695.1,2.83278e+06,1.3971e+11,-5.70723e+10
2.97684e+07,29573.8,2.8328e+06,1.3975e+11,-5.69735e+10
2.9772e+07,29452.8,2.83283e+06,1.39791e+11,-5.68747e+10
2.97756e+07,29331.9,2.83285e+06,1.39831e+11,-5.67759e+10
2.97792e+07,29211.3,2.83288e+06,1.39871e+11,-5.6677e+10
2.97828e+07,29090.9,2.8329e+06,1.39911e+11,-5.65781e+10
2.97864e+07,28970.6,2.83293e+06,1.39951e+11,-5.64792e+10
2.979e+07,28850.6,2.83295e+06,1.39991e+11,-5.63802e+10
2.97936e+07,28730.9,2.83298e+06,1.40031e+11,-5.62812e+10
2.97972e+07,28611.3,2.833e+06,1.40071e+11,-5.61822e+10
2.98008e+07,28491.9,2.83302e+06,1.40111e+11,-5.60832e+10
2.98044e+07,28372.7,2.83305e+06,1.4015e+11,-5.59841e+10
2.9808e+07,28253.8,2.83307e+06,1.4019e+11,-5.5885e+10
2.98116e+07,28135,2.8331e+06,1.4023e+11,-5.57859e+10
2.98152e+07,28016.5,2.83312e+06,1.40269e+11,-5.56868e+10
2.98188e+07,27898.2,2.83315e+06,1.40308e+11,-5.55876e+10
2.98224e+07,27780.1,2.83317e+06,1.40348e+11,-5.54884e+10
2.9826e+07,27662.2,2.83319e+06,1.40387e+11,-5.53892e+10
2.98296e+07,27544.5,2.83322e+06,1.40426e+11,-5.52899e+10
2.98332e+07,27427,2.83324e+06,1.40465e+11,-5.51906e+10
2.98368e+07,27309.8,2.83327e+06,1.40504e+11,-5.50913e+10
2.98404e+07,27192.7,2.83329e+06,1.40543e+11,-5.4992e+10
2.9844e+07,27075.9,2.83331e+06,1.40582e+11,-5.48926e+10
2.98476e+07,26959.2,2.83334e+06,1.40621e+11,-5.47932e+10
2.98512e+07,26842.8,2.83336e+06,1.4066e+11,-5.46938e+10
2.98548e+07,26726.6,2.83338e+06,1.40699e+11,-5.45943e+10
2.98584e+07,26610.6,2.83341e+06,1.40737e+11,-5.44948e+10
2.9862e+07,26494.8,2.83343e+06,1.40776e+11,-5.43953e+10
2.98656e+07,26379.2,2.83345e+06,1.40814e+11,-5.42958e+10
2.98692e+07,26263.9,2.83348e+06,1.40853e+11,-5.41962e+10
2.98728e+07,26148.7,2.8335e+06,1.40891e+11,-5.40966e+10
2.98764e+07,26033.8,2.83352e+06,1.40929e+11,-5.3997e+10
2.988e+07,25919,2.83354e+06,1.40968e+11,-5.38974e+10
2.98836e+07,25804.5,2.83357e+06,1.41006e+11,-5.37977e+10
2.98872e+07,25690.2,2.83359e+06,1.41044e+11,-5.3698e+10
2.98908e+07,25576.1,2.83361e+06,1.41082e+11,-5.35983e+10
2.98944e+07,25462.2,2.83363e+06,1.4112e+11,-5.34985e+10
2.9898e+07,25348.6,2.83366e+06,1.41158e+11,-5.33987e+10
2.99016e+07,25235.1,2.83368e+06,1.41195e+11,-5.32989e+10
2.99052e+07,25121.9,2.8337e+06,1.41233e+11,-5.31991e+10
2.99088e+07,25008.8,2.83372e+06,1.41271e+11,-5.30992e+10
2.99124e+07,24896,2.83374e+06,1.41308e+11,-5.29994e+10
2.9916e+07,24783.4,2.83377e+06,1.41346e+11,-5.28994e+10
2.99196e+07,24671,2.83379e+06,1.41383e+11,-5.27995e+10
2.99232e+07,24558.8,2.83381e+06,1.41421e+11,-5.26995e+10
2.99268e+07,24446.9,2.83383e+06,1.41458e+11,-5.25996e+10
2.99304e+07,24335.1,2.83385e+06,1.41495e+11,-5.24995e+10
2.9934e+07,24223.6,2.83387e+06,1.41532e+11,-5.23995e+10
2.99376e+07,24112.2,2.8339e+06,1.41569e+11,-5.22994e+10
2.99412e+07,24001.1,2.83392e+06,1.41606e+11,-5.21993e+10
2.99448e+07,23890.2,2.83394e+06,1.41643e+11,-5.20992e+10
2.99484e+07,23779.5,2.83396e+06,1.4168e+11,-5.19991e+10
2.9952e+07,23669,2.83398e+06,1.41717e+11,-5.18989e+10
2.99556e+07,23558.8,2.834e+06,1.41754e+11,-5.17987e+10
2.99592e+07,23448.7,2.83402e+06,1.4179e+11,-5.16985e+10
2.99628e+07,23338.9,2.83404e+06,1.41827e+11,-5.15982e+10
2.99664e+07,23229.2,2.83406e+06,1.41863e+11,-5.14979e+10
2.997e+07,23119.8,2.83409e+06,1.419e+11,-5.13976e+10
2.99736e+07,23010.6,2.83411e+06,1.41936e+11,-5.12973e+10
2.99772e+07,22901.6,2.83413e+06,1.41973e+11,-5.11969e+10
2.99808e+07,22792.8,2.83415e+06,1.42009e+11,-5.10965e+10
2.99844e+07,22684.3,2.83417e+06,1.42045e+11,-5.09961e+10
2.9988e+07,22575.9,2.83419e+06,1.42081e+11,-5.08957e+10
2.99916e+07,22467.8,2.83421e+06,1.42117e+11,-5.07952e+10
2.99952e+07,22359.9,2.83423e+06,1.42153e+11,-5.06948e+10
2.99988e+07,22252.1,2.83425e+06,1.42189e+11,-5.05943e+10
3.00024e+07,22144.6,2.83427e+06,1.42225e+11,-5.04937e+10
3.0006e+07,22037.4,2.83429e+06,1.4226e+11,-5.03932e+10
3.00096e+07,21930.3,2.83431e+06,1.42296e+11,-5.02926e+10
3.00132e+07,21823.4,2.83433e+06,1.42332e+11,-5.0192e+10
3.00168e+07,21716.8,2.83435e+06,1.42367e+11,-5.00913e+10
3.00204e+07,21610.4,2.83437e+06,1.42403e+11,-4.99907e+10
3.0024e+07,21504.2,2.83439e+06,1.42438e+11,-4.989e+10
3.00276e+07,21398.2,2.83441e+06,1.42473e+11,-4.97893e+10
3.00312e+07,21292.4,2.83443e+06,1.42508e+11,-4.96885e+10
3.00348e+07,21186.8,2.83445e+06,1.42544e+11,-4.95878e+10
3.00384e+07,21081.4,2.83446e+06,1.42579e+11,-4.9487e+10
3.0042e+07,20976.3,2.83448e+06,1.42614e+11,-4.93862e+10
3.00456e+07,20871.4,2.8345e+06,1.42649e+11,-4.92853e+10
3.00492e+07,20766.7,2.83452e+06,1.42684e+11,-4.91845e+10
3.00528e+07,20662.2,2.83454e+06,1.42718e+11,-4.90836e+10
3.00564e+07,20557.9,2.83456e+06,1.42753e+11,-4.89827e+10
3.006e+07,20453.8,2.83458e+06,1.42788e+11,-4.88818e+10
3.00636e+07,20349.9,2.8346e+06,1.42822e+11,-4.87808e+10
3.00672e+07,20246.3,2.83462e+06,1.42857e+11,-4.86798e+10
3.00708e+07,20142.9,2.83463e+06,1.42891e+11,-4.85788e+10
3.00744e+07,20039.7,2.83465e+06,1.42926e+11,-4.84778e+10
3.0078e+07,19936.7,2.83467e+06,1.4296e+11,-4.83767e+10
3.00816e+07,19833.9,2.83469e+06,1.42994e+11,-4.82756e+10
3.00852e+07,19731.3,2.83471e+06,1.43028e+11,-4.81745e+10
3.00888e+07,19628.9,2.83473e+06,1.43062e+11,-4.80734e+10
3.00924e+07,19526.8,2.83475e+06,1.43097e+11,-4.79723e+10
3.0096e+07,19424.9,2.83476e+06,1.4313e+11,-4.78711e+10
3.00996e+07,19323.2,2.83478e+06,1.43164e+11,-4.77699e+10
3.01032e+07,19221.7,2.8348e+06,1.43198e+11,-4.76687e+10
3.01068e+07,19120.4,2.83482e+06,1.43232e+11,-4.75674e+10
3.01104e+07,19019.3,2.83483e+06,1.43266e+11,-4.74661e+10
3.0114e+07,18918.5,2.83485e+06,1.43299e+11,-4.73648e+10
3.01176e+07,18817.9,2.83487e+06,1.43333e+11,-4.72635e+10
3.01212e+07,18717.4,2.83489e+06,1.43366e+11,-4.71622e+10
3.01248e+07,18617.2,2.83491e+06,1.43399e+11,-4.70608e+10
3.01284e+07,18517.2,2.83492e+06,1.43433e+11,-4.69594e+10
3.0132e+07,18417.5,2.83494e+06,1.43466e+11,-4.6858e+10
3.01356e+07,18317.9,2.83496e+06,1.43499e+11,-4.67566e+10
3.01392e+07,18218.6,2.83497e+06,1.43532e+11,-4.66551e+10
3.01428e+07,18119.5,2.83499e+06,1.43565e+11,-4.65536e+10
3.01464e+07,18020.5,2.83501e+06,1.43598e+11,-4.64521e+10
3.015e+07,17921.9,2.83503e+06,1.43631e+11,-4.63506e+10
3.01536e+07,17823.4,2.83504e+06,1.43664e+11,-4.6249e+10
3.01572e+07,17725.1,2.83506e+06,1.43697e+11,-4.61474e+10
3.01608e+07,17627.1,2.83508e+06,1.43729e+11,-4.60458e+10
3.01644e+07,17529.2,2.83509e+06,1.43762e+11,-4.59442e+10
3.0168e+07,17431.6,2.83511e+06,1.43794e+11,-4.58426e+10
3.01716e+07,17334.2,2.83513e+06,1.43827e+11,-4.57409e+10
3.01752e+07,17237,2.83514e+06,1.43859e+11,-4.56392e+10
3.01788e+07,17140.1,2.83516e+06,1.43891e+11,-4.55375e+10
3.01824e+07,17043.3,2.83518e+06,1.43924e+11,-4.54358e+10
3.0186e+07,16946.8,2.83519e+06,1.43956e+11,-4.5334e+10
3.01896e+07,16850.5,2.83521e+06,1.43988e+11,-4.52322e+10
3.01932e+07,16754.4,2.83523e+06,1.4402e+11,-4.51304e+10
3.01968e+07,16658.5,2.83524e+06,1.44052e+11,-4.50286e+10
3.02004e+07,16562.8,2.83526e+06,1.44084e+11,-4.49267e+10
3.0204e+07,16467.4,2.83527e+06,1.44115e+11,-4.48248e+10
3.02076e+07,16372.1,2.83529e+06,1.44147e+11,-4.47229e+10
3.02112e+07,16277.1,2.83531e+06,1.44179e+11,-4.4621e+10
3.02148e+07,16182.3,2.83532e+06,1.4421e+11,-4.45191e+10
3.02184e+07,16087.7,2.83534e+06,1.44242e+11,-4.44171e+10
3.0222e+07,15993.4,2.83535e+06,1.44273e+11,-4.43151e+10
3.02256e+07,15899.2,2.83537e+06,1.44305e+11,-4.42131e+10
3.02292e+07,15805.3,2.83538e+06,1.44336e+11,-4.41111e+10
3.02328e+07,15711.5,2.8354e+06,1.44367e+11,-4.4009e+10
3.02364e+07,15618,2.83541e+06,1.44398e+11,-4.3907e+10
3.024e+07,15524.8,2.83543e+06,1.44429e+11,-4.38049e+10
3.02436e+07,15431.7,2.83545e+06,1.4446e+11,-4.37027e+10
3.02472e+07,15338.8,2.83546e+06,1.44491e+11,-4.36006e+10
3.02508e+07,15246.2,2.83548e+06,1.44522e+11,-4.34984e+10
3.02544e+07,15153.8,2.83549e+06,1.44553e+11,-4.33963e+10
3.0258e+07,15061.6,2.83551e+06,1.44584e+11,-4.3294e+10
3.02616e+07,14969.6,2.83552e+06,1.44614e+11,-4.31918e+10
3.02652e+07,14877.8,2.83554e+06,1.44645e+11,-4.30896e+10
3.02688e+07,14786.3,2.83555e+06,1.44675e+11,-4.29873e+10
3.02724e+07,14695,2.83557e+06,1.44706e+11,-4.2885e+10
3.0276e+07,14603.9,2.83558e+06,1.44736e+11,-4.27827e+10
3.02796e+07,14513,2.83559e+06,1.44766e+11,-4.26804e+10
3.02832e+07,14422.3,2.83561e+06,1.44797e+11,-4.2578e+10
3.02868e+07,14331.8,2.83562e+06,1.44827e+11,-4.24756e+10
3.02904e+07,14241.6,2.83564e+06,1.44857e+11,-4.23732e+10
3.0294e+07,14151.5,2.83565e+06,1.44887e+11,-4.22708e+10
3.02976e+07,14061.7,2.83567e+06,1.44917e+11,-4.21684e+10
3.03012e+07,13972.1,2.83568e+06,1.44947e+11,-4.20659e+10
3.03048e+07,13882.8,2.8357e+06,1.44976e+11,-4.19634e+10
3.03084e+07,13793.6,2.83571e+06,1.45006e+11,-4.18609e+10
3.0312e+07,13704.7,2.83572e+06,1.45036e+11,-4.17584e+10
3.03156e+07,13616,2.83574e+06,1.45065e+11,-4.16558e+10
3.03192e+07,13527.5,2.83575e+06,1.45095e+11,-4.15533e+10
3.03228e+07,13439.2,2.83577e+06,1.45124e+11,-4.14507e+10
3.03264e+07,13351.1,2.83578e+06,1.45153e+11,-4.13481e+10
3.033e+07,13263.3,2.83579e+06,1.45183e+11,-4.12454e+10
3.03336e+07,13175.6,2.83581e+06,1.45212e+11,-4.11428e+10
3.03372e+07,13088.2,2.83582e+06,1.45241e+11,-4.10401e+10
3.03408e+07,13001,2.83583e+06,1.4527e+11,-4.09374e+10
3.03444e+07,12914.1,2.83585e+06,1.45299e+11,-4.08347e+10
3.0348e+07,12827.3,2.83586e+06,1.45328e+11,-4.0732e+10
3.03516e+07,12740.8,2.83587e+06,1.45357e+11,-4.06292e+10
3.03552e+07,12654.4,2.83589e+06,1.45385e+11,-4.05264e+10
3.03588e+07,12568.3,2.8359e+06,1.45414e+11,-4.04236e+10
3.03624e+07,12482.5,2.83591e+06,1.45443e+11,-4.03208e+10
3.0366e+07,12396.8,2.83593e+06,1.45471e+11,-4.0218e+10
3.03696e+07,12311.4,2.83594e+06,1.455e+11,-4.01151e+10
3.03732e+07,12226.1,2.83595e+06,1.45528e+11,-4.00122e+10
3.03768e+07,12141.1,2.83597e+06,1.45556e+11,-3.99093e+10
3.03804e+07,12056.3,2.83598e+06,1.45585e+11,-3.98064e+10
3.0384e+07,11971.8,2.83599e+06,1.45613e+11,-3.97035e+10
3.03876e+07,11887.4,2.836e+06,1.45641e+11,-3.96005e+10
3.03912e+07,11803.3,2.83602e+06,1.45669e+11,-3.94976e+10
3.03948e+07,11719.4,2.83603e+06,1.45697e+11,-3.93946e+10
3.03984e+07,11635.7,2.83604e+06,1.45725e+11,-3.92916e+10
3.0402e+07,11552.2,2.83605e+06,1.45752e+11,-3.91885e+10
3.04056e+07,11468.9,2.83607e+06,1.4578e+11,-3.90855e+10
3.04092e+07,11385.9,2.83608e+06,1.45808e+11,-3.89824e+10
3.04128e+07,11303.1,2.83609e+06,1.45835e+11,-3.88793e+10
3.04164e+07,11220.5,2.8361e+06,1.45863e+11,-3.87762e+10
3.042e+07,11138.1,2.83612e+06,1.4589e+11,-3.8673e+10
3.04236e+07,11055.9,2.83613e+06,1.45918e+11,-3.85699e+10
3.04272e+07,10974,2.83614e+06,1.45945e+11,-3.84667e+10
3.04308e+07,10892.3,2.83615e+06,1.45972e+11,-3.83635e+10
3.04344e+07,10810.7,2.83616e+06,1.45999e+11,-3.82603e+10
3.0438e+07,10729.5,2.83618e+06,1.46027e+11,-3.81571e+10
3.04416e+07,10648.4,2.83619e+06,1.46054e+11,-3.80538e+10
3.04452e+07,10567.5,2.8362e+06,1.4608e+11,-3.79506e+10
3.04488e+07,10486.9,2.83621e+06,1.46107e+11,-3.78473e+10
3.04524e+07,10406.5,2.83622e+06,1.46134e+11,-3.7744e+10
3.0456e+07,10326.3,2.83624e+06,1.46161e+11,-3.76407e+10
3.04596e+07,10246.4,2.83625e+06,1.46187e+11,-3.75373e+10
3.04632e+07,10166.6,2.83626e+06,1.46214e+11,-3.74339e+10
3.04668e+07,10087.1,2.83627e+06,1.4624e+11,-3.73306e+10
3.04704e+07,10007.8,2.83628e+06,1.46267e+11,-3.72272e+10
3.0474e+07,9928.67,2.83629e+06,1.46293e+11,-3.71237e+10
3.04776e+07,9849.8,2.8363e+06,1.46319e+11,-3.70203e+10
3.04812e+07,9771.15,2.83632e+06,1.46346e+11,-3.69169e+10
3.04848e+07,9692.72,2.83633e+06,1.46372e+11,-3.68134e+10
3.04884e+07,9614.51,2.83634e+06,1.46398e+11,-3.67099e+10
3.0492e+07,9536.52,2.83635e+06,1.46424e+11,-3.66064e+10
3.04956e+07,9458.75,2.83636e+06,1.4645e+11,-3.65028e+10
3.04992e+07,9381.2,2.83637e+06,1.46476e+11,-3.63993e+10
3.05028e+07,9303.87,2.83638e+06,1.46501e+11,-3.62957e+10
3.05064e+07,9226.76,2.83639e+06,1.46527e+11,-3.61921e+10
3.051e+07,9149.86,2.8364e+06,1.46553e+11,-3.60885e+10
3.05136e+07,9073.19,2.83641e+06,1.46578e+11,-3.59849e+10
3.05172e+07,8996.74,2.83643e+06,1.46604e+11,-3.58813e+10
3.05208e+07,8920.51,2.83644e+06,1.46629e+11,-3.57776e+10
3.05244e+07,8844.5,2.83645e+06,1.46654e+11,-3.56739e+10
3.0528e+07,8768.71,2.83646e+06,1.4668e+11,-3.55703e+10
3.05316e+07,8693.14,2.83647e+06,1.46705e+11,-3.54665e+10
3.05352e+07,8617.79,2.83648e+06,1.4673e+11,-3.53628e+10
3.05388e+07,8542.66,2.83649e+06,1.46755e+11,-3.52591e+10
3.05424e+07,8467.76,2.8365e+06,1.4678e+11,-3.51553e+10
3.0546e+07,8393.07,2.83651e+06,1.46805e+11,-3.50515e+10
3.05496e+07,8318.6,2.83652e+06,1.46829e+11,-3.49477e+10
3.05532e+07,8244.35,2.83653e+06,1.46854e+11,-3.48439e+10
3.05568e+07,8170.33,2.83654e+06,1.46879e+11,-3.47401e+10
3.05604e+07,8096.52,2.83655e+06,1.46903e+11,-3.46362e+10
3.0564e+07,8022.94,2.83656e+06,1.46928e+11,-3.45324e+10
3.05676e+07,7949.57,2.83657e+06,1.46952e+11,-3.44285e+10
3.05712e+07,7876.43,2.83658e+06,1.46977e+11,-3.43246e+10
3.05748e+07,7803.51,2.83659e+06,1.47001e+11,-3.42206e+10
3.05784e+07,7730.81,2.8366e+06,1.47025e+11,-3.41167e+10
3.0582e+07,7658.32,2.83661e+06,1.47049e+11,-3.40127e+10
3.05856e+07,7586.06,2.83662e+06,1.47073e+11,-3.39088e+10
3.05892e+07,7514.03,2.83663e+06,1.47097e+11,-3.38048e+10
3.05928e+07,7442.21,2.83664e+06,1.47121e+11,-3.37008e+10
3.05964e+07,7370.61,2.83665e+06,1.47145e+11,-3.35968e+10
3.06e+07,7299.23,2.83666e+06,1.47169e+11,-3.34927e+10
3.06036e+07,7228.08,2.83667e+06,1.47193e+11,-3.33887e+10
3.06072e+07,7157.15,2.83668e+06,1.47216e+11,-3.32846e+10
3.06108e+07,7086.43,2.83669e+06,1.4724e+11,-3.31805e+10
3.06144e+07,7015.94,2.83669e+06,1.47263e+11,-3.30764e+10
3.0618e+07,6945.67,2.8367e+06,1.47287e+11,-3.29723e+10
3.06216e+07,6875.62,2.83671e+06,1.4731e+11,-3.28681e+10
3.06252e+07,6805.79,2.83672e+06,1.47333e+11,-3.2764e+10
3.06288e+07,6736.19,2.83673e+06,1.47356e+11,-3.26598e+10
3.06324e+07,6666.8,2.83674e+06,1.4738e+11,-3.25556e+10
3.0636e+07,6597.64,2.83675e+06,1.47403e+11,-3.24514e+10
3.06396e+07,6528.69,2.83676e+06,1.47426e+11,-3.23472e+10
3.06432e+07,6459.97,2.83677e+06,1.47448e+11,-3.22429e+10
3.06468e+07,6391.47,2.83678e+06,1.47471e+11,-3.21387e+10
3.06504e+07,6323.2,2.83679e+06,1.47494e+11,-3.20344e+10
3.0654e+07,6255.14,2.83679e+06,1.47517e+11,-3.19301e+10
3.06576e+07,6187.3,2.8368e+06,1.47539e+11,-3.18258e+10
3.06612e+07,6119.69,2.83681e+06,1.47562e+11,-3.17215e+10
3.06648e+07,6052.3,2.83682e+06,1.47584e+11,-3.16172e+10
3.06684e+07,5985.13,2.83683e+06,1.47607e+11,-3.15128e+10
3.0672e+07,5918.18,2.83684e+06,1.47629e+11,-3.14085e+10
3.06756e+07,5851.46,2.83685e+06,1.47651e+11,-3.13041e+10
3.06792e+07,5784.95,2.83685e+06,1.47673e+11,-3.11997e+10
3.06828e+07,5718.67,2.83686e+06,1.47695e+11,-3.10953e+10
3.06864e+07,5652.61,2.83687e+06,1.47717e+11,-3.09908e+10
3.069e+07,5586.77,2.83688e+06,1.47739e+11,-3.08864e+10
3.06936e+07,5521.15,2.83689e+06,1.47761e+11,-3.07819e+10
3.06972e+07,5455.76,2.8369e+06,1.47783e+11,-3.06774e+10
3.07008e+07,5390.58,2.8369e+06,1.47805e+11,-3.0573e+10
3.07044e+07,5325.63,2.83691e+06,1.47826e+11,-3.04684e+10
3.0708e+07,5260.9,2.83692e+06,1.47848e+11,-3.03639e+10
3.07116e+07,5196.4,2.83693e+06,1.47869e+11,-3.02594e+10
3.07152e+07,5132.11,2.83694e+06,1.47891e+11,-3.01548e+10
3.07188e+07,5068.05,2.83694e+06,1.47912e+11,-3.00503e+10
3.07224e+07,5004.21,2.83695e+06,1.47933e+11,-2.99457e+10
3.0726e+07,4940.59,2.83696e+06,1.47955e+11,-2.98411e+10
3.07296e+07,4877.19,2.83697e+06,1.47976e+11,-2.97365e+10
3.07332e+07,4814.02,2.83697e+06,1.47997e+11,-2.96319e+10
3.07368e+07,4751.07,2.83698e+06,1.48018e+11,-2.95272e+10
3.07404e+07,4688.34,2.83699e+06,1.48039e+11,-2.94226e+10
3.0744e+07,4625.83,2.837e+06,1.48059e+11,-2.93179e+10
3.07476e+07,4563.55,2.83701e+06,1.4808e+11,-2.92132e+10
3.07512e+07,4501.49,2.83701e+06,1.48101e+11,-2.91085e+10
3.07548e+07,4439.65,2.83702e+06,1.48121e+11,-2.90038e+10
3.07584e+07,4378.03,2.83703e+06,1.48142e+11,-2.8899e+10
3.0762e+07,4316.63,2.83704e+06,1.48162e+11,-2.87943e+10
3.07656e+07,4255.46,2.83704e+06,1.48183e+11,-2.86895e+10
3.07692e+07,4194.51,2.83705e+06,1.48203e+11,-2.85848e+10
3.07728e+07,4133.79,2.83706e+06,1.48223e+11,-2.848e+10
3.07764e+07,4073.28,2.83706e+06,1.48243e+11,-2.83752e+10
3.078e+07,4013,2.83707e+06,1.48263e+11,-2.82704e+10
3.07836e+07,3952.94,2.83708e+06,1.48283e+11,-2.81655e+10
3.07872e+07,3893.11,2.83709e+06,1.48303e+11,-2.80607e+10
3.07908e+07,3833.49,2.83709e+06,1.48323e+11,-2.79558e+10
3.07944e+07,3774.1,2.8371e+06,1.48343e+11,-2.7851e+10
3.0798e+07,3714.93,2.83711e+06,1.48363e+11,-2.77461e+10
3.08016e+07,3655.99,2.83711e+06,1.48382e+11,-2.76412e+10
3.08052e+07,3597.27,2.83712e+06,1.48402e+11,-2.75362e+10
3.08088e+07,3538.77,2.83713e+06,1.48421e+11,-2.74313e+10
3.08124e+07,3480.49,2.83713e+06,1.48441e+11,-2.73264e+10
3.0816e+07,3422.44,2.83714e+06,1.4846e+11,-2.72214e+10
3.08196e+07,3364.61,2.83715e+06,1.48479e+11,-2.71164e+10
3.08232e+07,3307,2.83715e+06,1.48499e+11,-2.70115e+10
3.08268e+07,3249.62,2.83716e+06,1.48518e+11,-2.69065e+10
3.08304e+07,3192.46,2.83717e+06,1.48537e+11,-2.68015e+10
3.0834e+07,3135.52,2.83717e+06,1.48556e+11,-2.66964e+10
3.08376e+07,3078.81,2.83718e+06,1.48575e+11,-2.65914e+10
3.08412e+07,3022.32,2.83719e+06,1.48593e+11,-2.64863e+10
3.08448e+07,2966.05,2.83719e+06,1.48612e+11,-2.63813e+10
3.08484e+07,2910,2.8372e+06,1.48631e+11,-2.62762e+10
3.0852e+07,2854.18,2.83721e+06,1.48649e+11,-2.61711e+10
3.08556e+07,2798.58,2.83721e+06,1.48668e+11,-2.6066e+10
3.08592e+07,2743.21,2.83722e+06,1.48686e+11,-2.59609e+10
3.08628e+07,2688.06,2.83723e+06,1.48705e+11,-2.58558e+10
3.08664e+07,2633.13,2.83723e+06,1.48723e+11,-2.57506e+10
3.087e+07,2578.42,2.83724e+06,1.48741e+11,-2.56455e+10
3.08736e+07,2523.94,2.83724e+06,1.48759e+11,-2.55403e+10
3.08772e+07,2469.68,2.83725e+06,1.48777e+11,-2.54351e+10
3.08808e+07,2415.65,2.83726e+06,1.48795e+11,-2.53299e+10
3.08844e+07,2361.84,2.83726e+06,1.48813e+11,-2.52247e+10
3.0888e+07,2308.25,2.83727e+06,1.48831e+11,-2.51195e+10
3.08916e+07,2254.88,2.83727e+06,1.48849e+11,-2.50143e+10
3.08952e+07,2201.74,2.83728e+06,1.48867e+11,-2.4909e+10
3.08988e+07,2148.83,2.83729e+06,1.48884e+11,-2.48038e+10
3.09024e+07,2096.13,2.83729e+06,1.48902e+11,-2.46985e+10
3.0906e+07,2043.66,2.8373e+06,1.48919e+11,-2.45932e+10
3.09096e+07,1991.42,2.8373e+06,1.48937e+11,-2.44879e+10
3.09132e+07,1939.4,2.83731e+06,1.48954e+11,-2.43826e+10
3.09168e+07,1887.6,2.83731e+06,1.48971e+11,-2.42773e+10
3.09204e+07,1836.02,2.83732e+06,1.48989e+11,-2.41719e+10
3.0924e+07,1784.67,2.83733e+06,1.49006e+11,-2.40666e+10
3.09276e+07,1733.55,2.83733e+06,1.49023e+11,-2.39612e+10
3.09312e+07,1682.64,2.83734e+06,1.4904e+11,-2.38559e+10
3.09348e+07,1631.96,2.83734e+06,1.49056e+11,-2.37505e+10
3.09384e+07,1581.51,2.83735e+06,1.49073e+11,-2.36451e+10
3.0942e+07,1531.28,2.83735e+06,1.4909e+11,-2.35397e+10
3.09456e+07,1481.27,2.83736e+06,1.49107e+11,-2.34343e+10
3.09492e+07,1431.49,2.83736e+06,1.49123e+11,-2.33289e+10
3.09528e+07,1381.93,2.83737e+06,1.4914e+11,-2.32234e+10
3.09564e+07,1332.59,2.83737e+06,1.49156e+11,-2.3118e+10
3.096e+07,1283.48,2.83738e+06,1.49173e+11,-2.30125e+10
3.09636e+07,1234.59,2.83738e+06,1.49189e+11,-2.2907e+10
3.09672e+07,1185.93,2.83739e+06,1.49205e+11,-2.28016e+10
3.09708e+07,1137.49,2.8374e+06,1.49221e+11,-2.26961e+10
3.09744e+07,1089.27,2.8374e+06,1.49237e+11,-2.25905e+10
3.0978e+07,1041.28,2.83741e+06,1.49253e+11,-2.2485e+10
3.09816e+07,993.515,2.83741e+06,1.49269e+11,-2.23795e+10
3.09852e+07,945.973,2.83742e+06,1.49285e+11,-2.2274e+10
3.09888e+07,898.655,2.83742e+06,1.49301e+11,-2.21684e+10
3.09924e+07,851.56,2.83743e+06,1.49316e+11,-2.20628e+10
3.0996e+07,804.691,2.83743e+06,1.49332e+11,-2.19573e+10
3.09996e+07,758.045,2.83743e+06,1.49348e+11,-2.18517e+10
3.10032e+07,711.624,2.83744e+06,1.49363e+11,-2.17461e+10
3.10068e+07,665.427,2.83744e+06,1.49378e+11,-2.16405e+10
3.10104e+07,619.455,2.83745e+06,1.49394e+11,-2.15348e+10
3.1014e+07,573.707,2.83745e+06,1.49409e+11,-2.14292e+10
3.10176e+07,528.183,2.83746e+06,1.49424e+11,-2.13236e+10
3.10212e+07,482.884,2.83746e+06,1.49439e+11,-2.12179e+10
3.10248e+07,437.81,2.83747e+06,1.49454e+11,-2.11123e+10
3.10284e+07,392.959,2.83747e+06,1.49469e+11,-2.10066e+10
3.1032e+07,348.334,2.83748e+06,1.49484e+11,-2.09009e+10
3.10356e+07,303.933,2.83748e+06,1.49499e+11,-2.07952e+10
3.10392e+07,259.756,2.83749e+06,1.49513e+11,-2.06895e+10
3.10428e+07,215.804,2.83749e+06,1.49528e+11,-2.05838e+10
3.10464e+07,172.077,2.8375e+06,1.49543e+11,-2.04781e+10
3.105e+07,128.574,2.8375e+06,1.49557e+11,-2.03723e+10
3.10536e+07,85.2957,2.8375e+06,1.49572e+11,-2.02666e+10
3.10572e+07,42.2422,2.83751e+06,1.49586e+11,-2.01608e+10
3.10608e+07,-0.586547,2.83751e+06,1.496e+11,-2.00551e+10
3.10644e+07,-43.1906,2.83752e+06,1.49614e+11,-1.99493e+10
3.1068e+07,-85.57,2.83752e+06,1.49628e+11,-1.98435e+10
3.10716e+07,-127.725,2.83753e+06,1.49643e+11,-1.97377e+10
3.10752e+07,-169.654,2.83753e+06,1.49657e+11,-1.96319e+10
3.10788e+07,-211.359,2.83753e+06,1.4967e+11,-1.95261e+10
3.10824e+07,-252.84,2.83754e+06,1.49684e+11,-1.94203e+10
3.1086e+07,-294.095,2.83754e+06,1.49698e+11,-1.93144e+10
3.10896e+07,-335.126,2.83755e+06,1.49712e+11,-1.92086e+10
3.10932e+07,-375.931,2.83755e+06,1.49725e+11,-1.91027e+10
3.10968e+07,-416.512,2.83755e+06,1.49739e+11,-1.89969e+10
3.11004e+07,-456.868,2.83756e+06,1.49752e+11,-1.8891e+10
3.1104e+07,-496.999,2.83756e+06,1.49766e+11,-1.87851e+10
3.11076e+07,-536.905,2.83757e+06,1.49779e+11,-1.86792e+10
3.11112e+07,-576.586,2.83757e+06,1.49792e+11,-1.85733e+10
3.11148e+07,-616.042,2.83757e+06,1.49805e+11,-1.84674e+10
3.11184e+07,-655.273,2.83758e+06,1.49818e+11,-1.83615e+10
3.1122e+07,-694.279,2.83758e+06,1.49831e+11,-1.82555e+10
3.11256e+07,-733.059,2.83759e+06,1.49844e+11,-1.81496e+10
3.11292e+07,-771.615,2.83759e+06,1.49857e+11,-1.80436e+10
3.11328e+07,-809.946,2.83759e+06,1.4987e+11,-1.79377e+10
3.11364e+07,-848.052,2.8376e+06,1.49882e+11,-1.78317e+10
3.114e+07,-885.932,2.8376e+06,1.49895e+11,-1.77257e+10
3.11436e+07,-923.587,2.8376e+06,1.49908e+11,-1.76198e+10
3.11472e+07,-961.018,2.83761e+06,1.4992e+11,-1.75138e+10
3.11508e+07,-998.222,2.83761e+06,1.49932e+11,-1.74078e+10
3.11544e+07,-1035.2,2.83762e+06,1.49945e+11,-1.73018e+10
3.1158e+07,-1071.96,2.83762e+06,1.49957e+11,-1.71957e+10
3.11616e+07,-1108.49,2.83762e+06,1.49969e+11,-1.70897e+10
3.11652e+07,-1144.79,2.83763e+06,1.49981e+11,-1.69837e+10
3.11688e+07,-1180.87,2.83763e+06,1.49993e+11,-1.68776e+10
3.11724e+07,-1216.72,2.83763e+06,1.50005e+11,-1.67716e+10
3.1176e+07,-1252.35,2.83764e+06,1.50017e+11,-1.66655e+10
3.11796e+07,-1287.75,2.83764e+06,1.50029e+11,-1.65594e+10
3.11832e+07,-1322.93,2.83764e+06,1.50041e+11,-1.64534e+10
3.11868e+07,-1357.88,2.83765e+06,1.50052e+11,-1.63473e+10
3.11904e+07,-1392.61,2.83765e+06,1.50064e+11,-1.62412e+10
3.1194e+07,-1427.11,2.83765e+06,1.50075e+11,-1.61351e+10
3.11976e+07,-1461.39,2.83766e+06,1.50087e+11,-1.6029e+10
3.12012e+07,-1495.44,2.83766e+06,1.50098e+11,-1.59228e+10
3.12048e+07,-1529.26,2.83766e+06,1.50109e+11,-1.58167e+10
3.12084e+07,-1562.86,2.83767e+06,1.50121e+11,-1.57106e+10
3.1212e+07,-1596.24,2.83767e+06,1.50132e+11,-1.56044e+10
3.12156e+07,-1629.38,2.83767e+06,1.50143e+11,-1.54983e+10
3.12192e+07,-1662.31,2.83768e+06,1.50154e+11,-1.53921e+10
3.12228e+07,-1695.01,2.83768e+06,1.50165e+11,-1.52859e+10
3.12264e+07,-1727.48,2.83768e+06,1.50175e+11,-1.51798e+10
3.123e+07,-1759.72,2.83768e+06,1.50186e+11,-1.50736e+10
3.12336e+07,-1791.74,2.83769e+06,1.50197e+11,-1.49674e+10
3.12372e+07,-1823.54,2.83769e+06,1.50207e+11,-1.48612e+10
3.12408e+07,-1855.11,2.83769e+06,1.50218e+11,-1.4755e+10
3.12444e+07,-1886.45,2.8377e+06,1.50228e+11,-1.46488e+10
3.1248e+07,-1917.57,2.8377e+06,1.50239e+11,-1.45426e+10
3.12516e+07,-1948.46,2.8377e+06,1.50249e+11,-1.44363e+10
3.12552e+07,-1979.13,2.83771e+06,1.50259e+11,-1.43301e+10
3.12588e+07,-2009.57,2.83771e+06,1.50269e+11,-1.42238e+10
3.12624e+07,-2039.79,2.83771e+06,1.50279e+11,-1.41176e+10
3.1266e+07,-2069.78,2.83771e+06,1.50289e+11,-1.40113e+10
3.12696e+07,-2099.54,2.83772e+06,1.50299e+11,-1.39051e+10
3.12732e+07,-2129.08,2.83772e+06,1.50309e+11,-1.37988e+10
3.12768e+07,-2158.39,2.83772e+06,1.50319e+11,-1.36925e+10
3.12804e+07,-2187.48,2.83773e+06,1.50329e+11,-1.35862e+10
3.1284e+07,-2216.34,2.83773e+06,1.50338e+11,-1.348e+10
3.12876e+07,-2244.98,2.83773e+06,1.50348e+11,-1.33737e+10
3.12912e+07,-2273.38,2.83773e+06,1.50357e+11,-1.32674e+10
3.12948e+07,-2301.57,2.83774e+06,1.50367e+11,-1.3161e+10
3.12984e+07,-2329.53,2.83774e+06,1.50376e+11,-1.30547e+10
3.1302e+07,-2357.26,2.83774e+06,1.50385e+11,-1.29484e+10
3.13056e+07,-2384.76,2.83774e+06,1.50394e+11,-1.28421e+10
3.13092e+07,-2412.04,2.83775e+06,1.50403e+11,-1.27357e+10
3.13128e+07,-2439.1,2.83775e+06,1.50412e+11,-1.26294e+10
3.13164e+07,-2465.93,2.83775e+06,1.50421e+11,-1.2523e+10
3.132e+07,-2492.53,2.83775e+06,1.5043e+11,-1.24167e+10
3.13236e+07,-2518.9,2.83776e+06,1.50439e+11,-1.23103e+10
3.13272e+07,-2545.05,2.83776e+06,1.50448e+11,-1.22039e+10
3.13308e+07,-2570.98,2.83776e+06,1.50456e+11,-1.20976e+10
3.13344e+07,-2596.68,2.83776e+06,1.50465e+11,-1.19912e+10
3.1338e+07,-2622.15,2.83777e+06,1.50473e+11,-1.18848e+10
3.13416e+07,-2647.4,2.83777e+06,1.50482e+11,-1.17784e+10
3.13452e+07,-2672.42,2.83777e+06,1.5049e+11,-1.1672e+10
3.13488e+07,-2697.21,2.83777e+06,1.50498e+11,-1.15656e+10
3.13524e+07,-2721.78,2.83778e+06,1.50507e+11,-1.14592e+10
3.1356e+07,-2746.12,2.83778e+06,1.50515e+11,-1.13528e+10
3.13596e+07,-2770.24,2.83778e+06,1.50523e+11,-1.12463e+10
3.13632e+07,-2794.13,2.83778e+06,1.50531e+11,-1.11399e+10
3.13668e+07,-2817.79,2.83779e+06,1.50538e+11,-1.10335e+10
3.13704e+07,-2841.23,2.83779e+06,1.50546e+11,-1.0927e+10
3.1374e+07,-2864.44,2.83779e+06,1.50554e+11,-1.08206e+10
3.13776e+07,-2887.43,2.83779e+06,1.50562e+11,-1.07141e+10
3.13812e+07,-2910.19,2.8378e+06,1.50569e+11,-1.06077e+10
3.13848e+07,-2932.72,2.8378e+06,1.50577e+11,-1.05012e+10
3.13884e+07,-2955.03,2.8378e+06,1.50584e+11,-1.03948e+10
3.1392e+07,-2977.11,2.8378e+06,1.50592e+11,-1.02883e+10
3.13956e+07,-2998.96,2.8378e+06,1.50599e+11,-1.01818e+10
3.13992e+07,-3020.59,2.83781e+06,1.50606e+11,-1.00753e+10
3.14028e+07,-3041.99,2.83781e+06,1.50613e+11,-9.96884e+09
3.14064e+07,-3063.17,2.83781e+06,1.5062e+11,-9.86235e+09
3.141e+07,-3084.12,2.83781e+06,1.50627e+11,-9.75585e+09
3.14136e+07,-3104.84,2.83781e+06,1.50634e+11,-9.64935e+09
3.14172e+07,-3125.34,2.83782e+06,1.50641e+11,-9.54284e+09
3.14208e+07,-3145.61,2.83782e+06,1.50648e+11,-9.43633e+09
3.14244e+07,-3165.66,2.83782e+06,1.50654e+11,-9.32981e+09
3.1428e+07,-3185.47,2.83782e+06,1.50661e+11,-9.22329e+09
3.14316e+07,-3205.07,2.83783e+06,1.50667e+11,-9.11676e+09
3.14352e+07,-3224.43,2.83783e+06,1.50674e+11,-9.01023e+09
3.14388e+07,-3243.57,2.83783e+06,1.5068e+11,-8.90369e+09
3.14424e+07,-3262.49,2.83783e+06,1.50687e+11,-8.79715e+09
3.1446e+07,-3281.17,2.83783e+06,1.50693e+11,-8.69061e+09
3.14496e+07,-3299.63,2.83784e+06,1.50699e+11,-8.58406e+09
3.14532e+07,-3317.87,2.83784e+06,1.50705e+11,-8.47751e+09
3.14568e+07,-3335.88,2.83784e+06,1.50711e+11,-8.37095e+09
3.14604e+07,-3353.66,2.83784e+06,1.50717e+11,-8.26439e+09
3.1464e+07,-3371.21,2.83784e+06,1.50723e+11,-8.15782e+09
3.14676e+07,-3388.54,2.83785e+06,1.50729e+11,-8.05125e+09
3.14712e+07,-3405.64,2.83785e+06,1.50734e+11,-7.94467e+09
3.14748e+07,-3422.52,2.83785e+06,1.5074e+11,-7.8381e+09
3.14784e+07,-3439.17,2.83785e+06,1.50745e+11,-7.73151e+09
3.1482e+07,-3455.59,2.83785e+06,1.50751e+11,-7.62493e+09
3.14856e+07,-3471.79,2.83785e+06,1.50756e+11,-7.51834e+09
3.14892e+07,-3487.76,2.83786e+06,1.50762e+11,-7.41174e+09
3.14928e+07,-3503.5,2.83786e+06,1.50767e+11,-7.30514e+09
3.14964e+07,-3519.02,2.83786e+06,1.50772e+11,-7.19854e+09
3.15e+07,-3534.31,2.83786e+06,1.50777e+11,-7.09194e+09
3.15036e+07,-3549.38,2.83786e+06,1.50782e+11,-6.98533e+09
3.15072e+07,-3564.21,2.83787e+06,1.50787e+11,-6.87872e+09
3.15108e+07,-3578.83,2.83787e+06,1.50792e+11,-6.7721e+09
3.15144e+07,-3593.21,2.83787e+06,1.50797e+11,-6.66548e+09
3.1518e+07,-3607.37,2.83787e+06,1.50801e+11,-6.55886e+09
3.15216e+07,-3621.3,2.83787e+06,1.50806e+11,-6.45223e+09
3.15252e+07,-3635.01,2.83787e+06,1.50811e+11,-6.3456e+09
3.15288e+07,-3648.49,2.83788e+06,1.50815e+11,-6.23897e+09
3.15324e+07,-3661.74,2.83788e+06,1.5082e+11,-6.13234e+09
3.1536e+07,-3674.76,2.83788e+06,1.50824e+11,-6.0257e+09
3.15396e+07,-3687.56,2.83788e+06,1.50828e+11,-5.91906e+09
3.15432e+07,-3700.14,2.83788e+06,1.50832e+11,-5.81241e+09
3.15468e+07,-3712.48,2.83788e+06,1.50836e+11,-5.70576e+09
3.15504e+07,-3724.6,2.83789e+06,1.5084e+11,-5.59911e+09
3.1554e+07,-3736.5,2.83789e+06,1.50844e+11,-5.49246e+09
3.15576e+07,-3748.16,2.83789e+06,1.50848e+11,-5.3858e+09
